ISO-10303-21;
HEADER;
FILE_DESCRIPTION (( 'STEP AP214' ),
    '1' );
FILE_NAME ('LED导光.STEP',
    '2025-10-22T07:12:34',
    ( '' ),
    ( '' ),
    'SwSTEP 2.0',
    'SolidWorks 2023',
    '' );
FILE_SCHEMA (( 'AUTOMOTIVE_DESIGN' ));
ENDSEC;

DATA;
#1 = CARTESIAN_POINT ( 'NONE',  ( -7.500000000000000888, 0.000000000000000000, 4.400000000000000355 ) ) ;
#2 = UNCERTAINTY_MEASURE_WITH_UNIT (LENGTH_MEASURE( 1.000000000000000082E-05 ), #739, 'distance_accuracy_value', 'NONE');
#3 = LINE ( 'NONE', #662, #224 ) ;
#4 = ORIENTED_EDGE ( 'NONE', *, *, #1425, .F. ) ;
#5 = DIRECTION ( 'NONE',  ( 1.000000000000000000, 0.000000000000000000, 0.000000000000000000 ) ) ;
#6 = DIRECTION ( 'NONE',  ( 0.000000000000000000, 0.000000000000000000, -1.000000000000000000 ) ) ;
#7 = AXIS2_PLACEMENT_3D ( 'NONE', #98, #61, #734 ) ;
#8 =( NAMED_UNIT ( * ) SI_UNIT ( $, .STERADIAN. ) SOLID_ANGLE_UNIT ( ) );
#9 = EDGE_CURVE ( 'NONE', #161, #908, #698, .T. ) ;
#10 = LINE ( 'NONE', #659, #368 ) ;
#11 = PLANE ( 'NONE',  #1409 ) ;
#12 = DIRECTION ( 'NONE',  ( -0.000000000000000000, -0.000000000000000000, 1.000000000000000000 ) ) ;
#13 =( LENGTH_UNIT ( ) NAMED_UNIT ( * ) SI_UNIT ( .MILLI., .METRE. ) );
#14 = COLOUR_RGB ( '',0.01176470588235294101, 1.000000000000000000, 0.09411764705882352811 ) ;
#15 = ORIENTED_EDGE ( 'NONE', *, *, #2139, .T. ) ;
#16 = CARTESIAN_POINT ( 'NONE',  ( 4.500000000000000000, -1.999999999999999112, 1.000000000000000000 ) ) ;
#17 = LINE ( 'NONE', #675, #1511 ) ;
#18 = FACE_OUTER_BOUND ( 'NONE', #1040, .T. ) ;
#19 = DIRECTION ( 'NONE',  ( 0.000000000000000000, -1.000000000000000000, -0.000000000000000000 ) ) ;
#20 = EDGE_CURVE ( 'NONE', #877, #503, #863, .T. ) ;
#21 = CARTESIAN_POINT ( 'NONE',  ( -2.500000000000000444, 0.000000000000000000, 6.100000000000000533 ) ) ;
#22 = EDGE_CURVE ( 'NONE', #617, #1060, #1360, .T. ) ;
#23 = ORIENTED_EDGE ( 'NONE', *, *, #479, .F. ) ;
#24 = LINE ( 'NONE', #356, #1934 ) ;
#25 = VECTOR ( 'NONE', #1209, 1000.000000000000000 ) ;
#26 = CARTESIAN_POINT ( 'NONE',  ( -5.500000000000000888, -1.999999999999999112, 1.000000000000000000 ) ) ;
#27 = CARTESIAN_POINT ( 'NONE',  ( 0.4999999999999995559, 1.200000000000000178, 1.000000000000000000 ) ) ;
#28 = CARTESIAN_POINT ( 'NONE',  ( -0.5000000000000004441, -1.200000000000000178, 1.000000000000000000 ) ) ;
#29 = EDGE_CURVE ( 'NONE', #455, #1443, #1684, .T. ) ;
#30 = ADVANCED_FACE ( 'NONE', ( #1180 ), #1349, .T. ) ;
#31 = SURFACE_STYLE_USAGE ( .BOTH. , #1329 ) ;
#32 = LINE ( 'NONE', #407, #1907 ) ;
#33 = DIRECTION ( 'NONE',  ( 0.000000000000000000, -0.000000000000000000, 1.000000000000000000 ) ) ;
#34 = AXIS2_PLACEMENT_3D ( 'NONE', #1010, #1033, #1999 ) ;
#35 = AXIS2_PLACEMENT_3D ( 'NONE', #525, #1982, #2129 ) ;
#36 = CARTESIAN_POINT ( 'NONE',  ( 6.599999999999999645, -1.400000000000001243, 6.100000000000000533 ) ) ;
#37 = DIRECTION ( 'NONE',  ( -0.000000000000000000, -0.000000000000000000, 1.000000000000000000 ) ) ;
#38 =( LENGTH_UNIT ( ) NAMED_UNIT ( * ) SI_UNIT ( .MILLI., .METRE. ) );
#39 = ORIENTED_EDGE ( 'NONE', *, *, #1677, .T. ) ;
#40 = PRESENTATION_LAYER_ASSIGNMENT (  '', '', ( #2006 ) ) ;
#41 = ORIENTED_EDGE ( 'NONE', *, *, #1062, .T. ) ;
#42 = EDGE_CURVE ( 'NONE', #2048, #1047, #1029, .T. ) ;
#43 = CARTESIAN_POINT ( 'NONE',  ( 9.800000000000000711, -1.200000000000000178, 0.000000000000000000 ) ) ;
#44 = CARTESIAN_POINT ( 'NONE',  ( -9.800000000000000711, -2.000000000000000000, 4.400000000000000355 ) ) ;
#45 = CARTESIAN_POINT ( 'NONE',  ( 0.000000000000000000, 0.000000000000000000, 1.000000000000000000 ) ) ;
#46 = DIRECTION ( 'NONE',  ( 0.000000000000000000, 0.000000000000000000, 1.000000000000000000 ) ) ;
#47 = VECTOR ( 'NONE', #1054, 1000.000000000000000 ) ;
#48 = CARTESIAN_POINT ( 'NONE',  ( 3.249999999999999556, -1.200000000000000178, 1.000000000000000000 ) ) ;
#49 = AXIS2_PLACEMENT_3D ( 'NONE', #1272, #642, #462 ) ;
#50 = ORIENTED_EDGE ( 'NONE', *, *, #302, .T. ) ;
#51 = ORIENTED_EDGE ( 'NONE', *, *, #1915, .T. ) ;
#52 = VECTOR ( 'NONE', #677, 1000.000000000000000 ) ;
#53 = CARTESIAN_POINT ( 'NONE',  ( 8.249999999999998224, -1.200000000000000178, 1.000000000000000000 ) ) ;
#54 = EDGE_CURVE ( 'NONE', #102, #1751, #1635, .T. ) ;
#55 = CARTESIAN_POINT ( 'NONE',  ( -9.800000000000002487, 1.999999999999999112, 0.000000000000000000 ) ) ;
#56 = PRESENTATION_STYLE_ASSIGNMENT (( #704 ) ) ;
#57 = AXIS2_PLACEMENT_3D ( 'NONE', #1683, #1837, #999 ) ;
#58 = DIRECTION ( 'NONE',  ( 1.000000000000000000, 0.000000000000000000, 0.000000000000000000 ) ) ;
#59 = DIRECTION ( 'NONE',  ( -1.000000000000000000, 0.000000000000000000, 0.000000000000000000 ) ) ;
#60 = ORIENTED_EDGE ( 'NONE', *, *, #405, .T. ) ;
#61 = DIRECTION ( 'NONE',  ( -0.000000000000000000, 0.000000000000000000, 1.000000000000000000 ) ) ;
#62 = AXIS2_PLACEMENT_3D ( 'NONE', #1102, #1913, #1292 ) ;
#63 = ORIENTED_EDGE ( 'NONE', *, *, #182, .T. ) ;
#64 = EDGE_LOOP ( 'NONE', ( #2071, #1350, #2047, #1405, #119, #2018, #748, #1902 ) ) ;
#65 = DIRECTION ( 'NONE',  ( -1.000000000000000000, 0.000000000000000000, -0.000000000000000000 ) ) ;
#66 = CARTESIAN_POINT ( 'NONE',  ( -9.800000000000002487, 1.999999999999999112, 0.000000000000000000 ) ) ;
#67 = PLANE ( 'NONE',  #1817 ) ;
#68 = EDGE_CURVE ( 'NONE', #1860, #1047, #1310, .T. ) ;
#69 = AXIS2_PLACEMENT_3D ( 'NONE', #259, #1092, #1223 ) ;
#70 = CARTESIAN_POINT ( 'NONE',  ( -9.800000000000002487, 1.999999999999999112, 4.400000000000000355 ) ) ;
#71 = EDGE_LOOP ( 'NONE', ( #585, #2039, #2097, #1363 ) ) ;
#72 = ORIENTED_EDGE ( 'NONE', *, *, #1634, .T. ) ;
#73 = CARTESIAN_POINT ( 'NONE',  ( 9.799999999999998934, 1.200000000000000178, 0.000000000000000000 ) ) ;
#74 = ORIENTED_EDGE ( 'NONE', *, *, #1352, .T. ) ;
#75 = APPLICATION_CONTEXT ( 'automotive_design' ) ;
#76 = ORIENTED_EDGE ( 'NONE', *, *, #1481, .F. ) ;
#77 = FACE_OUTER_BOUND ( 'NONE', #1194, .T. ) ;
#78 = DIRECTION ( 'NONE',  ( -1.000000000000000000, 0.000000000000000000, 0.000000000000000000 ) ) ;
#79 = DIRECTION ( 'NONE',  ( 0.000000000000000000, 0.000000000000000000, 1.000000000000000000 ) ) ;
#80 = DIRECTION ( 'NONE',  ( 0.000000000000000000, 0.000000000000000000, 1.000000000000000000 ) ) ;
#81 = ORIENTED_EDGE ( 'NONE', *, *, #630, .F. ) ;
#82 = EDGE_CURVE ( 'NONE', #908, #1299, #1143, .T. ) ;
#83 = ORIENTED_EDGE ( 'NONE', *, *, #378, .T. ) ;
#84 = PLANE ( 'NONE',  #2034 ) ;
#85 = ADVANCED_FACE ( 'NONE', ( #1131 ), #1109, .T. ) ;
#86 = ORIENTED_EDGE ( 'NONE', *, *, #950, .F. ) ;
#87 = DIRECTION ( 'NONE',  ( -1.000000000000000000, -4.425314989736752389E-17, -0.000000000000000000 ) ) ;
#88 = EDGE_LOOP ( 'NONE', ( #271, #72, #1987, #1086 ) ) ;
#89 = MECHANICAL_DESIGN_GEOMETRIC_PRESENTATION_REPRESENTATION (  '', ( #1470 ), #709 ) ;
#90 = CARTESIAN_POINT ( 'NONE',  ( -6.750000000000000888, -1.999999999999999556, 1.000000000000000000 ) ) ;
#91 = CARTESIAN_POINT ( 'NONE',  ( -4.500000000000000888, -1.999999999999999112, 0.9000000000000002442 ) ) ;
#92 = DIRECTION ( 'NONE',  ( 1.000000000000000000, 0.000000000000000000, 0.000000000000000000 ) ) ;
#93 = VERTEX_POINT ( 'NONE', #1922 ) ;
#94 = VECTOR ( 'NONE', #1853, 1000.000000000000000 ) ;
#95 = ORIENTED_EDGE ( 'NONE', *, *, #1802, .T. ) ;
#96 = VECTOR ( 'NONE', #809, 1000.000000000000000 ) ;
#97 = EDGE_CURVE ( 'NONE', #110, #1694, #1958, .T. ) ;
#98 = CARTESIAN_POINT ( 'NONE',  ( 0.000000000000000000, 0.000000000000000000, 4.400000000000000355 ) ) ;
#99 = ORIENTED_EDGE ( 'NONE', *, *, #940, .T. ) ;
#100 = EDGE_CURVE ( 'NONE', #400, #1606, #1275, .T. ) ;
#101 =( NAMED_UNIT ( * ) PLANE_ANGLE_UNIT ( ) SI_UNIT ( $, .RADIAN. ) );
#102 = VERTEX_POINT ( 'NONE', #1758 ) ;
#103 = FACE_OUTER_BOUND ( 'NONE', #1214, .T. ) ;
#104 = PLANE ( 'NONE',  #1208 ) ;
#105 = DIRECTION ( 'NONE',  ( -1.204669080539448604E-16, -1.000000000000000000, 0.000000000000000000 ) ) ;
#106 = ORIENTED_EDGE ( 'NONE', *, *, #679, .T. ) ;
#107 = ORIENTED_EDGE ( 'NONE', *, *, #1226, .T. ) ;
#108 = CARTESIAN_POINT ( 'NONE',  ( -4.500000000000000888, 2.000000000000000000, 1.000000000000000888 ) ) ;
#109 = VECTOR ( 'NONE', #1501, 1000.000000000000000 ) ;
#110 = VERTEX_POINT ( 'NONE', #634 ) ;
#111 = FACE_OUTER_BOUND ( 'NONE', #1878, .T. ) ;
#112 = ADVANCED_FACE ( 'NONE', ( #780 ), #1937, .T. ) ;
#113 = CARTESIAN_POINT ( 'NONE',  ( 4.500000000000000000, -1.999999999999999112, 4.400000000000000355 ) ) ;
#114 = VECTOR ( 'NONE', #279, 1000.000000000000000 ) ;
#115 = ORIENTED_EDGE ( 'NONE', *, *, #1973, .F. ) ;
#116 = FILL_AREA_STYLE_COLOUR ( '', #1357 ) ;
#117 = LINE ( 'NONE', #91, #186 ) ;
#118 = DIRECTION ( 'NONE',  ( 1.000000000000000000, 0.000000000000000000, 0.000000000000000000 ) ) ;
#119 = ORIENTED_EDGE ( 'NONE', *, *, #1894, .T. ) ;
#120 = ORIENTED_EDGE ( 'NONE', *, *, #2033, .F. ) ;
#121 = CARTESIAN_POINT ( 'NONE',  ( 0.4999999999999995559, -1.200000000000000178, 0.9000000000000002442 ) ) ;
#122 = ORIENTED_EDGE ( 'NONE', *, *, #953, .T. ) ;
#123 = LINE ( 'NONE', #779, #1995 ) ;
#124 =( LENGTH_UNIT ( ) NAMED_UNIT ( * ) SI_UNIT ( .MILLI., .METRE. ) );
#125 = ORIENTED_EDGE ( 'NONE', *, *, #924, .F. ) ;
#126 = CARTESIAN_POINT ( 'NONE',  ( 6.599999999999999645, -1.400000000000001243, 6.100000000000000533 ) ) ;
#127 = ADVANCED_FACE ( 'NONE', ( #299, #795 ), #1770, .T. ) ;
#128 = ORIENTED_EDGE ( 'NONE', *, *, #217, .T. ) ;
#129 = DIRECTION ( 'NONE',  ( 0.000000000000000000, 1.000000000000000000, 0.000000000000000000 ) ) ;
#130 = PRODUCT_DEFINITION_FORMATION_WITH_SPECIFIED_SOURCE ( '浠', '', #515, .NOT_KNOWN. ) ;
#131 = ADVANCED_FACE ( 'NONE', ( #947, #465, #1288, #807, #2075 ), #608, .F. ) ;
#132 = ORIENTED_EDGE ( 'NONE', *, *, #143, .T. ) ;
#133 = CARTESIAN_POINT ( 'NONE',  ( -9.800000000000000711, -2.000000000000000000, 4.400000000000000355 ) ) ;
#134 = ORIENTED_EDGE ( 'NONE', *, *, #1238, .F. ) ;
#135 = CARTESIAN_POINT ( 'NONE',  ( 9.799999999999998934, 2.000000000000000000, 1.000000000000000888 ) ) ;
#136 = DIRECTION ( 'NONE',  ( 1.000000000000000000, 0.000000000000000000, 0.000000000000000000 ) ) ;
#137 = ORIENTED_EDGE ( 'NONE', *, *, #1832, .T. ) ;
#138 = CARTESIAN_POINT ( 'NONE',  ( 9.800000000000000711, -1.200000000000000178, 1.000000000000000888 ) ) ;
#139 = ORIENTED_EDGE ( 'NONE', *, *, #1213, .F. ) ;
#140 = CARTESIAN_POINT ( 'NONE',  ( 9.799999999999998934, 1.200000000000000178, 1.000000000000000888 ) ) ;
#141 = SURFACE_SIDE_STYLE ('',( #638 ) ) ;
#142 = CYLINDRICAL_SURFACE ( 'NONE', #1300, 0.8999999999999989120 ) ;
#143 = EDGE_CURVE ( 'NONE', #664, #1478, #288, .T. ) ;
#144 = ORIENTED_EDGE ( 'NONE', *, *, #790, .T. ) ;
#145 = CARTESIAN_POINT ( 'NONE',  ( 0.4999999999999995559, 1.999999999999999112, 4.400000000000000355 ) ) ;
#146 = VECTOR ( 'NONE', #837, 1000.000000000000000 ) ;
#147 = DIRECTION ( 'NONE',  ( -0.000000000000000000, 0.000000000000000000, 1.000000000000000000 ) ) ;
#148 = ORIENTED_EDGE ( 'NONE', *, *, #1381, .T. ) ;
#149 = DIRECTION ( 'NONE',  ( -0.000000000000000000, -0.000000000000000000, -1.000000000000000000 ) ) ;
#150 = SURFACE_STYLE_USAGE ( .BOTH. , #962 ) ;
#151 = STYLED_ITEM ( 'NONE', ( #1483 ), #2070 ) ;
#152 = CARTESIAN_POINT ( 'NONE',  ( 3.249999999999999556, -2.000000000000069278, 0.000000000000000000 ) ) ;
#153 = DIRECTION ( 'NONE',  ( 1.000000000000000000, 0.000000000000000000, -0.000000000000000000 ) ) ;
#154 = VECTOR ( 'NONE', #984, 1000.000000000000000 ) ;
#155 = LINE ( 'NONE', #494, #343 ) ;
#156 = ORIENTED_EDGE ( 'NONE', *, *, #378, .F. ) ;
#157 = PLANE ( 'NONE',  #435 ) ;
#158 = EDGE_CURVE ( 'NONE', #1382, #412, #1083, .T. ) ;
#159 = VECTOR ( 'NONE', #1744, 1000.000000000000000 ) ;
#160 = DIRECTION ( 'NONE',  ( 0.000000000000000000, 0.000000000000000000, 1.000000000000000000 ) ) ;
#161 = VERTEX_POINT ( 'NONE', #475 ) ;
#162 = CARTESIAN_POINT ( 'NONE',  ( 5.500000000000000000, 1.999999999999999112, 1.000000000000000000 ) ) ;
#163 = AXIS2_PLACEMENT_3D ( 'NONE', #859, #1507, #703 ) ;
#164 = VECTOR ( 'NONE', #1104, 1000.000000000000000 ) ;
#165 = CARTESIAN_POINT ( 'NONE',  ( 3.249999999999999556, -2.000000000000069278, 1.000000000000000000 ) ) ;
#166 = CARTESIAN_POINT ( 'NONE',  ( 0.4999999999999995559, 1.999999999999999112, 1.000000000000000000 ) ) ;
#167 = AXIS2_PLACEMENT_3D ( 'NONE', #1438, #129, #1280 ) ;
#168 = ORIENTED_EDGE ( 'NONE', *, *, #203, .F. ) ;
#169 = FILL_AREA_STYLE ('',( #2027 ) ) ;
#170 = AXIS2_PLACEMENT_3D ( 'NONE', #193, #1025, #1517 ) ;
#171 = ADVANCED_FACE ( 'NONE', ( #111 ), #768, .T. ) ;
#172 = CARTESIAN_POINT ( 'NONE',  ( -9.800000000000000711, -2.000000000000000000, 0.000000000000000000 ) ) ;
#173 = PRESENTATION_LAYER_ASSIGNMENT (  '', '', ( #2103 ) ) ;
#174 = LINE ( 'NONE', #1314, #1429 ) ;
#175 = CARTESIAN_POINT ( 'NONE',  ( 0.000000000000000000, 0.000000000000000000, 1.000000000000000000 ) ) ;
#176 = DIRECTION ( 'NONE',  ( 0.000000000000000000, -1.000000000000000000, -0.000000000000000000 ) ) ;
#177 = UNCERTAINTY_MEASURE_WITH_UNIT (LENGTH_MEASURE( 1.000000000000000082E-05 ), #1692, 'distance_accuracy_value', 'NONE');
#178 = DIRECTION ( 'NONE',  ( -1.000000000000000000, 0.000000000000000000, 0.000000000000000000 ) ) ;
#179 = ORIENTED_EDGE ( 'NONE', *, *, #501, .T. ) ;
#180 = DIRECTION ( 'NONE',  ( 0.000000000000000000, -1.000000000000000000, 0.000000000000000000 ) ) ;
#181 = VECTOR ( 'NONE', #1654, 1000.000000000000000 ) ;
#182 = EDGE_CURVE ( 'NONE', #1751, #1049, #1274, .T. ) ;
#183 = DIRECTION ( 'NONE',  ( 1.000000000000000000, 0.000000000000000000, 0.000000000000000000 ) ) ;
#184 =( NAMED_UNIT ( * ) SI_UNIT ( $, .STERADIAN. ) SOLID_ANGLE_UNIT ( ) );
#185 = PLANE ( 'NONE',  #878 ) ;
#186 = VECTOR ( 'NONE', #231, 1000.000000000000000 ) ;
#187 = VERTEX_POINT ( 'NONE', #632 ) ;
#188 = PRODUCT_DEFINITION_SHAPE ( 'NONE', 'NONE',  #1342 ) ;
#189 = CARTESIAN_POINT ( 'NONE',  ( -3.250000000000000444, 1.200000000000000178, 0.000000000000000000 ) ) ;
#190 = CARTESIAN_POINT ( 'NONE',  ( 6.599999999999999645, -1.400000000000001243, 4.400000000000000355 ) ) ;
#191 = EDGE_CURVE ( 'NONE', #1094, #1392, #1287, .T. ) ;
#192 = PLANE ( 'NONE',  #1858 ) ;
#193 = CARTESIAN_POINT ( 'NONE',  ( 8.400000000000000355, -1.400000000000001243, 6.100000000000000533 ) ) ;
#194 = ADVANCED_FACE ( 'NONE', ( #607 ), #1263, .F. ) ;
#195 =( NAMED_UNIT ( * ) PLANE_ANGLE_UNIT ( ) SI_UNIT ( $, .RADIAN. ) );
#196 = CARTESIAN_POINT ( 'NONE',  ( -1.600000000000000533, 1.102182119232618034E-16, 6.100000000000000533 ) ) ;
#197 = VECTOR ( 'NONE', #661, 1000.000000000000000 ) ;
#198 = AXIS2_PLACEMENT_3D ( 'NONE', #880, #1387, #1537 ) ;
#199 = PRESENTATION_STYLE_ASSIGNMENT (( #1184 ) ) ;
#200 = DIRECTION ( 'NONE',  ( 0.000000000000000000, 1.000000000000000000, 0.000000000000000000 ) ) ;
#201 = DIRECTION ( 'NONE',  ( 0.000000000000000000, 1.000000000000000000, 0.000000000000000000 ) ) ;
#202 = CARTESIAN_POINT ( 'NONE',  ( 9.800000000000000711, -1.200000000000000178, 20.61631973638276705 ) ) ;
#203 = EDGE_CURVE ( 'NONE', #216, #1478, #1947, .T. ) ;
#204 = CARTESIAN_POINT ( 'NONE',  ( -9.800000000000000711, -2.000000000000000000, 4.400000000000000355 ) ) ;
#205 = ORIENTED_EDGE ( 'NONE', *, *, #1515, .T. ) ;
#206 = VERTEX_POINT ( 'NONE', #451 ) ;
#207 = CARTESIAN_POINT ( 'NONE',  ( -6.750000000000000888, -1.999999999999999556, 1.000000000000000000 ) ) ;
#208 = DIRECTION ( 'NONE',  ( 0.000000000000000000, 0.000000000000000000, -1.000000000000000000 ) ) ;
#209 = AXIS2_PLACEMENT_3D ( 'NONE', #165, #1827, #676 ) ;
#210 = DIRECTION ( 'NONE',  ( -0.000000000000000000, -0.000000000000000000, -1.000000000000000000 ) ) ;
#211 = PLANE ( 'NONE',  #1920 ) ;
#212 = CARTESIAN_POINT ( 'NONE',  ( 0.000000000000000000, 1.200000000000000178, 0.9000000000000002442 ) ) ;
#213 = EDGE_CURVE ( 'NONE', #873, #1850, #1596, .T. ) ;
#214 =( GEOMETRIC_REPRESENTATION_CONTEXT ( 3 ) GLOBAL_UNCERTAINTY_ASSIGNED_CONTEXT ( ( #485 ) ) GLOBAL_UNIT_ASSIGNED_CONTEXT ( ( #1125, #1304, #1463 ) ) REPRESENTATION_CONTEXT ( 'NONE', 'WORKASPACE' ) );
#215 = ORIENTED_EDGE ( 'NONE', *, *, #854, .F. ) ;
#216 = VERTEX_POINT ( 'NONE', #1446 ) ;
#217 = EDGE_CURVE ( 'NONE', #394, #424, #123, .T. ) ;
#218 = VECTOR ( 'NONE', #498, 1000.000000000000000 ) ;
#219 = CARTESIAN_POINT ( 'NONE',  ( 0.4999999999999995559, -1.999999999999999112, 0.9000000000000002442 ) ) ;
#220 = CARTESIAN_POINT ( 'NONE',  ( -3.250000000000000444, -1.200000000000000178, 1.000000000000000000 ) ) ;
#221 = LINE ( 'NONE', #519, #391 ) ;
#222 = CARTESIAN_POINT ( 'NONE',  ( 4.500000000000000000, -1.200000000000000178, 0.9000000000000002442 ) ) ;
#223 = VERTEX_POINT ( 'NONE', #1433 ) ;
#224 = VECTOR ( 'NONE', #1318, 1000.000000000000000 ) ;
#225 = VERTEX_POINT ( 'NONE', #2110 ) ;
#226 = VERTEX_POINT ( 'NONE', #2099 ) ;
#227 = EDGE_CURVE ( 'NONE', #1390, #1831, #946, .T. ) ;
#228 = CYLINDRICAL_SURFACE ( 'NONE', #198, 0.8999999999999998002 ) ;
#229 = DIRECTION ( 'NONE',  ( 4.336808689942018722E-16, -1.000000000000000000, 0.000000000000000000 ) ) ;
#230 = CARTESIAN_POINT ( 'NONE',  ( 0.000000000000000000, 0.000000000000000000, 1.000000000000000000 ) ) ;
#231 = DIRECTION ( 'NONE',  ( -0.000000000000000000, -0.000000000000000000, 1.000000000000000000 ) ) ;
#232 = DIRECTION ( 'NONE',  ( -0.000000000000000000, -1.000000000000000000, -0.000000000000000000 ) ) ;
#233 = ORIENTED_EDGE ( 'NONE', *, *, #895, .T. ) ;
#234 = ORIENTED_EDGE ( 'NONE', *, *, #1325, .F. ) ;
#235 = FACE_OUTER_BOUND ( 'NONE', #742, .T. ) ;
#236 = VECTOR ( 'NONE', #1590, 1000.000000000000000 ) ;
#237 = ORIENTED_EDGE ( 'NONE', *, *, #1226, .F. ) ;
#238 = ORIENTED_EDGE ( 'NONE', *, *, #1998, .F. ) ;
#239 = PLANE ( 'NONE',  #804 ) ;
#240 = ADVANCED_FACE ( 'NONE', ( #1769 ), #474, .F. ) ;
#241 = FACE_OUTER_BOUND ( 'NONE', #489, .T. ) ;
#242 = CARTESIAN_POINT ( 'NONE',  ( -4.500000000000000888, -1.999999999999999112, 0.9000000000000002442 ) ) ;
#243 = LINE ( 'NONE', #2045, #933 ) ;
#244 = FACE_OUTER_BOUND ( 'NONE', #1398, .T. ) ;
#245 = VECTOR ( 'NONE', #1205, 1000.000000000000000 ) ;
#246 = ORIENTED_EDGE ( 'NONE', *, *, #1325, .T. ) ;
#247 = ORIENTED_EDGE ( 'NONE', *, *, #584, .T. ) ;
#248 = PLANE ( 'NONE',  #1547 ) ;
#249 = ORIENTED_EDGE ( 'NONE', *, *, #1786, .F. ) ;
#250 = VECTOR ( 'NONE', #305, 1000.000000000000000 ) ;
#251 = DIRECTION ( 'NONE',  ( -0.000000000000000000, -0.000000000000000000, 1.000000000000000000 ) ) ;
#252 = CARTESIAN_POINT ( 'NONE',  ( 9.800000000000000711, -1.200000000000000178, 0.000000000000000000 ) ) ;
#253 = EDGE_CURVE ( 'NONE', #1252, #1933, #1413, .T. ) ;
#254 = DIRECTION ( 'NONE',  ( 0.000000000000000000, 1.000000000000000000, 0.000000000000000000 ) ) ;
#255 = ORIENTED_EDGE ( 'NONE', *, *, #1755, .F. ) ;
#256 = ADVANCED_FACE ( 'NONE', ( #639 ), #1764, .T. ) ;
#257 = ORIENTED_EDGE ( 'NONE', *, *, #42, .T. ) ;
#258 = VECTOR ( 'NONE', #1206, 1000.000000000000000 ) ;
#259 = CARTESIAN_POINT ( 'NONE',  ( 9.799999999999998934, 1.200000000000000178, 20.61631973638276705 ) ) ;
#260 = ORIENTED_EDGE ( 'NONE', *, *, #1442, .F. ) ;
#261 = VECTOR ( 'NONE', #1918, 1000.000000000000000 ) ;
#262 = AXIS2_PLACEMENT_3D ( 'NONE', #692, #1166, #839 ) ;
#263 = LINE ( 'NONE', #1711, #1140 ) ;
#264 = VERTEX_POINT ( 'NONE', #482 ) ;
#265 = COLOUR_RGB ( '',1.000000000000000000, 0.000000000000000000, 0.000000000000000000 ) ;
#266 = DIRECTION ( 'NONE',  ( 0.000000000000000000, 0.000000000000000000, 1.000000000000000000 ) ) ;
#267 = DIRECTION ( 'NONE',  ( -1.000000000000000000, 0.000000000000000000, 0.000000000000000000 ) ) ;
#268 = PLANE ( 'NONE',  #349 ) ;
#269 = ORIENTED_EDGE ( 'NONE', *, *, #22, .F. ) ;
#270 = COLOUR_RGB ( '',1.000000000000000000, 0.000000000000000000, 0.000000000000000000 ) ;
#271 = ORIENTED_EDGE ( 'NONE', *, *, #1883, .T. ) ;
#272 = VECTOR ( 'NONE', #1773, 1000.000000000000000 ) ;
#273 = CARTESIAN_POINT ( 'NONE',  ( 2.499999999999999556, 0.000000000000000000, 6.100000000000000533 ) ) ;
#274 = EDGE_CURVE ( 'NONE', #1414, #400, #942, .T. ) ;
#275 = ORIENTED_EDGE ( 'NONE', *, *, #936, .T. ) ;
#276 = CARTESIAN_POINT ( 'NONE',  ( 1.749999999999999778, -1.200000000000000178, 0.000000000000000000 ) ) ;
#277 = VERTEX_POINT ( 'NONE', #955 ) ;
#278 = SURFACE_SIDE_STYLE ('',( #2066 ) ) ;
#279 = DIRECTION ( 'NONE',  ( -0.000000000000000000, 0.000000000000000000, 1.000000000000000000 ) ) ;
#280 = FACE_OUTER_BOUND ( 'NONE', #992, .T. ) ;
#281 = ORIENTED_EDGE ( 'NONE', *, *, #1457, .F. ) ;
#282 = ORIENTED_EDGE ( 'NONE', *, *, #290, .F. ) ;
#283 = AXIS2_PLACEMENT_3D ( 'NONE', #1328, #6, #513 ) ;
#284 = PLANE ( 'NONE',  #991 ) ;
#285 = ORIENTED_EDGE ( 'NONE', *, *, #253, .T. ) ;
#286 = ADVANCED_FACE ( 'NONE', ( #1256 ), #268, .F. ) ;
#287 = CARTESIAN_POINT ( 'NONE',  ( 4.500000000000000000, -1.999999999999999112, 0.9000000000000002442 ) ) ;
#288 = LINE ( 'NONE', #1583, #993 ) ;
#289 = ORIENTED_EDGE ( 'NONE', *, *, #2063, .T. ) ;
#290 = EDGE_CURVE ( 'NONE', #1831, #206, #1736, .T. ) ;
#291 = CARTESIAN_POINT ( 'NONE',  ( 9.799999999999998934, 1.200000000000000178, 1.000000000000000888 ) ) ;
#292 = AXIS2_PLACEMENT_3D ( 'NONE', #1495, #1199, #361 ) ;
#293 = ORIENTED_EDGE ( 'NONE', *, *, #1344, .F. ) ;
#294 = CARTESIAN_POINT ( 'NONE',  ( 0.4999999999999995559, -1.999999999999999112, 0.9000000000000002442 ) ) ;
#295 = ORIENTED_EDGE ( 'NONE', *, *, #274, .F. ) ;
#296 = LINE ( 'NONE', #331, #1732 ) ;
#297 = ORIENTED_EDGE ( 'NONE', *, *, #616, .F. ) ;
#298 = DIRECTION ( 'NONE',  ( 0.000000000000000000, -1.000000000000000000, 0.000000000000000000 ) ) ;
#299 = FACE_OUTER_BOUND ( 'NONE', #1822, .T. ) ;
#300 = ORIENTED_EDGE ( 'NONE', *, *, #1064, .F. ) ;
#301 = DIRECTION ( 'NONE',  ( -0.000000000000000000, -1.000000000000000000, -0.000000000000000000 ) ) ;
#302 = EDGE_CURVE ( 'NONE', #1392, #1299, #761, .T. ) ;
#303 = ORIENTED_EDGE ( 'NONE', *, *, #854, .T. ) ;
#304 = PRESENTATION_STYLE_ASSIGNMENT (( #150 ) ) ;
#305 = DIRECTION ( 'NONE',  ( -0.000000000000000000, -0.000000000000000000, -1.000000000000000000 ) ) ;
#306 = CARTESIAN_POINT ( 'NONE',  ( 6.599999999999999645, 1.399999999999998579, 6.100000000000000533 ) ) ;
#307 = LINE ( 'NONE', #1943, #1155 ) ;
#308 = ORIENTED_EDGE ( 'NONE', *, *, #1973, .T. ) ;
#309 = DIRECTION ( 'NONE',  ( 0.000000000000000000, -0.000000000000000000, 1.000000000000000000 ) ) ;
#310 = CARTESIAN_POINT ( 'NONE',  ( 9.800000000000000711, -1.200000000000000178, 1.000000000000000888 ) ) ;
#311 = FILL_AREA_STYLE ('',( #488 ) ) ;
#312 = VERTEX_POINT ( 'NONE', #1901 ) ;
#313 = DIRECTION ( 'NONE',  ( -0.000000000000000000, -0.000000000000000000, -1.000000000000000000 ) ) ;
#314 = FILL_AREA_STYLE ('',( #1291 ) ) ;
#315 = EDGE_CURVE ( 'NONE', #225, #1327, #1586, .T. ) ;
#316 = CARTESIAN_POINT ( 'NONE',  ( -3.250000000000000444, -1.200000000000000178, 1.000000000000000000 ) ) ;
#317 = CARTESIAN_POINT ( 'NONE',  ( 0.000000000000000000, -1.200000000000000178, 0.9000000000000002442 ) ) ;
#318 = CARTESIAN_POINT ( 'NONE',  ( 6.599999999999999645, -1.400000000000001243, 4.400000000000000355 ) ) ;
#319 = ORIENTED_EDGE ( 'NONE', *, *, #801, .T. ) ;
#320 = LINE ( 'NONE', #133, #164 ) ;
#321 = PRESENTATION_LAYER_ASSIGNMENT (  '', '', ( #1236 ) ) ;
#322 = AXIS2_PLACEMENT_3D ( 'NONE', #1628, #1790, #1818 ) ;
#323 = CARTESIAN_POINT ( 'NONE',  ( 9.799999999999998934, 1.200000000000000178, 1.000000000000000888 ) ) ;
#324 = ORIENTED_EDGE ( 'NONE', *, *, #522, .T. ) ;
#325 = CARTESIAN_POINT ( 'NONE',  ( -8.250000000000000000, 1.200000000000000178, 1.000000000000000000 ) ) ;
#326 = VECTOR ( 'NONE', #810, 1000.000000000000000 ) ;
#327 = DIRECTION ( 'NONE',  ( 0.000000000000000000, 1.000000000000000000, 0.000000000000000000 ) ) ;
#328 = VECTOR ( 'NONE', #855, 1000.000000000000000 ) ;
#329 = DIRECTION ( 'NONE',  ( 1.000000000000000000, -0.000000000000000000, -0.000000000000000000 ) ) ;
#330 = VERTEX_POINT ( 'NONE', #1282 ) ;
#331 = CARTESIAN_POINT ( 'NONE',  ( -9.800000000000002487, 1.999999999999999112, 4.400000000000000355 ) ) ;
#332 = ADVANCED_BREP_SHAPE_REPRESENTATION ( 'LED\X2\5bfc5149\X0\', ( #2070, #262 ), #1698 ) ;
#333 = EDGE_CURVE ( 'NONE', #1914, #550, #1453, .T. ) ;
#334 = AXIS2_PLACEMENT_3D ( 'NONE', #1608, #1249, #437 ) ;
#335 = ORIENTED_EDGE ( 'NONE', *, *, #1872, .T. ) ;
#336 = CARTESIAN_POINT ( 'NONE',  ( -5.500000000000000888, 1.200000000000000178, 0.9000000000000002442 ) ) ;
#337 = FACE_OUTER_BOUND ( 'NONE', #913, .T. ) ;
#338 = VECTOR ( 'NONE', #1671, 1000.000000000000000 ) ;
#339 = VECTOR ( 'NONE', #791, 1000.000000000000000 ) ;
#340 = FILL_AREA_STYLE_COLOUR ( '', #527 ) ;
#341 = VECTOR ( 'NONE', #800, 1000.000000000000000 ) ;
#342 = LINE ( 'NONE', #1504, #444 ) ;
#343 = VECTOR ( 'NONE', #1293, 1000.000000000000000 ) ;
#344 = EDGE_CURVE ( 'NONE', #459, #1110, #497, .T. ) ;
#345 = EDGE_LOOP ( 'NONE', ( #1370, #1575, #2081, #1906, #551, #1896, #541, #2005 ) ) ;
#346 = VECTOR ( 'NONE', #232, 1000.000000000000000 ) ;
#347 = DIRECTION ( 'NONE',  ( 0.000000000000000000, 1.000000000000000000, 0.000000000000000000 ) ) ;
#348 = DIRECTION ( 'NONE',  ( 0.000000000000000000, 0.000000000000000000, -1.000000000000000000 ) ) ;
#349 = AXIS2_PLACEMENT_3D ( 'NONE', #306, #105, #429 ) ;
#350 = LINE ( 'NONE', #500, #1032 ) ;
#351 = SURFACE_STYLE_USAGE ( .BOTH. , #1639 ) ;
#352 = UNCERTAINTY_MEASURE_WITH_UNIT (LENGTH_MEASURE( 1.000000000000000082E-05 ), #1963, 'distance_accuracy_value', 'NONE');
#353 = LINE ( 'NONE', #1985, #615 ) ;
#354 = ORIENTED_EDGE ( 'NONE', *, *, #829, .F. ) ;
#355 = ADVANCED_FACE ( 'NONE', ( #280 ), #774, .T. ) ;
#356 = CARTESIAN_POINT ( 'NONE',  ( 1.749999999999999778, -2.000000000000069278, 1.000000000000000000 ) ) ;
#357 = AXIS2_PLACEMENT_3D ( 'NONE', #273, #1719, #1212 ) ;
#358 = ADVANCED_FACE ( 'NONE', ( #18 ), #1658, .F. ) ;
#359 = LINE ( 'NONE', #1330, #970 ) ;
#360 = LINE ( 'NONE', #1508, #1361 ) ;
#361 = DIRECTION ( 'NONE',  ( 1.000000000000000000, 0.000000000000000000, 0.000000000000000000 ) ) ;
#362 = CARTESIAN_POINT ( 'NONE',  ( -3.250000000000000444, 1.200000000000000178, 1.000000000000000000 ) ) ;
#363 = ORIENTED_EDGE ( 'NONE', *, *, #1894, .F. ) ;
#364 = FILL_AREA_STYLE ('',( #385 ) ) ;
#365 = VECTOR ( 'NONE', #2086, 1000.000000000000000 ) ;
#366 = EDGE_CURVE ( 'NONE', #939, #161, #359, .T. ) ;
#367 = DIRECTION ( 'NONE',  ( -4.336808689942017736E-16, 1.000000000000000000, -0.000000000000000000 ) ) ;
#369 = DIRECTION ( 'NONE',  ( 1.000000000000000000, 0.000000000000000000, 0.000000000000000000 ) ) ;
#368 = VECTOR ( 'NONE', #975, 1000.000000000000000 ) ;
#370 = LINE ( 'NONE', #848, #788 ) ;
#371 = VECTOR ( 'NONE', #369, 1000.000000000000000 ) ;
#372 = ORIENTED_EDGE ( 'NONE', *, *, #100, .F. ) ;
#373 = ORIENTED_EDGE ( 'NONE', *, *, #838, .F. ) ;
#374 = VECTOR ( 'NONE', #707, 1000.000000000000000 ) ;
#375 = VECTOR ( 'NONE', #301, 1000.000000000000000 ) ;
#376 = DIRECTION ( 'NONE',  ( 0.000000000000000000, 0.000000000000000000, -1.000000000000000000 ) ) ;
#377 = FILL_AREA_STYLE ('',( #1502 ) ) ;
#378 = EDGE_CURVE ( 'NONE', #394, #783, #1991, .T. ) ;
#379 = DIRECTION ( 'NONE',  ( 0.000000000000000000, 1.000000000000000000, 0.000000000000000000 ) ) ;
#380 = FACE_BOUND ( 'NONE', #1239, .T. ) ;
#381 = CARTESIAN_POINT ( 'NONE',  ( -0.5000000000000004441, -1.999999999999999112, 1.000000000000000000 ) ) ;
#382 = ADVANCED_FACE ( 'NONE', ( #650 ), #11, .F. ) ;
#383 = ORIENTED_EDGE ( 'NONE', *, *, #1335, .T. ) ;
#384 = ORIENTED_EDGE ( 'NONE', *, *, #1185, .F. ) ;
#385 = FILL_AREA_STYLE_COLOUR ( '', #1626 ) ;
#386 = FACE_OUTER_BOUND ( 'NONE', #345, .T. ) ;
#387 = CARTESIAN_POINT ( 'NONE',  ( 9.800000000000000711, -1.200000000000000178, 20.61631973638276705 ) ) ;
#388 = VECTOR ( 'NONE', #976, 1000.000000000000000 ) ;
#389 = CARTESIAN_POINT ( 'NONE',  ( 9.800000000000000711, -1.200000000000000178, 20.61631973638276705 ) ) ;
#390 = DIRECTION ( 'NONE',  ( 1.000000000000000000, -0.000000000000000000, -0.000000000000000000 ) ) ;
#391 = VECTOR ( 'NONE', #1529, 1000.000000000000000 ) ;
#392 = ADVANCED_FACE ( 'NONE', ( #517 ), #1135, .T. ) ;
#393 = ORIENTED_EDGE ( 'NONE', *, *, #827, .F. ) ;
#394 = VERTEX_POINT ( 'NONE', #669 ) ;
#395 = DIRECTION ( 'NONE',  ( 0.000000000000000000, 0.000000000000000000, -1.000000000000000000 ) ) ;
#396 = FACE_OUTER_BOUND ( 'NONE', #590, .T. ) ;
#397 = PLANE ( 'NONE',  #512 ) ;
#398 = LINE ( 'NONE', #1038, #1990 ) ;
#399 = ORIENTED_EDGE ( 'NONE', *, *, #476, .T. ) ;
#400 = VERTEX_POINT ( 'NONE', #988 ) ;
#401 = CARTESIAN_POINT ( 'NONE',  ( -0.5000000000000004441, 1.200000000000000178, 1.000000000000000000 ) ) ;
#402 = ORIENTED_EDGE ( 'NONE', *, *, #1227, .T. ) ;
#403 = ORIENTED_EDGE ( 'NONE', *, *, #866, .T. ) ;
#404 = EDGE_CURVE ( 'NONE', #1261, #939, #1485, .T. ) ;
#405 = EDGE_CURVE ( 'NONE', #1563, #1066, #1315, .T. ) ;
#406 = DIRECTION ( 'NONE',  ( 1.000000000000000000, 0.000000000000000000, 0.000000000000000000 ) ) ;
#407 = CARTESIAN_POINT ( 'NONE',  ( 1.749999999999999778, -1.200000000000000178, 1.000000000000000000 ) ) ;
#408 = CIRCLE ( 'NONE', #2134, 0.8999999999999998002 ) ;
#409 = DIRECTION ( 'NONE',  ( 0.000000000000000000, 0.000000000000000000, -1.000000000000000000 ) ) ;
#410 = FACE_OUTER_BOUND ( 'NONE', #434, .T. ) ;
#411 = EDGE_LOOP ( 'NONE', ( #1560, #1380, #736, #1661 ) ) ;
#412 = VERTEX_POINT ( 'NONE', #964 ) ;
#413 = CARTESIAN_POINT ( 'NONE',  ( -5.500000000000000888, 1.999999999999999112, 4.400000000000000355 ) ) ;
#414 = ORIENTED_EDGE ( 'NONE', *, *, #1469, .F. ) ;
#415 = FACE_OUTER_BOUND ( 'NONE', #1466, .T. ) ;
#416 = ADVANCED_FACE ( 'NONE', ( #1323 ), #1306, .T. ) ;
#417 = DIRECTION ( 'NONE',  ( -1.000000000000000000, 0.000000000000000000, 0.000000000000000000 ) ) ;
#418 = CARTESIAN_POINT ( 'NONE',  ( 6.749999999999999112, -1.200000000000000178, 1.000000000000000000 ) ) ;
#419 = AXIS2_PLACEMENT_3D ( 'NONE', #1482, #996, #348 ) ;
#420 = ORIENTED_EDGE ( 'NONE', *, *, #1752, .T. ) ;
#421 = ORIENTED_EDGE ( 'NONE', *, *, #1629, .F. ) ;
#422 = CARTESIAN_POINT ( 'NONE',  ( 0.4999999999999995559, -1.200000000000000178, 0.9000000000000002442 ) ) ;
#423 = ORIENTED_EDGE ( 'NONE', *, *, #1093, .F. ) ;
#424 = VERTEX_POINT ( 'NONE', #1800 ) ;
#425 = DIRECTION ( 'NONE',  ( 1.000000000000000000, 0.000000000000000000, 0.000000000000000000 ) ) ;
#426 = EDGE_CURVE ( 'NONE', #277, #455, #1475, .T. ) ;
#427 = COLOUR_RGB ( '',0.1176470588235294101, 0.8196078431372548767, 1.000000000000000000 ) ;
#428 = FACE_OUTER_BOUND ( 'NONE', #2057, .T. ) ;
#429 = DIRECTION ( 'NONE',  ( 1.000000000000000000, -1.204669080539448604E-16, 0.000000000000000000 ) ) ;
#430 = VERTEX_POINT ( 'NONE', #1974 ) ;
#431 = EDGE_LOOP ( 'NONE', ( #627, #449, #233, #300 ) ) ;
#432 =( GEOMETRIC_REPRESENTATION_CONTEXT ( 3 ) GLOBAL_UNCERTAINTY_ASSIGNED_CONTEXT ( ( #1829 ) ) GLOBAL_UNIT_ASSIGNED_CONTEXT ( ( #1338, #1989, #1816 ) ) REPRESENTATION_CONTEXT ( 'NONE', 'WORKASPACE' ) );
#433 = DIRECTION ( 'NONE',  ( 1.000000000000000000, 0.000000000000000000, 0.000000000000000000 ) ) ;
#434 = EDGE_LOOP ( 'NONE', ( #1881, #2082, #2051, #1591, #605, #937, #1231, #758, #156, #393, #972, #792, #570, #967, #443, #1720 ) ) ;
#435 = AXIS2_PLACEMENT_3D ( 'NONE', #1945, #1150, #309 ) ;
#436 = VECTOR ( 'NONE', #327, 1000.000000000000000 ) ;
#437 = DIRECTION ( 'NONE',  ( 1.000000000000000000, 0.000000000000000000, 0.000000000000000000 ) ) ;
#438 =( NAMED_UNIT ( * ) SI_UNIT ( $, .STERADIAN. ) SOLID_ANGLE_UNIT ( ) );
#439 = VERTEX_POINT ( 'NONE', #1665 ) ;
#440 = PRESENTATION_LAYER_ASSIGNMENT (  '', '', ( #1470 ) ) ;
#441 = CARTESIAN_POINT ( 'NONE',  ( -6.750000000000000888, -1.200000000000000178, 1.000000000000000000 ) ) ;
#442 = LINE ( 'NONE', #1055, #1244 ) ;
#443 = ORIENTED_EDGE ( 'NONE', *, *, #1775, .F. ) ;
#444 = VECTOR ( 'NONE', #1848, 1000.000000000000000 ) ;
#445 = EDGE_CURVE ( 'NONE', #887, #110, #350, .T. ) ;
#446 = ORIENTED_EDGE ( 'NONE', *, *, #97, .F. ) ;
#447 = CARTESIAN_POINT ( 'NONE',  ( 1.599999999999999645, 0.000000000000000000, 4.400000000000000355 ) ) ;
#448 = ADVANCED_FACE ( 'NONE', ( #1808 ), #192, .F. ) ;
#449 = ORIENTED_EDGE ( 'NONE', *, *, #912, .F. ) ;
#450 = VECTOR ( 'NONE', #934, 1000.000000000000000 ) ;
#451 = CARTESIAN_POINT ( 'NONE',  ( 0.4999999999999995559, -1.999999999999999112, 4.400000000000000355 ) ) ;
#452 = PRESENTATION_STYLE_ASSIGNMENT (( #622 ) ) ;
#453 = VERTEX_POINT ( 'NONE', #846 ) ;
#454 = CARTESIAN_POINT ( 'NONE',  ( 0.4999999999999995559, -1.999999999999999112, 1.000000000000000000 ) ) ;
#455 = VERTEX_POINT ( 'NONE', #26 ) ;
#456 = PLANE ( 'NONE',  #956 ) ;
#457 = FACE_OUTER_BOUND ( 'NONE', #1866, .T. ) ;
#458 = PRESENTATION_STYLE_ASSIGNMENT (( #1269 ) ) ;
#459 = VERTEX_POINT ( 'NONE', #683 ) ;
#460 = AXIS2_PLACEMENT_3D ( 'NONE', #949, #1449, #636 ) ;
#461 = EDGE_CURVE ( 'NONE', #1373, #1210, #1346, .T. ) ;
#462 = DIRECTION ( 'NONE',  ( 0.000000000000000000, -0.000000000000000000, 1.000000000000000000 ) ) ;
#463 = EDGE_LOOP ( 'NONE', ( #1612, #275, #1792, #234 ) ) ;
#464 = DIRECTION ( 'NONE',  ( -1.000000000000000000, 0.000000000000000000, 0.000000000000000000 ) ) ;
#465 = FACE_BOUND ( 'NONE', #1919, .T. ) ;
#466 = ORIENTED_EDGE ( 'NONE', *, *, #1962, .F. ) ;
#467 = CARTESIAN_POINT ( 'NONE',  ( -5.500000000000000888, 1.200000000000000178, 0.9000000000000002442 ) ) ;
#468 = EDGE_LOOP ( 'NONE', ( #1917, #1245, #1556, #1768 ) ) ;
#469 = CARTESIAN_POINT ( 'NONE',  ( 6.599999999999999645, 1.399999999999998579, 6.100000000000000533 ) ) ;
#470 = FILL_AREA_STYLE ('',( #1127 ) ) ;
#471 =( NAMED_UNIT ( * ) SI_UNIT ( $, .STERADIAN. ) SOLID_ANGLE_UNIT ( ) );
#472 = ORIENTED_EDGE ( 'NONE', *, *, #1298, .F. ) ;
#473 = LINE ( 'NONE', #2122, #985 ) ;
#474 = PLANE ( 'NONE',  #516 ) ;
#475 = CARTESIAN_POINT ( 'NONE',  ( -4.500000000000000888, 1.200000000000000178, 0.9000000000000002442 ) ) ;
#476 = EDGE_CURVE ( 'NONE', #1850, #789, #850, .T. ) ;
#477 = ORIENTED_EDGE ( 'NONE', *, *, #881, .T. ) ;
#478 = CARTESIAN_POINT ( 'NONE',  ( 6.749999999999999112, -1.200000000000000178, 1.000000000000000000 ) ) ;
#479 = EDGE_CURVE ( 'NONE', #1390, #1060, #1419, .T. ) ;
#480 = PLANE ( 'NONE',  #167 ) ;
#481 = AXIS2_PLACEMENT_3D ( 'NONE', #1486, #176, #507 ) ;
#482 = CARTESIAN_POINT ( 'NONE',  ( 5.500000000000000000, 1.200000000000000178, 1.000000000000000000 ) ) ;
#483 = DIRECTION ( 'NONE',  ( -1.000000000000000000, 0.000000000000000000, 0.000000000000000000 ) ) ;
#484 = ORIENTED_EDGE ( 'NONE', *, *, #1741, .T. ) ;
#485 = UNCERTAINTY_MEASURE_WITH_UNIT (LENGTH_MEASURE( 1.000000000000000082E-05 ), #1125, 'distance_accuracy_value', 'NONE');
#486 = LINE ( 'NONE', #1605, #1078 ) ;
#487 = VECTOR ( 'NONE', #1461, 1000.000000000000000 ) ;
#488 = FILL_AREA_STYLE_COLOUR ( '', #427 ) ;
#489 = EDGE_LOOP ( 'NONE', ( #745, #1224, #237, #1070 ) ) ;
#490 = CARTESIAN_POINT ( 'NONE',  ( -1.750000000000000666, 1.200000000000000178, 1.000000000000000000 ) ) ;
#491 = EDGE_CURVE ( 'NONE', #1289, #2085, #882, .T. ) ;
#492 = EDGE_CURVE ( 'NONE', #312, #789, #893, .T. ) ;
#493 =( NAMED_UNIT ( * ) PLANE_ANGLE_UNIT ( ) SI_UNIT ( $, .RADIAN. ) );
#494 = CARTESIAN_POINT ( 'NONE',  ( 4.500000000000000000, 1.200000000000000178, 0.9000000000000002442 ) ) ;
#495 = VERTEX_POINT ( 'NONE', #1874 ) ;
#496 = CARTESIAN_POINT ( 'NONE',  ( 1.749999999999999778, -2.000000000000069278, 0.000000000000000000 ) ) ;
#497 = CIRCLE ( 'NONE', #665, 0.8999999999999998002 ) ;
#498 = DIRECTION ( 'NONE',  ( 0.000000000000000000, 0.000000000000000000, 1.000000000000000000 ) ) ;
#499 = LINE ( 'NONE', #818, #96 ) ;
#500 = CARTESIAN_POINT ( 'NONE',  ( 6.749999999999999112, -2.000000000000104361, 1.000000000000000000 ) ) ;
#501 = EDGE_CURVE ( 'NONE', #1204, #495, #1852, .T. ) ;
#502 = FACE_OUTER_BOUND ( 'NONE', #1386, .T. ) ;
#503 = VERTEX_POINT ( 'NONE', #1217 ) ;
#504 = CARTESIAN_POINT ( 'NONE',  ( -0.5000000000000004441, 1.999999999999999112, 0.9000000000000002442 ) ) ;
#505 = DIRECTION ( 'NONE',  ( -1.000000000000000000, 0.000000000000000000, 0.000000000000000000 ) ) ;
#506 = DIRECTION ( 'NONE',  ( 4.336808689942017736E-16, -1.000000000000000000, 0.000000000000000000 ) ) ;
#507 = DIRECTION ( 'NONE',  ( 0.000000000000000000, 0.000000000000000000, -1.000000000000000000 ) ) ;
#508 = PLANE ( 'NONE',  #57 ) ;
#509 = EDGE_CURVE ( 'NONE', #1049, #910, #32, .T. ) ;
#510 = ADVANCED_FACE ( 'NONE', ( #241 ), #868, .F. ) ;
#511 = EDGE_LOOP ( 'NONE', ( #2104, #41, #324, #960 ) ) ;
#512 = AXIS2_PLACEMENT_3D ( 'NONE', #230, #208, #883 ) ;
#513 = DIRECTION ( 'NONE',  ( -1.000000000000000000, 0.000000000000000000, -0.000000000000000000 ) ) ;
#514 = CARTESIAN_POINT ( 'NONE',  ( -4.500000000000000888, -1.200000000000000178, 0.9000000000000002442 ) ) ;
#515 = PRODUCT ( 'LED\X2\5bfc5149\X0\', 'LED\X2\5bfc5149\X0\', '', ( #544 ) ) ;
#516 = AXIS2_PLACEMENT_3D ( 'NONE', #1118, #1782, #959 ) ;
#517 = FACE_OUTER_BOUND ( 'NONE', #530, .T. ) ;
#518 = CARTESIAN_POINT ( 'NONE',  ( 4.500000000000000000, -1.999999999999999112, 4.400000000000000355 ) ) ;
#519 = CARTESIAN_POINT ( 'NONE',  ( -6.750000000000000888, -1.999999999999999556, 0.000000000000000000 ) ) ;
#520 = CARTESIAN_POINT ( 'NONE',  ( 0.000000000000000000, 1.200000000000000178, 1.000000000000000000 ) ) ;
#521 = EDGE_LOOP ( 'NONE', ( #1193, #1739, #247, #817 ) ) ;
#522 = EDGE_CURVE ( 'NONE', #945, #741, #693, .T. ) ;
#523 = AXIS2_PLACEMENT_3D ( 'NONE', #1862, #395, #65 ) ;
#524 = PRESENTATION_STYLE_ASSIGNMENT (( #31 ) ) ;
#525 = CARTESIAN_POINT ( 'NONE',  ( 9.800000000000000711, -1.200000000000000178, 20.61631973638276705 ) ) ;
#526 = DIRECTION ( 'NONE',  ( 0.000000000000000000, 1.000000000000000000, 0.000000000000000000 ) ) ;
#527 = COLOUR_RGB ( '',1.000000000000000000, 1.000000000000000000, 1.000000000000000000 ) ;
#528 = CARTESIAN_POINT ( 'NONE',  ( -0.5000000000000004441, 1.200000000000000178, 0.9000000000000002442 ) ) ;
#529 = PRESENTATION_STYLE_ASSIGNMENT (( #687 ) ) ;
#530 = EDGE_LOOP ( 'NONE', ( #238, #308, #581, #249 ) ) ;
#531 = AXIS2_PLACEMENT_3D ( 'NONE', #2087, #1420, #1406 ) ;
#532 = FACE_OUTER_BOUND ( 'NONE', #1113, .T. ) ;
#533 = PRESENTATION_LAYER_ASSIGNMENT (  '', '', ( #1465 ) ) ;
#534 = ADVANCED_FACE ( 'NONE', ( #396 ), #1699, .F. ) ;
#535 = DIRECTION ( 'NONE',  ( 0.000000000000000000, 0.000000000000000000, -1.000000000000000000 ) ) ;
#536 = CARTESIAN_POINT ( 'NONE',  ( 0.4999999999999995559, -1.999999999999999112, 1.000000000000000000 ) ) ;
#538 = DIRECTION ( 'NONE',  ( 0.000000000000000000, -0.000000000000000000, 1.000000000000000000 ) ) ;
#537 = VECTOR ( 'NONE', #2117, 1000.000000000000000 ) ;
#539 = DIRECTION ( 'NONE',  ( 0.000000000000000000, 1.000000000000000000, 0.000000000000000000 ) ) ;
#540 = SURFACE_SIDE_STYLE ('',( #1510 ) ) ;
#541 = ORIENTED_EDGE ( 'NONE', *, *, #1584, .F. ) ;
#542 = ORIENTED_EDGE ( 'NONE', *, *, #881, .F. ) ;
#543 = VECTOR ( 'NONE', #1835, 1000.000000000000000 ) ;
#544 = PRODUCT_CONTEXT ( 'NONE', #633, 'mechanical' ) ;
#545 = CARTESIAN_POINT ( 'NONE',  ( 1.599999999999999867, 0.000000000000000000, 6.100000000000000533 ) ) ;
#546 = EDGE_CURVE ( 'NONE', #1534, #1933, #1834, .T. ) ;
#547 = DIRECTION ( 'NONE',  ( -0.000000000000000000, -1.000000000000000000, -0.000000000000000000 ) ) ;
#548 =( NAMED_UNIT ( * ) PLANE_ANGLE_UNIT ( ) SI_UNIT ( $, .RADIAN. ) );
#549 =( NAMED_UNIT ( * ) SI_UNIT ( $, .STERADIAN. ) SOLID_ANGLE_UNIT ( ) );
#550 = VERTEX_POINT ( 'NONE', #1043 ) ;
#551 = ORIENTED_EDGE ( 'NONE', *, *, #2033, .T. ) ;
#552 = VECTOR ( 'NONE', #1371, 1000.000000000000000 ) ;
#553 = CARTESIAN_POINT ( 'NONE',  ( 9.800000000000000711, -1.200000000000000178, 1.000000000000000888 ) ) ;
#554 = PLANE ( 'NONE',  #7 ) ;
#555 = CARTESIAN_POINT ( 'NONE',  ( -8.250000000000000000, -1.200000000000000178, 1.000000000000000000 ) ) ;
#556 = DIRECTION ( 'NONE',  ( 0.000000000000000000, 0.000000000000000000, -1.000000000000000000 ) ) ;
#557 = LINE ( 'NONE', #1865, #1705 ) ;
#558 = ORIENTED_EDGE ( 'NONE', *, *, #1788, .F. ) ;
#559 = EDGE_CURVE ( 'NONE', #1382, #1733, #1539, .T. ) ;
#560 = ORIENTED_EDGE ( 'NONE', *, *, #509, .T. ) ;
#561 = PRESENTATION_LAYER_ASSIGNMENT (  '', '', ( #1490 ) ) ;
#562 = CARTESIAN_POINT ( 'NONE',  ( 6.749999999999999112, -2.000000000000104361, 0.000000000000000000 ) ) ;
#563 = ORIENTED_EDGE ( 'NONE', *, *, #1823, .F. ) ;
#564 = EDGE_CURVE ( 'NONE', #1094, #226, #738, .T. ) ;
#565 = EDGE_LOOP ( 'NONE', ( #354, #1468, #722, #1754 ) ) ;
#566 = CARTESIAN_POINT ( 'NONE',  ( 5.500000000000000000, -1.999999999999999112, 1.000000000000000000 ) ) ;
#567 = CARTESIAN_POINT ( 'NONE',  ( -1.750000000000000666, -2.000000000000034639, 0.000000000000000000 ) ) ;
#568 = SURFACE_STYLE_FILL_AREA ( #885 ) ;
#569 = LINE ( 'NONE', #1543, #346 ) ;
#570 = ORIENTED_EDGE ( 'NONE', *, *, #1469, .T. ) ;
#571 = ORIENTED_EDGE ( 'NONE', *, *, #1709, .F. ) ;
#572 = ADVANCED_FACE ( 'NONE', ( #1186 ), #1012, .F. ) ;
#573 = LINE ( 'NONE', #73, #663 ) ;
#574 = ORIENTED_EDGE ( 'NONE', *, *, #2106, .T. ) ;
#575 = ORIENTED_EDGE ( 'NONE', *, *, #1946, .F. ) ;
#576 = EDGE_CURVE ( 'NONE', #495, #1289, #2012, .T. ) ;
#577 = VECTOR ( 'NONE', #2115, 1000.000000000000000 ) ;
#578 = CARTESIAN_POINT ( 'NONE',  ( 0.000000000000000000, 0.000000000000000000, 0.9000000000000002442 ) ) ;
#579 = CARTESIAN_POINT ( 'NONE',  ( 6.599999999999999645, -1.400000000000001243, 6.100000000000000533 ) ) ;
#580 = ORIENTED_EDGE ( 'NONE', *, *, #1950, .F. ) ;
#581 = ORIENTED_EDGE ( 'NONE', *, *, #143, .F. ) ;
#582 = DIRECTION ( 'NONE',  ( 0.000000000000000000, 0.000000000000000000, -1.000000000000000000 ) ) ;
#583 = ORIENTED_EDGE ( 'NONE', *, *, #491, .T. ) ;
#584 = EDGE_CURVE ( 'NONE', #1761, #1172, #2021, .T. ) ;
#585 = ORIENTED_EDGE ( 'NONE', *, *, #1857, .F. ) ;
#586 = CARTESIAN_POINT ( 'NONE',  ( -1.750000000000000666, -1.200000000000000178, 1.000000000000000000 ) ) ;
#587 = LINE ( 'NONE', #1241, #1633 ) ;
#588 = DIRECTION ( 'NONE',  ( 0.000000000000000000, 0.000000000000000000, 1.000000000000000000 ) ) ;
#589 = VECTOR ( 'NONE', #87, 1000.000000000000000 ) ;
#590 = EDGE_LOOP ( 'NONE', ( #1544, #1132, #1431, #1601 ) ) ;
#591 = AXIS2_PLACEMENT_3D ( 'NONE', #626, #1603, #118 ) ;
#592 = EDGE_LOOP ( 'NONE', ( #472, #1337, #1938, #888, #1645, #1877, #594, #23 ) ) ;
#593 = CARTESIAN_POINT ( 'NONE',  ( 4.500000000000000000, -1.999999999999999112, 1.000000000000000000 ) ) ;
#594 = ORIENTED_EDGE ( 'NONE', *, *, #1868, .T. ) ;
#595 = PRESENTATION_LAYER_ASSIGNMENT (  '', '', ( #1377 ) ) ;
#596 = ADVANCED_FACE ( 'NONE', ( #386 ), #1690, .F. ) ;
#597 = ORIENTED_EDGE ( 'NONE', *, *, #1138, .F. ) ;
#598 = DIRECTION ( 'NONE',  ( 1.000000000000000000, 0.000000000000000000, -0.000000000000000000 ) ) ;
#599 = ADVANCED_FACE ( 'NONE', ( #2043 ), #682, .T. ) ;
#600 =( LENGTH_UNIT ( ) NAMED_UNIT ( * ) SI_UNIT ( .MILLI., .METRE. ) );
#601 = DIRECTION ( 'NONE',  ( 0.000000000000000000, 1.000000000000000000, 0.000000000000000000 ) ) ;
#602 = EDGE_LOOP ( 'NONE', ( #899, #2088, #2065, #835 ) ) ;
#603 = ORIENTED_EDGE ( 'NONE', *, *, #426, .F. ) ;
#604 = CARTESIAN_POINT ( 'NONE',  ( 9.800000000000000711, -2.000000000000000000, 4.400000000000000355 ) ) ;
#605 = ORIENTED_EDGE ( 'NONE', *, *, #982, .F. ) ;
#606 = VECTOR ( 'NONE', #1804, 1000.000000000000000 ) ;
#607 = FACE_OUTER_BOUND ( 'NONE', #602, .T. ) ;
#608 = PLANE ( 'NONE',  #334 ) ;
#609 = VERTEX_POINT ( 'NONE', #1851 ) ;
#610 = LINE ( 'NONE', #291, #2138 ) ;
#611 = ORIENTED_EDGE ( 'NONE', *, *, #158, .F. ) ;
#612 = STYLED_ITEM ( 'NONE', ( #1630 ), #1812 ) ;
#613 = PRESENTATION_STYLE_ASSIGNMENT (( #1576 ) ) ;
#614 = DIRECTION ( 'NONE',  ( -0.000000000000000000, -0.000000000000000000, 1.000000000000000000 ) ) ;
#615 = VECTOR ( 'NONE', #178, 1000.000000000000000 ) ;
#616 = EDGE_CURVE ( 'NONE', #1784, #1489, #1663, .T. ) ;
#617 = VERTEX_POINT ( 'NONE', #844 ) ;
#618 = CARTESIAN_POINT ( 'NONE',  ( -5.500000000000000888, -1.999999999999999112, 0.9000000000000002442 ) ) ;
#619 = ORIENTED_EDGE ( 'NONE', *, *, #509, .F. ) ;
#620 = VECTOR ( 'NONE', #614, 1000.000000000000000 ) ;
#621 = DIRECTION ( 'NONE',  ( -1.000000000000000000, 0.000000000000000000, -0.000000000000000000 ) ) ;
#622 = SURFACE_STYLE_USAGE ( .BOTH. , #1597 ) ;
#623 = VERTEX_POINT ( 'NONE', #1689 ) ;
#624 = CARTESIAN_POINT ( 'NONE',  ( -8.250000000000000000, -1.200000000000000178, 0.000000000000000000 ) ) ;
#625 = ORIENTED_EDGE ( 'NONE', *, *, #1570, .T. ) ;
#626 = CARTESIAN_POINT ( 'NONE',  ( -2.500000000000000444, 0.000000000000000000, 6.100000000000000533 ) ) ;
#627 = ORIENTED_EDGE ( 'NONE', *, *, #1457, .T. ) ;
#628 = CIRCLE ( 'NONE', #1152, 0.8999999999999998002 ) ;
#629 = CARTESIAN_POINT ( 'NONE',  ( -5.500000000000000888, -1.200000000000000178, 0.9000000000000002442 ) ) ;
#630 = EDGE_CURVE ( 'NONE', #1522, #948, #1165, .T. ) ;
#631 = ADVANCED_FACE ( 'NONE', ( #532 ), #1500, .T. ) ;
#632 = CARTESIAN_POINT ( 'NONE',  ( 5.500000000000000000, -1.200000000000000178, 0.9000000000000002442 ) ) ;
#633 = APPLICATION_CONTEXT ( 'automotive_design' ) ;
#634 = CARTESIAN_POINT ( 'NONE',  ( 6.749999999999999112, 1.200000000000000178, 1.000000000000000888 ) ) ;
#635 = ORIENTED_EDGE ( 'NONE', *, *, #203, .T. ) ;
#636 = DIRECTION ( 'NONE',  ( 1.000000000000000000, 0.000000000000000000, 0.000000000000000000 ) ) ;
#637 = CARTESIAN_POINT ( 'NONE',  ( 3.249999999999999556, -1.200000000000000178, 1.000000000000000000 ) ) ;
#638 = SURFACE_STYLE_FILL_AREA ( #1627 ) ;
#639 = FACE_OUTER_BOUND ( 'NONE', #1041, .T. ) ;
#640 = SURFACE_STYLE_FILL_AREA ( #2130 ) ;
#641 = ORIENTED_EDGE ( 'NONE', *, *, #1883, .F. ) ;
#642 = DIRECTION ( 'NONE',  ( 0.000000000000000000, 1.000000000000000000, 0.000000000000000000 ) ) ;
#643 = VECTOR ( 'NONE', #726, 1000.000000000000000 ) ;
#644 = CARTESIAN_POINT ( 'NONE',  ( 0.000000000000000000, 0.000000000000000000, 4.400000000000000355 ) ) ;
#645 = EDGE_LOOP ( 'NONE', ( #403, #1623, #2131, #50 ) ) ;
#646 = ADVANCED_FACE ( 'NONE', ( #1825 ), #858, .T. ) ;
#647 = CARTESIAN_POINT ( 'NONE',  ( -4.500000000000000888, -1.200000000000000178, 0.9000000000000002442 ) ) ;
#648 = SURFACE_STYLE_USAGE ( .BOTH. , #141 ) ;
#649 =( GEOMETRIC_REPRESENTATION_CONTEXT ( 3 ) GLOBAL_UNCERTAINTY_ASSIGNED_CONTEXT ( ( #2 ) ) GLOBAL_UNIT_ASSIGNED_CONTEXT ( ( #739, #1927, #2044 ) ) REPRESENTATION_CONTEXT ( 'NONE', 'WORKASPACE' ) );
#650 = FACE_OUTER_BOUND ( 'NONE', #2095, .T. ) ;
#651 = DIRECTION ( 'NONE',  ( -1.000000000000000000, 0.000000000000000000, 0.000000000000000000 ) ) ;
#652 = ORIENTED_EDGE ( 'NONE', *, *, #1629, .T. ) ;
#653 = LINE ( 'NONE', #805, #1523 ) ;
#654 = AXIS2_PLACEMENT_3D ( 'NONE', #242, #1714, #1588 ) ;
#655 = MECHANICAL_DESIGN_GEOMETRIC_PRESENTATION_REPRESENTATION (  '', ( #1474 ), #1126 ) ;
#656 = ORIENTED_EDGE ( 'NONE', *, *, #1286, .F. ) ;
#657 = LINE ( 'NONE', #2102, #1020 ) ;
#658 = EDGE_CURVE ( 'NONE', #939, #1923, #1656, .T. ) ;
#659 = CARTESIAN_POINT ( 'NONE',  ( -9.800000000000002487, 1.999999999999999112, 4.400000000000000355 ) ) ;
#660 = DIRECTION ( 'NONE',  ( 0.000000000000000000, -1.000000000000000000, 0.000000000000000000 ) ) ;
#661 = DIRECTION ( 'NONE',  ( -1.000000000000000000, 0.000000000000000000, 0.000000000000000000 ) ) ;
#662 = CARTESIAN_POINT ( 'NONE',  ( -8.400000000000000355, 0.000000000000000000, 6.100000000000000533 ) ) ;
#663 = VECTOR ( 'NONE', #1048, 1000.000000000000000 ) ;
#664 = VERTEX_POINT ( 'NONE', #1492 ) ;
#665 = AXIS2_PLACEMENT_3D ( 'NONE', #1942, #588, #92 ) ;
#666 = LINE ( 'NONE', #172, #927 ) ;
#667 = CARTESIAN_POINT ( 'NONE',  ( -2.500000000000000444, 0.000000000000000000, 6.100000000000000533 ) ) ;
#668 = VECTOR ( 'NONE', #1715, 1000.000000000000000 ) ;
#669 = CARTESIAN_POINT ( 'NONE',  ( 4.500000000000000000, 1.999999999999999112, 1.000000000000000000 ) ) ;
#670 = DIRECTION ( 'NONE',  ( 0.000000000000000000, 0.000000000000000000, 1.000000000000000000 ) ) ;
#671 = UNCERTAINTY_MEASURE_WITH_UNIT (LENGTH_MEASURE( 1.000000000000000082E-05 ), #124, 'distance_accuracy_value', 'NONE');
#672 = DIRECTION ( 'NONE',  ( 1.000000000000000000, 0.000000000000000000, 0.000000000000000000 ) ) ;
#673 = ORIENTED_EDGE ( 'NONE', *, *, #1138, .T. ) ;
#674 = DIRECTION ( 'NONE',  ( 0.000000000000000000, 0.000000000000000000, -1.000000000000000000 ) ) ;
#675 = CARTESIAN_POINT ( 'NONE',  ( -5.500000000000000888, -1.200000000000000178, 0.9000000000000002442 ) ) ;
#676 = DIRECTION ( 'NONE',  ( 0.000000000000000000, 0.000000000000000000, -1.000000000000000000 ) ) ;
#677 = DIRECTION ( 'NONE',  ( -0.000000000000000000, -0.000000000000000000, -1.000000000000000000 ) ) ;
#678 = PLANE ( 'NONE',  #1722 ) ;
#679 = EDGE_CURVE ( 'NONE', #277, #1261, #17, .T. ) ;
#680 = VERTEX_POINT ( 'NONE', #566 ) ;
#681 = CIRCLE ( 'NONE', #1160, 0.8999999999999998002 ) ;
#682 = PLANE ( 'NONE',  #34 ) ;
#683 = CARTESIAN_POINT ( 'NONE',  ( -8.400000000000000355, 0.000000000000000000, 6.100000000000000533 ) ) ;
#684 = CARTESIAN_POINT ( 'NONE',  ( -1.750000000000000666, -1.200000000000000178, 1.000000000000000000 ) ) ;
#685 = FACE_OUTER_BOUND ( 'NONE', #2120, .T. ) ;
#686 = CARTESIAN_POINT ( 'NONE',  ( 0.000000000000000000, 0.000000000000000000, 6.100000000000000533 ) ) ;
#687 = SURFACE_STYLE_USAGE ( .BOTH. , #540 ) ;
#688 = EDGE_CURVE ( 'NONE', #813, #1210, #263, .T. ) ;
#689 = EDGE_CURVE ( 'NONE', #1222, #1257, #1228, .T. ) ;
#690 = VECTOR ( 'NONE', #406, 1000.000000000000000 ) ;
#691 = STYLED_ITEM ( 'NONE', ( #458 ), #355 ) ;
#692 = CARTESIAN_POINT ( 'NONE',  ( 0.000000000000000000, 0.000000000000000000, 0.000000000000000000 ) ) ;
#693 = LINE ( 'NONE', #1551, #365 ) ;
#694 = CARTESIAN_POINT ( 'NONE',  ( 2.499999999999999556, 0.000000000000000000, 4.400000000000000355 ) ) ;
#695 = LINE ( 'NONE', #1426, #861 ) ;
#696 = VECTOR ( 'NONE', #5, 1000.000000000000000 ) ;
#697 = CARTESIAN_POINT ( 'NONE',  ( -5.500000000000000888, 1.999999999999999112, 0.9000000000000002442 ) ) ;
#698 = LINE ( 'NONE', #212, #1898 ) ;
#699 = ORIENTED_EDGE ( 'NONE', *, *, #217, .F. ) ;
#700 = ORIENTED_EDGE ( 'NONE', *, *, #630, .T. ) ;
#701 = STYLED_ITEM ( 'NONE', ( #452 ), #112 ) ;
#702 = AXIS2_PLACEMENT_3D ( 'NONE', #1176, #78, #1034 ) ;
#703 = DIRECTION ( 'NONE',  ( -1.000000000000000000, 0.000000000000000000, -0.000000000000000000 ) ) ;
#704 = SURFACE_STYLE_USAGE ( .BOTH. , #2000 ) ;
#705 = VECTOR ( 'NONE', #1642, 1000.000000000000000 ) ;
#706 = PLANE ( 'NONE',  #1669 ) ;
#707 = DIRECTION ( 'NONE',  ( 0.000000000000000000, 1.000000000000000000, 0.000000000000000000 ) ) ;
#708 = EDGE_LOOP ( 'NONE', ( #1730, #1077, #289, #257 ) ) ;
#709 =( GEOMETRIC_REPRESENTATION_CONTEXT ( 3 ) GLOBAL_UNCERTAINTY_ASSIGNED_CONTEXT ( ( #352 ) ) GLOBAL_UNIT_ASSIGNED_CONTEXT ( ( #1963, #1952, #799 ) ) REPRESENTATION_CONTEXT ( 'NONE', 'WORKASPACE' ) );
#710 = VERTEX_POINT ( 'NONE', #902 ) ;
#711 = ORIENTED_EDGE ( 'NONE', *, *, #97, .T. ) ;
#712 = VECTOR ( 'NONE', #1333, 1000.000000000000000 ) ;
#713 = LINE ( 'NONE', #1235, #690 ) ;
#714 = EDGE_CURVE ( 'NONE', #1047, #1534, #713, .T. ) ;
#715 = CARTESIAN_POINT ( 'NONE',  ( 8.249999999999998224, -2.000000000000104361, 1.000000000000000000 ) ) ;
#716 = DIRECTION ( 'NONE',  ( 0.000000000000000000, 0.000000000000000000, 1.000000000000000000 ) ) ;
#717 = AXIS2_PLACEMENT_3D ( 'NONE', #794, #1921, #621 ) ;
#718 = DIRECTION ( 'NONE',  ( 0.000000000000000000, 0.000000000000000000, -1.000000000000000000 ) ) ;
#719 = DIRECTION ( 'NONE',  ( 0.000000000000000000, 0.000000000000000000, 1.000000000000000000 ) ) ;
#720 = EDGE_LOOP ( 'NONE', ( #583, #134, #1867, #1234 ) ) ;
#721 = CARTESIAN_POINT ( 'NONE',  ( 0.000000000000000000, 0.000000000000000000, 4.400000000000000355 ) ) ;
#722 = ORIENTED_EDGE ( 'NONE', *, *, #82, .F. ) ;
#723 = VERTEX_POINT ( 'NONE', #1365 ) ;
#724 = VECTOR ( 'NONE', #1647, 1000.000000000000000 ) ;
#725 = CARTESIAN_POINT ( 'NONE',  ( 1.749999999999999778, -2.000000000000069278, 1.000000000000000000 ) ) ;
#726 = DIRECTION ( 'NONE',  ( -1.000000000000000000, -4.425314989736752389E-17, -0.000000000000000000 ) ) ;
#727 = PLANE ( 'NONE',  #1191 ) ;
#728 = ADVANCED_FACE ( 'NONE', ( #415 ), #915, .F. ) ;
#729 = PLANE ( 'NONE',  #1107 ) ;
#730 = DIRECTION ( 'NONE',  ( 1.000000000000000000, 4.425314989736752389E-17, 0.000000000000000000 ) ) ;
#731 = VERTEX_POINT ( 'NONE', #1053 ) ;
#732 = EDGE_CURVE ( 'NONE', #430, #1210, #1562, .T. ) ;
#733 = EDGE_LOOP ( 'NONE', ( #1058, #983, #929, #128 ) ) ;
#734 = DIRECTION ( 'NONE',  ( 1.000000000000000000, 0.000000000000000000, 0.000000000000000000 ) ) ;
#735 = VERTEX_POINT ( 'NONE', #2064 ) ;
#736 = ORIENTED_EDGE ( 'NONE', *, *, #679, .F. ) ;
#737 = FACE_OUTER_BOUND ( 'NONE', #1566, .T. ) ;
#738 = LINE ( 'NONE', #1355, #1521 ) ;
#739 =( LENGTH_UNIT ( ) NAMED_UNIT ( * ) SI_UNIT ( .MILLI., .METRE. ) );
#740 = CARTESIAN_POINT ( 'NONE',  ( -2.500000000000000444, 0.000000000000000000, 6.100000000000000533 ) ) ;
#741 = VERTEX_POINT ( 'NONE', #1408 ) ;
#742 = EDGE_LOOP ( 'NONE', ( #1455, #1609, #1424, #446 ) ) ;
#743 = CARTESIAN_POINT ( 'NONE',  ( -6.600000000000000533, 1.102182119232616802E-16, 6.100000000000000533 ) ) ;
#744 = EDGE_CURVE ( 'NONE', #1402, #1914, #1574, .T. ) ;
#745 = ORIENTED_EDGE ( 'NONE', *, *, #912, .T. ) ;
#746 = VECTOR ( 'NONE', #210, 1000.000000000000000 ) ;
#747 = SURFACE_SIDE_STYLE ('',( #1550 ) ) ;
#748 = ORIENTED_EDGE ( 'NONE', *, *, #1557, .F. ) ;
#749 = LINE ( 'NONE', #586, #1567 ) ;
#750 = PLANE ( 'NONE',  #1036 ) ;
#751 = FILL_AREA_STYLE_COLOUR ( '', #763 ) ;
#752 = ORIENTED_EDGE ( 'NONE', *, *, #2135, .F. ) ;
#753 = ORIENTED_EDGE ( 'NONE', *, *, #1832, .F. ) ;
#754 = LINE ( 'NONE', #900, #1484 ) ;
#755 = VERTEX_POINT ( 'NONE', #53 ) ;
#756 = ADVANCED_FACE ( 'NONE', ( #867 ), #1061, .F. ) ;
#757 =( NAMED_UNIT ( * ) SI_UNIT ( $, .STERADIAN. ) SOLID_ANGLE_UNIT ( ) );
#758 = ORIENTED_EDGE ( 'NONE', *, *, #1524, .F. ) ;
#759 = DIRECTION ( 'NONE',  ( 0.000000000000000000, 0.000000000000000000, -1.000000000000000000 ) ) ;
#760 = SURFACE_SIDE_STYLE ('',( #568 ) ) ;
#761 = LINE ( 'NONE', #1088, #236 ) ;
#762 = ORIENTED_EDGE ( 'NONE', *, *, #1286, .T. ) ;
#763 = COLOUR_RGB ( '',1.000000000000000000, 0.9176470588235293713, 0.2431372549019607809 ) ;
#764 = VERTEX_POINT ( 'NONE', #2042 ) ;
#765 = CARTESIAN_POINT ( 'NONE',  ( 6.749999999999999112, -1.200000000000000178, 0.000000000000000000 ) ) ;
#766 = EDGE_LOOP ( 'NONE', ( #1203, #215, #571, #1273 ) ) ;
#767 = VECTOR ( 'NONE', #379, 1000.000000000000000 ) ;
#768 = PLANE ( 'NONE',  #1364 ) ;
#769 = CARTESIAN_POINT ( 'NONE',  ( -3.400000000000000355, 0.000000000000000000, 6.100000000000000533 ) ) ;
#770 = ADVANCED_FACE ( 'NONE', ( #77 ), #239, .F. ) ;
#771 = ORIENTED_EDGE ( 'NONE', *, *, #1833, .F. ) ;
#772 = LINE ( 'NONE', #252, #1959 ) ;
#773 = PRESENTATION_STYLE_ASSIGNMENT (( #1412 ) ) ;
#774 = PLANE ( 'NONE',  #1142 ) ;
#775 = ORIENTED_EDGE ( 'NONE', *, *, #847, .T. ) ;
#776 = ORIENTED_EDGE ( 'NONE', *, *, #688, .F. ) ;
#777 = DIRECTION ( 'NONE',  ( 0.000000000000000000, -1.000000000000000000, 0.000000000000000000 ) ) ;
#778 = EDGE_LOOP ( 'NONE', ( #898, #1549, #1558, #423 ) ) ;
#779 = CARTESIAN_POINT ( 'NONE',  ( 4.500000000000000000, -1.999999999999999112, 1.000000000000000000 ) ) ;
#780 = FACE_OUTER_BOUND ( 'NONE', #463, .T. ) ;
#781 = VERTEX_POINT ( 'NONE', #1375 ) ;
#782 = LINE ( 'NONE', #454, #272 ) ;
#783 = VERTEX_POINT ( 'NONE', #2076 ) ;
#784 = AXIS2_PLACEMENT_3D ( 'NONE', #1787, #952, #1776 ) ;
#785 = SURFACE_STYLE_FILL_AREA ( #314 ) ;
#786 = ADVANCED_FACE ( 'NONE', ( #737 ), #228, .T. ) ;
#787 = SURFACE_STYLE_FILL_AREA ( #470 ) ;
#788 = VECTOR ( 'NONE', #37, 1000.000000000000000 ) ;
#789 = VERTEX_POINT ( 'NONE', #2137 ) ;
#790 = EDGE_CURVE ( 'NONE', #781, #330, #2089, .T. ) ;
#791 = DIRECTION ( 'NONE',  ( 0.000000000000000000, 1.000000000000000000, 0.000000000000000000 ) ) ;
#792 = ORIENTED_EDGE ( 'NONE', *, *, #732, .F. ) ;
#793 = VECTOR ( 'NONE', #1948, 1000.000000000000000 ) ;
#794 = CARTESIAN_POINT ( 'NONE',  ( 0.000000000000000000, 0.000000000000000000, 0.9000000000000002442 ) ) ;
#795 = FACE_BOUND ( 'NONE', #932, .T. ) ;
#796 = ORIENTED_EDGE ( 'NONE', *, *, #1709, .T. ) ;
#797 = CARTESIAN_POINT ( 'NONE',  ( 9.799999999999998934, 1.200000000000000178, 0.000000000000000000 ) ) ;
#798 = VERTEX_POINT ( 'NONE', #1610 ) ;
#799 =( NAMED_UNIT ( * ) SI_UNIT ( $, .STERADIAN. ) SOLID_ANGLE_UNIT ( ) );
#800 = DIRECTION ( 'NONE',  ( -0.000000000000000000, -0.000000000000000000, -1.000000000000000000 ) ) ;
#801 = EDGE_CURVE ( 'NONE', #723, #623, #2114, .T. ) ;
#802 = LINE ( 'NONE', #1307, #2054 ) ;
#803 = EDGE_LOOP ( 'NONE', ( #1531, #1232, #1703, #563 ) ) ;
#804 = AXIS2_PLACEMENT_3D ( 'NONE', #725, #2053, #1072 ) ;
#805 = CARTESIAN_POINT ( 'NONE',  ( -0.5000000000000004441, -1.999999999999999112, 1.000000000000000000 ) ) ;
#806 = EDGE_CURVE ( 'NONE', #225, #1082, #1796, .T. ) ;
#807 = FACE_BOUND ( 'NONE', #864, .T. ) ;
#808 = VECTOR ( 'NONE', #409, 1000.000000000000000 ) ;
#809 = DIRECTION ( 'NONE',  ( 0.000000000000000000, 1.000000000000000000, 0.000000000000000000 ) ) ;
#810 = DIRECTION ( 'NONE',  ( -1.000000000000000000, 0.000000000000000000, 0.000000000000000000 ) ) ;
#811 = DIRECTION ( 'NONE',  ( 0.000000000000000000, 0.000000000000000000, 1.000000000000000000 ) ) ;
#812 = AXIS2_PLACEMENT_3D ( 'NONE', #935, #2100, #1783 ) ;
#813 = VERTEX_POINT ( 'NONE', #162 ) ;
#814 = DIRECTION ( 'NONE',  ( -0.000000000000000000, -1.000000000000000000, -0.000000000000000000 ) ) ;
#815 = EDGE_CURVE ( 'NONE', #503, #741, #1265, .T. ) ;
#816 = CARTESIAN_POINT ( 'NONE',  ( 9.800000000000000711, -2.000000000000000000, 1.000000000000000888 ) ) ;
#817 = ORIENTED_EDGE ( 'NONE', *, *, #1614, .T. ) ;
#818 = CARTESIAN_POINT ( 'NONE',  ( -4.500000000000000888, -1.999999999999999112, 1.000000000000000000 ) ) ;
#819 =( LENGTH_UNIT ( ) NAMED_UNIT ( * ) SI_UNIT ( .MILLI., .METRE. ) );
#820 = CARTESIAN_POINT ( 'NONE',  ( -9.800000000000000711, -2.000000000000000000, 4.400000000000000355 ) ) ;
#821 = CARTESIAN_POINT ( 'NONE',  ( 0.4999999999999995559, -1.999999999999999112, 1.000000000000000000 ) ) ;
#822 = DIRECTION ( 'NONE',  ( 1.000000000000000000, 4.336808689942018722E-16, -0.000000000000000000 ) ) ;
#823 = VECTOR ( 'NONE', #841, 1000.000000000000000 ) ;
#824 = PRESENTATION_LAYER_ASSIGNMENT (  '', '', ( #1474 ) ) ;
#825 = VERTEX_POINT ( 'NONE', #1960 ) ;
#826 = FILL_AREA_STYLE_COLOUR ( '', #905 ) ;
#827 = EDGE_CURVE ( 'NONE', #813, #394, #1422, .T. ) ;
#828 = LINE ( 'NONE', #504, #1100 ) ;
#829 = EDGE_CURVE ( 'NONE', #2124, #161, #657, .T. ) ;
#830 = LINE ( 'NONE', #152, #537 ) ;
#831 = DIRECTION ( 'NONE',  ( 0.000000000000000000, 0.000000000000000000, -1.000000000000000000 ) ) ;
#832 = FACE_OUTER_BOUND ( 'NONE', #778, .T. ) ;
#833 =( NAMED_UNIT ( * ) SI_UNIT ( $, .STERADIAN. ) SOLID_ANGLE_UNIT ( ) );
#834 = VECTOR ( 'NONE', #2038, 1000.000000000000000 ) ;
#835 = ORIENTED_EDGE ( 'NONE', *, *, #9, .T. ) ;
#836 = CARTESIAN_POINT ( 'NONE',  ( 9.799999999999998934, 1.200000000000000178, 20.61631973638276705 ) ) ;
#837 = DIRECTION ( 'NONE',  ( -0.000000000000000000, 0.000000000000000000, 1.000000000000000000 ) ) ;
#838 = EDGE_CURVE ( 'NONE', #731, #781, #925, .T. ) ;
#839 = DIRECTION ( 'NONE',  ( 1.000000000000000000, 0.000000000000000000, 0.000000000000000000 ) ) ;
#840 = SURFACE_SIDE_STYLE ('',( #1037 ) ) ;
#841 = DIRECTION ( 'NONE',  ( 0.000000000000000000, 0.000000000000000000, 1.000000000000000000 ) ) ;
#842 = EDGE_LOOP ( 'NONE', ( #99, #1448, #890, #122 ) ) ;
#843 = CARTESIAN_POINT ( 'NONE',  ( 8.249999999999998224, 1.200000000000000178, 1.000000000000000000 ) ) ;
#844 = CARTESIAN_POINT ( 'NONE',  ( -4.500000000000000888, -1.999999999999999112, 4.400000000000000355 ) ) ;
#845 = SHAPE_DEFINITION_REPRESENTATION ( #188, #332 ) ;
#846 = CARTESIAN_POINT ( 'NONE',  ( -6.600000000000000533, 1.102182119232616802E-16, 4.400000000000000355 ) ) ;
#847 = EDGE_CURVE ( 'NONE', #1443, #1923, #499, .T. ) ;
#848 = CARTESIAN_POINT ( 'NONE',  ( 4.500000000000000000, -1.999999999999999112, 0.9000000000000002442 ) ) ;
#849 = VECTOR ( 'NONE', #1145, 1000.000000000000000 ) ;
#850 = LINE ( 'NONE', #567, #2126 ) ;
#851 = DIRECTION ( 'NONE',  ( 0.000000000000000000, 0.000000000000000000, -1.000000000000000000 ) ) ;
#852 = FACE_OUTER_BOUND ( 'NONE', #1598, .T. ) ;
#853 = CARTESIAN_POINT ( 'NONE',  ( 0.000000000000000000, 0.000000000000000000, 4.400000000000000355 ) ) ;
#854 = EDGE_CURVE ( 'NONE', #1535, #1522, #1585, .T. ) ;
#855 = DIRECTION ( 'NONE',  ( 1.000000000000000000, 0.000000000000000000, 0.000000000000000000 ) ) ;
#856 = ORIENTED_EDGE ( 'NONE', *, *, #1677, .F. ) ;
#857 = ORIENTED_EDGE ( 'NONE', *, *, #546, .F. ) ;
#858 = CYLINDRICAL_SURFACE ( 'NONE', #968, 0.8999999999999998002 ) ;
#859 = CARTESIAN_POINT ( 'NONE',  ( 0.000000000000000000, 0.000000000000000000, 1.000000000000000000 ) ) ;
#860 =( NAMED_UNIT ( * ) PLANE_ANGLE_UNIT ( ) SI_UNIT ( $, .RADIAN. ) );
#861 = VECTOR ( 'NONE', #2056, 1000.000000000000000 ) ;
#862 = CARTESIAN_POINT ( 'NONE',  ( -0.5000000000000004441, -1.999999999999999112, 4.400000000000000355 ) ) ;
#863 = LINE ( 'NONE', #1018, #154 ) ;
#864 = EDGE_LOOP ( 'NONE', ( #1460, #641, #137, #2028 ) ) ;
#865 = EDGE_LOOP ( 'NONE', ( #771, #1421, #1283, #60 ) ) ;
#866 = EDGE_CURVE ( 'NONE', #1299, #2124, #610, .T. ) ;
#867 = FACE_OUTER_BOUND ( 'NONE', #842, .T. ) ;
#868 = PLANE ( 'NONE',  #1075 ) ;
#869 = LINE ( 'NONE', #1864, #916 ) ;
#870 = VECTOR ( 'NONE', #958, 1000.000000000000000 ) ;
#871 =( NAMED_UNIT ( * ) SI_UNIT ( $, .STERADIAN. ) SOLID_ANGLE_UNIT ( ) );
#872 = CARTESIAN_POINT ( 'NONE',  ( -2.500000000000000444, 0.000000000000000000, 4.400000000000000355 ) ) ;
#873 = VERTEX_POINT ( 'NONE', #490 ) ;
#874 = DIRECTION ( 'NONE',  ( -1.000000000000000000, 0.000000000000000000, 0.000000000000000000 ) ) ;
#875 = PRESENTATION_LAYER_ASSIGNMENT (  '', '', ( #612 ) ) ;
#876 = VERTEX_POINT ( 'NONE', #113 ) ;
#877 = VERTEX_POINT ( 'NONE', #624 ) ;
#878 = AXIS2_PLACEMENT_3D ( 'NONE', #202, #539, #1170 ) ;
#879 = EDGE_CURVE ( 'NONE', #873, #1535, #973, .T. ) ;
#880 = CARTESIAN_POINT ( 'NONE',  ( 2.499999999999999556, 0.000000000000000000, 6.100000000000000533 ) ) ;
#881 = EDGE_CURVE ( 'NONE', #1414, #731, #1471, .T. ) ;
#882 = LINE ( 'NONE', #55, #1640 ) ;
#883 = DIRECTION ( 'NONE',  ( -1.000000000000000000, 0.000000000000000000, -0.000000000000000000 ) ) ;
#884 = VECTOR ( 'NONE', #1954, 1000.000000000000000 ) ;
#885 = FILL_AREA_STYLE ('',( #1389 ) ) ;
#886 = CARTESIAN_POINT ( 'NONE',  ( 9.800000000000000711, -1.200000000000000178, 0.000000000000000000 ) ) ;
#887 = VERTEX_POINT ( 'NONE', #478 ) ;
#888 = ORIENTED_EDGE ( 'NONE', *, *, #68, .T. ) ;
#889 = DIRECTION ( 'NONE',  ( -0.000000000000000000, 0.000000000000000000, 1.000000000000000000 ) ) ;
#890 = ORIENTED_EDGE ( 'NONE', *, *, #1786, .T. ) ;
#891 = EDGE_LOOP ( 'NONE', ( #125, #260 ) ) ;
#892 = FILL_AREA_STYLE_COLOUR ( '', #2001 ) ;
#893 = LINE ( 'NONE', #43, #47 ) ;
#894 = CYLINDRICAL_SURFACE ( 'NONE', #1188, 0.8999999999999998002 ) ;
#895 = EDGE_CURVE ( 'NONE', #2136, #439, #1939, .T. ) ;
#896 = DIRECTION ( 'NONE',  ( 1.000000000000000000, 0.000000000000000000, -0.000000000000000000 ) ) ;
#897 = PLANE ( 'NONE',  #1051 ) ;
#898 = ORIENTED_EDGE ( 'NONE', *, *, #1396, .F. ) ;
#899 = ORIENTED_EDGE ( 'NONE', *, *, #1198, .T. ) ;
#900 = CARTESIAN_POINT ( 'NONE',  ( 0.000000000000000000, -1.200000000000000178, 1.000000000000000000 ) ) ;
#901 = ORIENTED_EDGE ( 'NONE', *, *, #54, .T. ) ;
#902 = CARTESIAN_POINT ( 'NONE',  ( 8.249999999999998224, -1.200000000000000178, 0.000000000000000000 ) ) ;
#903 = ORIENTED_EDGE ( 'NONE', *, *, #879, .T. ) ;
#904 = DIRECTION ( 'NONE',  ( -0.000000000000000000, -0.000000000000000000, -1.000000000000000000 ) ) ;
#905 = COLOUR_RGB ( '',0.1176470588235294101, 0.8196078431372548767, 1.000000000000000000 ) ;
#906 = CARTESIAN_POINT ( 'NONE',  ( 0.000000000000000000, -1.200000000000000178, 0.9000000000000002442 ) ) ;
#907 =( LENGTH_UNIT ( ) NAMED_UNIT ( * ) SI_UNIT ( .MILLI., .METRE. ) );
#908 = VERTEX_POINT ( 'NONE', #467 ) ;
#909 = EDGE_CURVE ( 'NONE', #1831, #1402, #782, .T. ) ;
#910 = VERTEX_POINT ( 'NONE', #276 ) ;
#911 = DIRECTION ( 'NONE',  ( 1.000000000000000000, 0.000000000000000000, 0.000000000000000000 ) ) ;
#912 = EDGE_CURVE ( 'NONE', #2136, #710, #2125, .T. ) ;
#913 = EDGE_LOOP ( 'NONE', ( #1940, #1727, #1001, #1695 ) ) ;
#914 = AXIS2_PLACEMENT_3D ( 'NONE', #1411, #417, #2079 ) ;
#915 = PLANE ( 'NONE',  #1451 ) ;
#916 = VECTOR ( 'NONE', #2032, 1000.000000000000000 ) ;
#917 = ORIENTED_EDGE ( 'NONE', *, *, #1802, .F. ) ;
#918 = VECTOR ( 'NONE', #149, 1000.000000000000000 ) ;
#919 = CARTESIAN_POINT ( 'NONE',  ( -0.5000000000000004441, 1.999999999999999112, 1.000000000000000000 ) ) ;
#920 = ORIENTED_EDGE ( 'NONE', *, *, #213, .T. ) ;
#921 = EDGE_LOOP ( 'NONE', ( #383, #295, #1418, #1267 ) ) ;
#922 = LINE ( 'NONE', #422, #1202 ) ;
#923 = ORIENTED_EDGE ( 'NONE', *, *, #344, .F. ) ;
#924 = EDGE_CURVE ( 'NONE', #1082, #764, #1573, .T. ) ;
#925 = LINE ( 'NONE', #1098, #1673 ) ;
#926 = ORIENTED_EDGE ( 'NONE', *, *, #950, .T. ) ;
#927 = VECTOR ( 'NONE', #1988, 1000.000000000000000 ) ;
#928 = FACE_OUTER_BOUND ( 'NONE', #592, .T. ) ;
#929 = ORIENTED_EDGE ( 'NONE', *, *, #827, .T. ) ;
#930 = ORIENTED_EDGE ( 'NONE', *, *, #1201, .T. ) ;
#931 = SURFACE_STYLE_FILL_AREA ( #2096 ) ;
#932 = EDGE_LOOP ( 'NONE', ( #1039, #297, #1766, #372 ) ) ;
#933 = VECTOR ( 'NONE', #254, 1000.000000000000000 ) ;
#934 = DIRECTION ( 'NONE',  ( 0.000000000000000000, 0.000000000000000000, -1.000000000000000000 ) ) ;
#935 = CARTESIAN_POINT ( 'NONE',  ( 9.799999999999998934, 1.200000000000000178, 20.61631973638276705 ) ) ;
#936 = EDGE_CURVE ( 'NONE', #1110, #453, #1951, .T. ) ;
#937 = ORIENTED_EDGE ( 'NONE', *, *, #2063, .F. ) ;
#938 = CARTESIAN_POINT ( 'NONE',  ( 3.249999999999999556, 1.200000000000000178, 1.000000000000000000 ) ) ;
#939 = VERTEX_POINT ( 'NONE', #647 ) ;
#940 = EDGE_CURVE ( 'NONE', #1105, #680, #1301, .T. ) ;
#941 = DIRECTION ( 'NONE',  ( 1.000000000000000000, 0.000000000000000000, 0.000000000000000000 ) ) ;
#942 = LINE ( 'NONE', #2080, #884 ) ;
#943 = ORIENTED_EDGE ( 'NONE', *, *, #1336, .T. ) ;
#944 = DIRECTION ( 'NONE',  ( -1.000000000000000000, 0.000000000000000000, 0.000000000000000000 ) ) ;
#945 = VERTEX_POINT ( 'NONE', #1164 ) ;
#946 = LINE ( 'NONE', #1108, #1441 ) ;
#947 = FACE_BOUND ( 'NONE', #431, .T. ) ;
#948 = VERTEX_POINT ( 'NONE', #1824 ) ;
#949 = CARTESIAN_POINT ( 'NONE',  ( -2.500000000000000444, 0.000000000000000000, 4.400000000000000355 ) ) ;
#950 = EDGE_CURVE ( 'NONE', #680, #1373, #1321, .T. ) ;
#951 = VERTEX_POINT ( 'NONE', #189 ) ;
#952 = DIRECTION ( 'NONE',  ( 0.000000000000000000, 1.000000000000000000, 0.000000000000000000 ) ) ;
#953 = EDGE_CURVE ( 'NONE', #664, #1105, #1480, .T. ) ;
#954 = LINE ( 'NONE', #1799, #436 ) ;
#955 = CARTESIAN_POINT ( 'NONE',  ( -5.500000000000000888, -1.200000000000000178, 1.000000000000000000 ) ) ;
#956 = AXIS2_PLACEMENT_3D ( 'NONE', #90, #941, #759 ) ;
#957 = ORIENTED_EDGE ( 'NONE', *, *, #1833, .T. ) ;
#958 = DIRECTION ( 'NONE',  ( 0.000000000000000000, 1.000000000000000000, 0.000000000000000000 ) ) ;
#959 = DIRECTION ( 'NONE',  ( 0.000000000000000000, 0.000000000000000000, -1.000000000000000000 ) ) ;
#960 = ORIENTED_EDGE ( 'NONE', *, *, #1385, .T. ) ;
#961 = DIRECTION ( 'NONE',  ( 1.000000000000000000, 0.000000000000000000, 0.000000000000000000 ) ) ;
#962 = SURFACE_SIDE_STYLE ('',( #785 ) ) ;
#963 = LINE ( 'NONE', #1649, #1154 ) ;
#964 = CARTESIAN_POINT ( 'NONE',  ( -6.750000000000002665, 1.200000000000000178, 0.000000000000000000 ) ) ;
#965 = CARTESIAN_POINT ( 'NONE',  ( 1.749999999999999778, 1.200000000000000178, 0.000000000000000000 ) ) ;
#966 = EDGE_CURVE ( 'NONE', #1049, #1949, #24, .T. ) ;
#967 = ORIENTED_EDGE ( 'NONE', *, *, #576, .T. ) ;
#968 = AXIS2_PLACEMENT_3D ( 'NONE', #667, #1981, #505 ) ;
#969 = LINE ( 'NONE', #1117, #606 ) ;
#970 = VECTOR ( 'NONE', #1965, 1000.000000000000000 ) ;
#971 = AXIS2_PLACEMENT_3D ( 'NONE', #21, #1518, #1332 ) ;
#972 = ORIENTED_EDGE ( 'NONE', *, *, #688, .T. ) ;
#973 = LINE ( 'NONE', #1312, #1305 ) ;
#974 = COLOUR_RGB ( '',0.01176470588235294101, 1.000000000000000000, 0.09411764705882352811 ) ;
#975 = DIRECTION ( 'NONE',  ( 4.336808689942018722E-16, -1.000000000000000000, 0.000000000000000000 ) ) ;
#976 = DIRECTION ( 'NONE',  ( 1.000000000000000000, -0.000000000000000000, 0.000000000000000000 ) ) ;
#977 = LINE ( 'NONE', #1819, #1916 ) ;
#978 = ORIENTED_EDGE ( 'NONE', *, *, #1655, .F. ) ;
#979 = DIRECTION ( 'NONE',  ( -1.000000000000000000, -4.425314989736752389E-17, -0.000000000000000000 ) ) ;
#980 = ADVANCED_FACE ( 'NONE', ( #995 ), #1980, .T. ) ;
#981 = VECTOR ( 'NONE', #367, 1000.000000000000000 ) ;
#982 = EDGE_CURVE ( 'NONE', #2048, #735, #828, .T. ) ;
#983 = ORIENTED_EDGE ( 'NONE', *, *, #1788, .T. ) ;
#984 = DIRECTION ( 'NONE',  ( 0.000000000000000000, 1.000000000000000000, 0.000000000000000000 ) ) ;
#985 = VECTOR ( 'NONE', #944, 1000.000000000000000 ) ;
#986 = PLANE ( 'NONE',  #283 ) ;
#987 = AXIS2_PLACEMENT_3D ( 'NONE', #998, #19, #1659 ) ;
#988 = CARTESIAN_POINT ( 'NONE',  ( 8.400000000000000355, 1.399999999999998579, 4.400000000000000355 ) ) ;
#989 = DIRECTION ( 'NONE',  ( -0.000000000000000000, -1.000000000000000000, -0.000000000000000000 ) ) ;
#990 = LINE ( 'NONE', #362, #823 ) ;
#991 = AXIS2_PLACEMENT_3D ( 'NONE', #686, #46, #1651 ) ;
#992 = EDGE_LOOP ( 'NONE', ( #1805, #673 ) ) ;
#993 = VECTOR ( 'NONE', #1447, 1000.000000000000000 ) ;
#994 = ADVANCED_FACE ( 'NONE', ( #337 ), #986, .F. ) ;
#995 = FACE_OUTER_BOUND ( 'NONE', #1687, .T. ) ;
#996 = DIRECTION ( 'NONE',  ( 0.000000000000000000, -1.000000000000000000, -0.000000000000000000 ) ) ;
#997 = DIRECTION ( 'NONE',  ( -1.000000000000000000, 0.000000000000000000, -0.000000000000000000 ) ) ;
#998 = CARTESIAN_POINT ( 'NONE',  ( 9.799999999999998934, 1.200000000000000178, 20.61631973638276705 ) ) ;
#999 = DIRECTION ( 'NONE',  ( 0.000000000000000000, -0.000000000000000000, 1.000000000000000000 ) ) ;
#1000 = AXIS2_PLACEMENT_3D ( 'NONE', #836, #1491, #674 ) ;
#1001 = ORIENTED_EDGE ( 'NONE', *, *, #744, .T. ) ;
#1002 = LINE ( 'NONE', #843, #181 ) ;
#1003 = EDGE_CURVE ( 'NONE', #1694, #2136, #1002, .T. ) ;
#1004 = FILL_AREA_STYLE ('',( #826 ) ) ;
#1005 = EDGE_CURVE ( 'NONE', #2085, #1204, #666, .T. ) ;
#1006 = DIRECTION ( 'NONE',  ( 1.000000000000000000, 0.000000000000000000, 0.000000000000000000 ) ) ;
#1007 = CARTESIAN_POINT ( 'NONE',  ( 2.499999999999999556, 0.000000000000000000, 4.400000000000000355 ) ) ;
#1008 = DIRECTION ( 'NONE',  ( 0.000000000000000000, 1.000000000000000000, 0.000000000000000000 ) ) ;
#1009 = FACE_OUTER_BOUND ( 'NONE', #865, .T. ) ;
#1010 = CARTESIAN_POINT ( 'NONE',  ( -7.500000000000000888, 0.000000000000000000, 6.100000000000000533 ) ) ;
#1011 = ADVANCED_FACE ( 'NONE', ( #1153, #1815 ), #554, .T. ) ;
#1012 = PLANE ( 'NONE',  #163 ) ;
#1013 =( LENGTH_UNIT ( ) NAMED_UNIT ( * ) SI_UNIT ( .MILLI., .METRE. ) );
#1014 = EDGE_CURVE ( 'NONE', #1850, #951, #573, .T. ) ;
#1015 = VECTOR ( 'NONE', #547, 1000.000000000000000 ) ;
#1016 = CARTESIAN_POINT ( 'NONE',  ( 1.749999999999999778, 1.200000000000000178, 1.000000000000000888 ) ) ;
#1017 = CARTESIAN_POINT ( 'NONE',  ( 5.500000000000000000, -1.999999999999999112, 4.400000000000000355 ) ) ;
#1018 = CARTESIAN_POINT ( 'NONE',  ( -8.250000000000000000, -1.999999999999999556, 0.000000000000000000 ) ) ;
#1019 = VECTOR ( 'NONE', #390, 1000.000000000000000 ) ;
#1020 = VECTOR ( 'NONE', #1760, 1000.000000000000000 ) ;
#1021 = ORIENTED_EDGE ( 'NONE', *, *, #1093, .T. ) ;
#1022 = ORIENTED_EDGE ( 'NONE', *, *, #461, .T. ) ;
#1023 =( LENGTH_UNIT ( ) NAMED_UNIT ( * ) SI_UNIT ( .MILLI., .METRE. ) );
#1024 = CARTESIAN_POINT ( 'NONE',  ( 0.4999999999999995559, 1.200000000000000178, 0.9000000000000002442 ) ) ;
#1025 = DIRECTION ( 'NONE',  ( -1.000000000000000000, 0.000000000000000000, 0.000000000000000000 ) ) ;
#1026 = CARTESIAN_POINT ( 'NONE',  ( -1.750000000000000666, 1.200000000000000178, 0.000000000000000000 ) ) ;
#1027 = CARTESIAN_POINT ( 'NONE',  ( -5.500000000000001776, 2.000000000000000000, 1.000000000000000888 ) ) ;
#1028 = ADVANCED_FACE ( 'NONE', ( #235 ), #1706, .T. ) ;
#1029 = LINE ( 'NONE', #381, #2084 ) ;
#1030 = ORIENTED_EDGE ( 'NONE', *, *, #1423, .T. ) ;
#1031 = ORIENTED_EDGE ( 'NONE', *, *, #54, .F. ) ;
#1032 = VECTOR ( 'NONE', #1147, 1000.000000000000000 ) ;
#1033 = DIRECTION ( 'NONE',  ( 0.000000000000000000, 0.000000000000000000, 1.000000000000000000 ) ) ;
#1034 = DIRECTION ( 'NONE',  ( 0.000000000000000000, 0.000000000000000000, 1.000000000000000000 ) ) ;
#1035 = FACE_OUTER_BOUND ( 'NONE', #468, .T. ) ;
#1036 = AXIS2_PLACEMENT_3D ( 'NONE', #1400, #2067, #896 ) ;
#1037 = SURFACE_STYLE_FILL_AREA ( #1667 ) ;
#1038 = CARTESIAN_POINT ( 'NONE',  ( 9.799999999999998934, 2.000000000000000000, 4.400000000000000355 ) ) ;
#1039 = ORIENTED_EDGE ( 'NONE', *, *, #1335, .F. ) ;
#1040 = EDGE_LOOP ( 'NONE', ( #15, #901, #76, #319 ) ) ;
#1041 = EDGE_LOOP ( 'NONE', ( #1593, #1395, #255, #39 ) ) ;
#1042 = EDGE_CURVE ( 'NONE', #1252, #1402, #922, .T. ) ;
#1043 = CARTESIAN_POINT ( 'NONE',  ( -0.5000000000000004441, -1.200000000000000178, 0.9000000000000002442 ) ) ;
#1044 = DIRECTION ( 'NONE',  ( 0.000000000000000000, 0.000000000000000000, 1.000000000000000000 ) ) ;
#1045 = CARTESIAN_POINT ( 'NONE',  ( 8.400000000000000355, -1.400000000000001243, 4.400000000000000355 ) ) ;
#1046 = ORIENTED_EDGE ( 'NONE', *, *, #2007, .F. ) ;
#1047 = VERTEX_POINT ( 'NONE', #401 ) ;
#1048 = DIRECTION ( 'NONE',  ( -1.000000000000000000, 0.000000000000000000, 0.000000000000000000 ) ) ;
#1049 = VERTEX_POINT ( 'NONE', #1581 ) ;
#1050 = ORIENTED_EDGE ( 'NONE', *, *, #584, .F. ) ;
#1051 = AXIS2_PLACEMENT_3D ( 'NONE', #1379, #2046, #1220 ) ;
#1052 = ADVANCED_FACE ( 'NONE', ( #1260, #1533 ), #1081, .T. ) ;
#1053 = CARTESIAN_POINT ( 'NONE',  ( 6.599999999999999645, 1.399999999999998579, 6.100000000000000533 ) ) ;
#1054 = DIRECTION ( 'NONE',  ( 1.000000000000000000, -0.000000000000000000, -0.000000000000000000 ) ) ;
#1055 = CARTESIAN_POINT ( 'NONE',  ( -9.800000000000002487, 1.999999999999999112, 4.400000000000000355 ) ) ;
#1056 = LINE ( 'NONE', #1200, #543 ) ;
#1057 = ORIENTED_EDGE ( 'NONE', *, *, #501, .F. ) ;
#1058 = ORIENTED_EDGE ( 'NONE', *, *, #1459, .T. ) ;
#1059 = DIRECTION ( 'NONE',  ( -1.000000000000000000, 0.000000000000000000, -0.000000000000000000 ) ) ;
#1060 = VERTEX_POINT ( 'NONE', #1569 ) ;
#1061 = PLANE ( 'NONE',  #523 ) ;
#1062 = EDGE_CURVE ( 'NONE', #1733, #945, #754, .T. ) ;
#1063 = CARTESIAN_POINT ( 'NONE',  ( -0.5000000000000004441, -1.999999999999999112, 0.9000000000000002442 ) ) ;
#1064 = EDGE_CURVE ( 'NONE', #1097, #439, #1546, .T. ) ;
#1065 = CARTESIAN_POINT ( 'NONE',  ( -7.500000000000000888, 0.000000000000000000, 4.400000000000000355 ) ) ;
#1066 = VERTEX_POINT ( 'NONE', #1869 ) ;
#1067 = EDGE_LOOP ( 'NONE', ( #1362, #2107 ) ) ;
#1068 = CLOSED_SHELL ( 'NONE', ( #786, #30, #112, #1011, #127, #1052, #1407, #382, #1494, #1313, #1724, #131, #1812, #599, #646, #2050, #1685, #355, #1738, #1538, #286, #1935, #1326, #596, #1664, #416, #1505, #728, #1644, #1672, #2037, #194, #534, #510, #171, #770, #358, #1106, #1697, #240, #1619, #1079, #1653, #2020, #980, #1841, #631, #1028, #1771, #1123, #256, #1845, #448, #85, #1393, #1255, #1367, #1932, #1173, #572, #392, #756, #994, #1541 ) ) ;
#1069 = DIRECTION ( 'NONE',  ( -1.000000000000000000, 0.000000000000000000, -0.000000000000000000 ) ) ;
#1070 = ORIENTED_EDGE ( 'NONE', *, *, #1003, .T. ) ;
#1071 = PRESENTATION_LAYER_ASSIGNMENT (  '', '', ( #701 ) ) ;
#1072 = DIRECTION ( 'NONE',  ( 0.000000000000000000, 0.000000000000000000, 1.000000000000000000 ) ) ;
#1073 = ORIENTED_EDGE ( 'NONE', *, *, #182, .F. ) ;
#1074 = DIRECTION ( 'NONE',  ( 1.000000000000000000, 0.000000000000000000, 0.000000000000000000 ) ) ;
#1075 = AXIS2_PLACEMENT_3D ( 'NONE', #715, #1863, #1516 ) ;
#1076 = LINE ( 'NONE', #1900, #114 ) ;
#1077 = ORIENTED_EDGE ( 'NONE', *, *, #1584, .T. ) ;
#1078 = VECTOR ( 'NONE', #1794, 1000.000000000000000 ) ;
#1079 = ADVANCED_FACE ( 'NONE', ( #1740 ), #2049, .F. ) ;
#1080 = VERTEX_POINT ( 'NONE', #413 ) ;
#1081 = PLANE ( 'NONE',  #1826 ) ;
#1082 = VERTEX_POINT ( 'NONE', #2072 ) ;
#1083 = LINE ( 'NONE', #2112, #793 ) ;
#1084 = DIRECTION ( 'NONE',  ( 0.000000000000000000, 0.000000000000000000, -1.000000000000000000 ) ) ;
#1085 = PRESENTATION_LAYER_ASSIGNMENT (  '', '', ( #1472 ) ) ;
#1086 = ORIENTED_EDGE ( 'NONE', *, *, #158, .T. ) ;
#1087 = DIRECTION ( 'NONE',  ( -1.000000000000000000, -4.425314989736752389E-17, -0.000000000000000000 ) ) ;
#1088 = CARTESIAN_POINT ( 'NONE',  ( -5.500000000000000888, -1.999999999999999112, 1.000000000000000000 ) ) ;
#1089 = ORIENTED_EDGE ( 'NONE', *, *, #1712, .F. ) ;
#1090 = VECTOR ( 'NONE', #1936, 1000.000000000000000 ) ;
#1091 = ORIENTED_EDGE ( 'NONE', *, *, #1899, .T. ) ;
#1092 = DIRECTION ( 'NONE',  ( 0.000000000000000000, -1.000000000000000000, -0.000000000000000000 ) ) ;
#1093 = EDGE_CURVE ( 'NONE', #948, #873, #1559, .T. ) ;
#1094 = VERTEX_POINT ( 'NONE', #108 ) ;
#1095 = DIRECTION ( 'NONE',  ( -0.000000000000000000, -1.000000000000000000, -0.000000000000000000 ) ) ;
#1096 = DIRECTION ( 'NONE',  ( -1.000000000000000000, 0.000000000000000000, -0.000000000000000000 ) ) ;
#1097 = VERTEX_POINT ( 'NONE', #765 ) ;
#1098 = CARTESIAN_POINT ( 'NONE',  ( 6.599999999999999645, -1.400000000000001243, 6.100000000000000533 ) ) ;
#1099 = ORIENTED_EDGE ( 'NONE', *, *, #426, .T. ) ;
#1100 = VECTOR ( 'NONE', #1498, 1000.000000000000000 ) ;
#1101 = DIRECTION ( 'NONE',  ( -1.000000000000000000, 0.000000000000000000, 0.000000000000000000 ) ) ;
#1102 = CARTESIAN_POINT ( 'NONE',  ( 9.799999999999998934, 1.200000000000000178, 20.61631973638276705 ) ) ;
#1103 = EDGE_LOOP ( 'NONE', ( #1582, #1137, #1678, #1631 ) ) ;
#1104 = DIRECTION ( 'NONE',  ( -0.000000000000000000, -0.000000000000000000, -1.000000000000000000 ) ) ;
#1105 = VERTEX_POINT ( 'NONE', #593 ) ;
#1106 = ADVANCED_FACE ( 'NONE', ( #1417 ), #84, .T. ) ;
#1107 = AXIS2_PLACEMENT_3D ( 'NONE', #740, #1928, #1378 ) ;
#1108 = CARTESIAN_POINT ( 'NONE',  ( 9.800000000000000711, -2.000000000000000000, 1.000000000000000888 ) ) ;
#1109 = PLANE ( 'NONE',  #812 ) ;
#1110 = VERTEX_POINT ( 'NONE', #743 ) ;
#1111 = EDGE_CURVE ( 'NONE', #1761, #2058, #1372, .T. ) ;
#1112 = DIRECTION ( 'NONE',  ( -1.000000000000000000, 0.000000000000000000, 0.000000000000000000 ) ) ;
#1113 = EDGE_LOOP ( 'NONE', ( #575, #384, #1276, #1849 ) ) ;
#1114 = SURFACE_STYLE_FILL_AREA ( #2068 ) ;
#1115 = FACE_OUTER_BOUND ( 'NONE', #565, .T. ) ;
#1116 = ORIENTED_EDGE ( 'NONE', *, *, #838, .T. ) ;
#1117 = CARTESIAN_POINT ( 'NONE',  ( 5.500000000000000000, -1.999999999999999112, 0.9000000000000002442 ) ) ;
#1118 = CARTESIAN_POINT ( 'NONE',  ( -1.750000000000000666, -2.000000000000034639, 1.000000000000000000 ) ) ;
#1119 = CARTESIAN_POINT ( 'NONE',  ( 0.000000000000000000, 0.000000000000000000, 1.000000000000000000 ) ) ;
#1120 = ORIENTED_EDGE ( 'NONE', *, *, #1005, .F. ) ;
#1121 = VECTOR ( 'NONE', #1157, 1000.000000000000000 ) ;
#1122 = DIRECTION ( 'NONE',  ( -1.000000000000000000, 0.000000000000000000, 0.000000000000000000 ) ) ;
#1123 = ADVANCED_FACE ( 'NONE', ( #1247 ), #248, .F. ) ;
#1124 = PLANE ( 'NONE',  #784 ) ;
#1125 =( LENGTH_UNIT ( ) NAMED_UNIT ( * ) SI_UNIT ( .MILLI., .METRE. ) );
#1126 =( GEOMETRIC_REPRESENTATION_CONTEXT ( 3 ) GLOBAL_UNCERTAINTY_ASSIGNED_CONTEXT ( ( #1139 ) ) GLOBAL_UNIT_ASSIGNED_CONTEXT ( ( #1893, #1251, #438 ) ) REPRESENTATION_CONTEXT ( 'NONE', 'WORKASPACE' ) );
#1127 = FILL_AREA_STYLE_COLOUR ( '', #1536 ) ;
#1128 = CARTESIAN_POINT ( 'NONE',  ( -7.500000000000000888, 0.000000000000000000, 6.100000000000000533 ) ) ;
#1129 = ORIENTED_EDGE ( 'NONE', *, *, #936, .F. ) ;
#1130 = LINE ( 'NONE', #618, #705 ) ;
#1131 = FACE_OUTER_BOUND ( 'NONE', #2101, .T. ) ;
#1132 = ORIENTED_EDGE ( 'NONE', *, *, #1986, .T. ) ;
#1133 = CARTESIAN_POINT ( 'NONE',  ( 9.800000000000000711, -2.000000000000000000, 1.000000000000000888 ) ) ;
#1134 = CARTESIAN_POINT ( 'NONE',  ( 9.799999999999998934, 2.000000000000000000, 1.000000000000000888 ) ) ;
#1135 = PLANE ( 'NONE',  #35 ) ;
#1136 = CARTESIAN_POINT ( 'NONE',  ( 1.599999999999999645, 0.000000000000000000, 6.100000000000000533 ) ) ;
#1137 = ORIENTED_EDGE ( 'NONE', *, *, #1553, .T. ) ;
#1138 = EDGE_CURVE ( 'NONE', #2058, #1761, #628, .T. ) ;
#1139 = UNCERTAINTY_MEASURE_WITH_UNIT (LENGTH_MEASURE( 1.000000000000000082E-05 ), #1893, 'distance_accuracy_value', 'NONE');
#1140 = VECTOR ( 'NONE', #1745, 1000.000000000000000 ) ;
#1141 = CARTESIAN_POINT ( 'NONE',  ( 6.749999999999999112, 1.200000000000000178, 1.000000000000000000 ) ) ;
#1142 = AXIS2_PLACEMENT_3D ( 'NONE', #1493, #811, #153 ) ;
#1143 = LINE ( 'NONE', #336, #1729 ) ;
#1144 = AXIS2_PLACEMENT_3D ( 'NONE', #1065, #1577, #1725 ) ;
#1145 = DIRECTION ( 'NONE',  ( 0.000000000000000000, 0.000000000000000000, 1.000000000000000000 ) ) ;
#1146 =( NAMED_UNIT ( * ) PLANE_ANGLE_UNIT ( ) SI_UNIT ( $, .RADIAN. ) );
#1147 = DIRECTION ( 'NONE',  ( 0.000000000000000000, 1.000000000000000000, 0.000000000000000000 ) ) ;
#1148 = CARTESIAN_POINT ( 'NONE',  ( 5.500000000000000000, -1.999999999999999112, 1.000000000000000000 ) ) ;
#1149 = VECTOR ( 'NONE', #160, 1000.000000000000000 ) ;
#1150 = DIRECTION ( 'NONE',  ( 0.000000000000000000, 1.000000000000000000, 0.000000000000000000 ) ) ;
#1151 = ORIENTED_EDGE ( 'NONE', *, *, #2093, .F. ) ;
#1152 = AXIS2_PLACEMENT_3D ( 'NONE', #1233, #1889, #433 ) ;
#1153 = FACE_OUTER_BOUND ( 'NONE', #1248, .T. ) ;
#1154 = VECTOR ( 'NONE', #1777, 1000.000000000000000 ) ;
#1155 = VECTOR ( 'NONE', #483, 1000.000000000000000 ) ;
#1156 = DIRECTION ( 'NONE',  ( -1.000000000000000000, -4.336808689942017736E-16, 0.000000000000000000 ) ) ;
#1157 = DIRECTION ( 'NONE',  ( 0.000000000000000000, 1.000000000000000000, 0.000000000000000000 ) ) ;
#1158 = UNCERTAINTY_MEASURE_WITH_UNIT (LENGTH_MEASURE( 1.000000000000000082E-05 ), #907, 'distance_accuracy_value', 'NONE');
#1159 = CARTESIAN_POINT ( 'NONE',  ( 0.4999999999999995559, -1.200000000000000178, 1.000000000000000000 ) ) ;
#1160 = AXIS2_PLACEMENT_3D ( 'NONE', #872, #719, #1856 ) ;
#1161 = EDGE_CURVE ( 'NONE', #93, #1204, #2083, .T. ) ;
#1162 = EDGE_LOOP ( 'NONE', ( #86, #1707, #74, #1089, #282, #1580, #1181, #269, #1046, #1403, #420, #1410, #1956, #2052, #1926, #1696 ) ) ;
#1163 = MECHANICAL_DESIGN_GEOMETRIC_PRESENTATION_REPRESENTATION (  '', ( #2103 ), #1270 ) ;
#1164 = CARTESIAN_POINT ( 'NONE',  ( -8.250000000000000000, -1.200000000000000178, 1.000000000000000000 ) ) ;
#1165 = LINE ( 'NONE', #2009, #1797 ) ;
#1166 = DIRECTION ( 'NONE',  ( 0.000000000000000000, 0.000000000000000000, 1.000000000000000000 ) ) ;
#1167 = CARTESIAN_POINT ( 'NONE',  ( -5.500000000000000888, -1.999999999999999112, 1.000000000000000000 ) ) ;
#1168 = DIRECTION ( 'NONE',  ( -0.000000000000000000, -1.000000000000000000, -0.000000000000000000 ) ) ;
#1169 = PRESENTATION_STYLE_ASSIGNMENT (( #1847 ) ) ;
#1170 = DIRECTION ( 'NONE',  ( 0.000000000000000000, -0.000000000000000000, 1.000000000000000000 ) ) ;
#1171 =( GEOMETRIC_REPRESENTATION_CONTEXT ( 3 ) GLOBAL_UNCERTAINTY_ASSIGNED_CONTEXT ( ( #1968 ) ) GLOBAL_UNIT_ASSIGNED_CONTEXT ( ( #1023, #1195, #8 ) ) REPRESENTATION_CONTEXT ( 'NONE', 'WORKASPACE' ) );
#1172 = VERTEX_POINT ( 'NONE', #447 ) ;
#1173 = ADVANCED_FACE ( 'NONE', ( #1467 ), #157, .T. ) ;
#1174 = VECTOR ( 'NONE', #1554, 1000.000000000000000 ) ;
#1175 = EDGE_CURVE ( 'NONE', #439, #110, #1456, .T. ) ;
#1176 = CARTESIAN_POINT ( 'NONE',  ( 6.749999999999999112, -2.000000000000104361, 1.000000000000000000 ) ) ;
#1177 = CARTESIAN_POINT ( 'NONE',  ( -9.800000000000002487, 1.999999999999999112, 4.400000000000000355 ) ) ;
#1178 = PRESENTATION_STYLE_ASSIGNMENT (( #1496 ) ) ;
#1179 = VECTOR ( 'NONE', #1622, 1000.000000000000000 ) ;
#1180 = FACE_OUTER_BOUND ( 'NONE', #1746, .T. ) ;
#1181 = ORIENTED_EDGE ( 'NONE', *, *, #479, .T. ) ;
#1182 = VECTOR ( 'NONE', #200, 1000.000000000000000 ) ;
#1183 = COLOUR_RGB ( '',1.000000000000000000, 0.000000000000000000, 0.000000000000000000 ) ;
#1184 = SURFACE_STYLE_USAGE ( .BOTH. , #1670 ) ;
#1185 = EDGE_CURVE ( 'NONE', #623, #1803, #473, .T. ) ;
#1186 = FACE_OUTER_BOUND ( 'NONE', #1892, .T. ) ;
#1187 = LINE ( 'NONE', #1177, #94 ) ;
#1188 = AXIS2_PLACEMENT_3D ( 'NONE', #1388, #904, #1885 ) ;
#1189 = CARTESIAN_POINT ( 'NONE',  ( 0.4999999999999995559, 1.200000000000000178, 0.9000000000000002442 ) ) ;
#1190 = CARTESIAN_POINT ( 'NONE',  ( 8.400000000000000355, -1.400000000000001243, 4.400000000000000355 ) ) ;
#1191 = AXIS2_PLACEMENT_3D ( 'NONE', #1063, #1101, #79 ) ;
#1192 = VECTOR ( 'NONE', #1971, 1000.000000000000000 ) ;
#1193 = ORIENTED_EDGE ( 'NONE', *, *, #2062, .F. ) ;
#1194 = EDGE_LOOP ( 'NONE', ( #1652, #560, #2074, #1545 ) ) ;
#1195 =( NAMED_UNIT ( * ) PLANE_ANGLE_UNIT ( ) SI_UNIT ( $, .RADIAN. ) );
#1196 = DIRECTION ( 'NONE',  ( -0.000000000000000000, -0.000000000000000000, -1.000000000000000000 ) ) ;
#1197 =( NAMED_UNIT ( * ) SI_UNIT ( $, .STERADIAN. ) SOLID_ANGLE_UNIT ( ) );
#1198 = EDGE_CURVE ( 'NONE', #908, #1261, #1130, .T. ) ;
#1199 = DIRECTION ( 'NONE',  ( 0.000000000000000000, 0.000000000000000000, 1.000000000000000000 ) ) ;
#1200 = CARTESIAN_POINT ( 'NONE',  ( 5.500000000000000000, 1.200000000000000178, 0.9000000000000002442 ) ) ;
#1201 = EDGE_CURVE ( 'NONE', #330, #1414, #1309, .T. ) ;
#1202 = VECTOR ( 'NONE', #1753, 1000.000000000000000 ) ;
#1203 = ORIENTED_EDGE ( 'NONE', *, *, #2077, .F. ) ;
#1204 = VERTEX_POINT ( 'NONE', #1632 ) ;
#1205 = DIRECTION ( 'NONE',  ( -1.000000000000000000, 0.000000000000000000, 0.000000000000000000 ) ) ;
#1206 = DIRECTION ( 'NONE',  ( -0.000000000000000000, -0.000000000000000000, 1.000000000000000000 ) ) ;
#1207 = SURFACE_STYLE_FILL_AREA ( #377 ) ;
#1208 = AXIS2_PLACEMENT_3D ( 'NONE', #1735, #267, #80 ) ;
#1209 = DIRECTION ( 'NONE',  ( -0.000000000000000000, -0.000000000000000000, 1.000000000000000000 ) ) ;
#1210 = VERTEX_POINT ( 'NONE', #1594 ) ;
#1211 = EDGE_LOOP ( 'NONE', ( #115, #762, #856, #635 ) ) ;
#1212 = DIRECTION ( 'NONE',  ( 1.000000000000000000, 0.000000000000000000, 0.000000000000000000 ) ) ;
#1213 = EDGE_CURVE ( 'NONE', #910, #1803, #1621, .T. ) ;
#1214 = EDGE_LOOP ( 'NONE', ( #81, #1759, #1641, #2113 ) ) ;
#1215 = ORIENTED_EDGE ( 'NONE', *, *, #1425, .T. ) ;
#1216 = CARTESIAN_POINT ( 'NONE',  ( -9.800000000000002487, 1.999999999999999112, 4.400000000000000355 ) ) ;
#1217 = CARTESIAN_POINT ( 'NONE',  ( -8.250000000000000000, 1.200000000000000178, 0.000000000000000000 ) ) ;
#1218 = CARTESIAN_POINT ( 'NONE',  ( 0.000000000000000000, 1.200000000000000178, 0.9000000000000002442 ) ) ;
#1219 = CARTESIAN_POINT ( 'NONE',  ( 3.399999999999999467, 1.102182119232618034E-16, 6.100000000000000533 ) ) ;
#1220 = DIRECTION ( 'NONE',  ( 0.000000000000000000, 0.000000000000000000, -1.000000000000000000 ) ) ;
#1221 = EDGE_LOOP ( 'NONE', ( #293, #285, #2091, #402 ) ) ;
#1222 = VERTEX_POINT ( 'NONE', #166 ) ;
#1223 = DIRECTION ( 'NONE',  ( 0.000000000000000000, 0.000000000000000000, -1.000000000000000000 ) ) ;
#1224 = ORIENTED_EDGE ( 'NONE', *, *, #2093, .T. ) ;
#1225 = ORIENTED_EDGE ( 'NONE', *, *, #1962, .T. ) ;
#1226 = EDGE_CURVE ( 'NONE', #1694, #755, #486, .T. ) ;
#1227 = EDGE_CURVE ( 'NONE', #1860, #550, #1444, .T. ) ;
#1228 = LINE ( 'NONE', #1873, #1343 ) ;
#1229 = FACE_OUTER_BOUND ( 'NONE', #88, .T. ) ;
#1230 = LINE ( 'NONE', #906, #668 ) ;
#1231 = ORIENTED_EDGE ( 'NONE', *, *, #689, .T. ) ;
#1232 = ORIENTED_EDGE ( 'NONE', *, *, #1062, .F. ) ;
#1233 = CARTESIAN_POINT ( 'NONE',  ( 2.499999999999999556, 0.000000000000000000, 6.100000000000000533 ) ) ;
#1234 = ORIENTED_EDGE ( 'NONE', *, *, #1775, .T. ) ;
#1235 = CARTESIAN_POINT ( 'NONE',  ( 9.799999999999998934, 1.200000000000000178, 1.000000000000000888 ) ) ;
#1236 = STYLED_ITEM ( 'NONE', ( #199 ), #646 ) ;
#1237 = VECTOR ( 'NONE', #1006, 1000.000000000000000 ) ;
#1238 = EDGE_CURVE ( 'NONE', #1563, #2085, #320, .T. ) ;
#1239 = EDGE_LOOP ( 'NONE', ( #917, #2061 ) ) ;
#1240 = CARTESIAN_POINT ( 'NONE',  ( -9.800000000000000711, -2.000000000000000000, 4.400000000000000355 ) ) ;
#1241 = CARTESIAN_POINT ( 'NONE',  ( 0.4999999999999995559, -1.999999999999999112, 4.400000000000000355 ) ) ;
#1242 =( NAMED_UNIT ( * ) PLANE_ANGLE_UNIT ( ) SI_UNIT ( $, .RADIAN. ) );
#1243 = ORIENTED_EDGE ( 'NONE', *, *, #616, .T. ) ;
#1244 = VECTOR ( 'NONE', #1087, 1000.000000000000000 ) ;
#1245 = ORIENTED_EDGE ( 'NONE', *, *, #1344, .T. ) ;
#1246 = MECHANICAL_DESIGN_GEOMETRIC_PRESENTATION_REPRESENTATION (  '', ( #2006 ), #1637 ) ;
#1247 = FACE_OUTER_BOUND ( 'NONE', #645, .T. ) ;
#1248 = EDGE_LOOP ( 'NONE', ( #363, #1604, #2029, #1497 ) ) ;
#1249 = DIRECTION ( 'NONE',  ( -0.000000000000000000, 0.000000000000000000, 1.000000000000000000 ) ) ;
#1250 =( GEOMETRIC_REPRESENTATION_CONTEXT ( 3 ) GLOBAL_UNCERTAINTY_ASSIGNED_CONTEXT ( ( #671 ) ) GLOBAL_UNIT_ASSIGNED_CONTEXT ( ( #124, #101, #757 ) ) REPRESENTATION_CONTEXT ( 'NONE', 'WORKASPACE' ) );
#1251 =( NAMED_UNIT ( * ) PLANE_ANGLE_UNIT ( ) SI_UNIT ( $, .RADIAN. ) );
#1252 = VERTEX_POINT ( 'NONE', #121 ) ;
#1253 = FACE_OUTER_BOUND ( 'NONE', #521, .T. ) ;
#1254 = VECTOR ( 'NONE', #535, 1000.000000000000000 ) ;
#1255 = ADVANCED_FACE ( 'NONE', ( #1285 ), #1931, .T. ) ;
#1256 = FACE_OUTER_BOUND ( 'NONE', #1967, .T. ) ;
#1257 = VERTEX_POINT ( 'NONE', #145 ) ;
#1258 = VECTOR ( 'NONE', #814, 1000.000000000000000 ) ;
#1259 = ORIENTED_EDGE ( 'NONE', *, *, #476, .F. ) ;
#1260 = FACE_OUTER_BOUND ( 'NONE', #1686, .T. ) ;
#1261 = VERTEX_POINT ( 'NONE', #629 ) ;
#1262 = CIRCLE ( 'NONE', #1781, 0.8999999999999998002 ) ;
#1263 = PLANE ( 'NONE',  #717 ) ;
#1264 = DIRECTION ( 'NONE',  ( 0.000000000000000000, 0.000000000000000000, -1.000000000000000000 ) ) ;
#1265 = LINE ( 'NONE', #325, #849 ) ;
#1266 = VECTOR ( 'NONE', #59, 1000.000000000000000 ) ;
#1267 = ORIENTED_EDGE ( 'NONE', *, *, #1950, .T. ) ;
#1268 = DIRECTION ( 'NONE',  ( 0.000000000000000000, 0.000000000000000000, 1.000000000000000000 ) ) ;
#1269 = SURFACE_STYLE_USAGE ( .BOTH. , #1929 ) ;
#1270 =( GEOMETRIC_REPRESENTATION_CONTEXT ( 3 ) GLOBAL_UNCERTAINTY_ASSIGNED_CONTEXT ( ( #1158 ) ) GLOBAL_UNIT_ASSIGNED_CONTEXT ( ( #907, #1242, #1440 ) ) REPRESENTATION_CONTEXT ( 'NONE', 'WORKASPACE' ) );
#1271 = EDGE_LOOP ( 'NONE', ( #619, #1073, #1031, #978 ) ) ;
#1272 = CARTESIAN_POINT ( 'NONE',  ( 9.800000000000000711, -1.200000000000000178, 20.61631973638276705 ) ) ;
#1273 = ORIENTED_EDGE ( 'NONE', *, *, #492, .F. ) ;
#1274 = LINE ( 'NONE', #310, #1090 ) ;
#1275 = LINE ( 'NONE', #1908, #159 ) ;
#1276 = ORIENTED_EDGE ( 'NONE', *, *, #801, .F. ) ;
#1277 = DIRECTION ( 'NONE',  ( 0.000000000000000000, 0.000000000000000000, -1.000000000000000000 ) ) ;
#1278 = ORIENTED_EDGE ( 'NONE', *, *, #461, .F. ) ;
#1279 = AXIS2_PLACEMENT_3D ( 'NONE', #1404, #1383, #1904 ) ;
#1280 = DIRECTION ( 'NONE',  ( 0.000000000000000000, -0.000000000000000000, 1.000000000000000000 ) ) ;
#1281 = CARTESIAN_POINT ( 'NONE',  ( 8.249999999999998224, 1.200000000000000622, 0.000000000000000000 ) ) ;
#1282 = CARTESIAN_POINT ( 'NONE',  ( 8.400000000000000355, -1.400000000000001243, 6.100000000000000533 ) ) ;
#1283 = ORIENTED_EDGE ( 'NONE', *, *, #2123, .T. ) ;
#1284 = PRODUCT_RELATED_PRODUCT_CATEGORY ( 'part', '', ( #515 ) ) ;
#1285 = FACE_OUTER_BOUND ( 'NONE', #766, .T. ) ;
#1286 = EDGE_CURVE ( 'NONE', #187, #1742, #969, .T. ) ;
#1287 = LINE ( 'NONE', #135, #1710 ) ;
#1288 = FACE_BOUND ( 'NONE', #1520, .T. ) ;
#1289 = VERTEX_POINT ( 'NONE', #1296 ) ;
#1290 = CARTESIAN_POINT ( 'NONE',  ( 6.599999999999999645, 1.399999999999998579, 6.100000000000000533 ) ) ;
#1291 = FILL_AREA_STYLE_COLOUR ( '', #265 ) ;
#1292 = DIRECTION ( 'NONE',  ( 0.000000000000000000, 0.000000000000000000, -1.000000000000000000 ) ) ;
#1293 = DIRECTION ( 'NONE',  ( 0.000000000000000000, 0.000000000000000000, 1.000000000000000000 ) ) ;
#1294 = ORIENTED_EDGE ( 'NONE', *, *, #1385, .F. ) ;
#1295 = UNCERTAINTY_MEASURE_WITH_UNIT (LENGTH_MEASURE( 1.000000000000000082E-05 ), #38, 'distance_accuracy_value', 'NONE');
#1296 = CARTESIAN_POINT ( 'NONE',  ( -9.800000000000002487, 1.999999999999999112, 0.000000000000000000 ) ) ;
#1297 = SURFACE_STYLE_FILL_AREA ( #311 ) ;
#1298 = EDGE_CURVE ( 'NONE', #1914, #1390, #653, .T. ) ;
#1299 = VERTEX_POINT ( 'NONE', #2108 ) ;
#1300 = AXIS2_PLACEMENT_3D ( 'NONE', #1128, #1801, #651 ) ;
#1301 = LINE ( 'NONE', #1133, #1854 ) ;
#1302 = EDGE_CURVE ( 'NONE', #1080, #825, #296, .T. ) ;
#1303 = VECTOR ( 'NONE', #851, 1000.000000000000000 ) ;
#1304 =( NAMED_UNIT ( * ) PLANE_ANGLE_UNIT ( ) SI_UNIT ( $, .RADIAN. ) );
#1305 = VECTOR ( 'NONE', #1924, 1000.000000000000000 ) ;
#1306 = PLANE ( 'NONE',  #322 ) ;
#1307 = CARTESIAN_POINT ( 'NONE',  ( 9.800000000000000711, -1.200000000000000178, 0.000000000000000000 ) ) ;
#1308 = ORIENTED_EDGE ( 'NONE', *, *, #966, .T. ) ;
#1309 = LINE ( 'NONE', #1969, #339 ) ;
#1310 = LINE ( 'NONE', #1970, #218 ) ;
#1311 = ORIENTED_EDGE ( 'NONE', *, *, #1986, .F. ) ;
#1312 = CARTESIAN_POINT ( 'NONE',  ( -1.750000000000000666, -2.000000000000034639, 1.000000000000000000 ) ) ;
#1313 = ADVANCED_FACE ( 'NONE', ( #1477 ), #1780, .F. ) ;
#1314 = CARTESIAN_POINT ( 'NONE',  ( 0.000000000000000000, 1.200000000000000178, 0.9000000000000002442 ) ) ;
#1315 = LINE ( 'NONE', #820, #1237 ) ;
#1316 = LINE ( 'NONE', #1975, #1391 ) ;
#1317 = UNCERTAINTY_MEASURE_WITH_UNIT (LENGTH_MEASURE( 1.000000000000000082E-05 ), #600, 'distance_accuracy_value', 'NONE');
#1318 = DIRECTION ( 'NONE',  ( -0.000000000000000000, -0.000000000000000000, -1.000000000000000000 ) ) ;
#1319 = ORIENTED_EDGE ( 'NONE', *, *, #1352, .F. ) ;
#1320 = COLOUR_RGB ( '',1.000000000000000000, 0.000000000000000000, 0.000000000000000000 ) ;
#1321 = LINE ( 'NONE', #1662, #724 ) ;
#1322 = DIRECTION ( 'NONE',  ( 0.000000000000000000, 1.000000000000000000, 0.000000000000000000 ) ) ;
#1323 = FACE_OUTER_BOUND ( 'NONE', #1221, .T. ) ;
#1324 =( NAMED_UNIT ( * ) PLANE_ANGLE_UNIT ( ) SI_UNIT ( $, .RADIAN. ) );
#1325 = EDGE_CURVE ( 'NONE', #459, #223, #3, .T. ) ;
#1326 = ADVANCED_FACE ( 'NONE', ( #502 ), #284, .T. ) ;
#1327 = VERTEX_POINT ( 'NONE', #196 ) ;
#1328 = CARTESIAN_POINT ( 'NONE',  ( 0.000000000000000000, 0.000000000000000000, 1.000000000000000000 ) ) ;
#1329 = SURFACE_SIDE_STYLE ('',( #1354 ) ) ;
#1330 = CARTESIAN_POINT ( 'NONE',  ( -4.500000000000000888, -1.999999999999999112, 0.9000000000000002442 ) ) ;
#1331 = PLANE ( 'NONE',  #170 ) ;
#1332 = DIRECTION ( 'NONE',  ( 1.000000000000000000, 0.000000000000000000, 0.000000000000000000 ) ) ;
#1333 = DIRECTION ( 'NONE',  ( -1.000000000000000000, 0.000000000000000000, 0.000000000000000000 ) ) ;
#1334 =( GEOMETRIC_REPRESENTATION_CONTEXT ( 3 ) GLOBAL_UNCERTAINTY_ASSIGNED_CONTEXT ( ( #1984 ) ) GLOBAL_UNIT_ASSIGNED_CONTEXT ( ( #1013, #860, #1197 ) ) REPRESENTATION_CONTEXT ( 'NONE', 'WORKASPACE' ) );
#1335 = EDGE_CURVE ( 'NONE', #1489, #400, #1830, .T. ) ;
#1336 = EDGE_CURVE ( 'NONE', #1923, #277, #353, .T. ) ;
#1337 = ORIENTED_EDGE ( 'NONE', *, *, #333, .T. ) ;
#1338 =( LENGTH_UNIT ( ) NAMED_UNIT ( * ) SI_UNIT ( .MILLI., .METRE. ) );
#1339 = CARTESIAN_POINT ( 'NONE',  ( 4.500000000000000000, 1.999999999999999112, 0.9000000000000002442 ) ) ;
#1340 = PLANE ( 'NONE',  #1978 ) ;
#1341 = DIRECTION ( 'NONE',  ( 1.000000000000000000, 0.000000000000000000, 0.000000000000000000 ) ) ;
#1342 = PRODUCT_DEFINITION ( '鏈', '', #130, #1487 ) ;
#1343 = VECTOR ( 'NONE', #251, 1000.000000000000000 ) ;
#1344 = EDGE_CURVE ( 'NONE', #1252, #550, #2014, .T. ) ;
#1345 = MECHANICAL_DESIGN_GEOMETRIC_PRESENTATION_REPRESENTATION (  '', ( #151 ), #214 ) ;
#1346 = LINE ( 'NONE', #1680, #1182 ) ;
#1347 = CARTESIAN_POINT ( 'NONE',  ( -4.500000000000000888, -1.999999999999999112, 4.400000000000000355 ) ) ;
#1348 = AXIS2_PLACEMENT_3D ( 'NONE', #1479, #1646, #2015 ) ;
#1349 = CYLINDRICAL_SURFACE ( 'NONE', #1348, 0.8999999999999998002 ) ;
#1350 = ORIENTED_EDGE ( 'NONE', *, *, #658, .T. ) ;
#1351 = ORIENTED_EDGE ( 'NONE', *, *, #1161, .T. ) ;
#1352 = EDGE_CURVE ( 'NONE', #1105, #876, #370, .T. ) ;
#1353 = PRESENTATION_LAYER_ASSIGNMENT (  '', '', ( #1910 ) ) ;
#1354 = SURFACE_STYLE_FILL_AREA ( #1004 ) ;
#1355 = CARTESIAN_POINT ( 'NONE',  ( -4.500000000000000888, 1.999999999999999112, 0.9000000000000002442 ) ) ;
#1356 = DIRECTION ( 'NONE',  ( -0.000000000000000000, -1.000000000000000000, -0.000000000000000000 ) ) ;
#1357 = COLOUR_RGB ( '',1.000000000000000000, 0.9176470588235293713, 0.2431372549019607809 ) ;
#1358 = FILL_AREA_STYLE_COLOUR ( '', #1320 ) ;
#1359 = CARTESIAN_POINT ( 'NONE',  ( 0.000000000000000000, -1.200000000000000178, 0.9000000000000002442 ) ) ;
#1360 = LINE ( 'NONE', #204, #696 ) ;
#1361 = VECTOR ( 'NONE', #1356, 1000.000000000000000 ) ;
#1362 = ORIENTED_EDGE ( 'NONE', *, *, #1614, .F. ) ;
#1363 = ORIENTED_EDGE ( 'NONE', *, *, #924, .T. ) ;
#1364 = AXIS2_PLACEMENT_3D ( 'NONE', #1119, #1264, #1096 ) ;
#1365 = CARTESIAN_POINT ( 'NONE',  ( 3.249999999999999556, 1.200000000000000178, 1.000000000000000000 ) ) ;
#1366 = DIRECTION ( 'NONE',  ( 1.000000000000000000, -0.000000000000000000, 0.000000000000000000 ) ) ;
#1367 = ADVANCED_FACE ( 'NONE', ( #1811 ), #508, .T. ) ;
#1368 = LINE ( 'NONE', #2002, #1895 ) ;
#1369 = CARTESIAN_POINT ( 'NONE',  ( 9.800000000000000711, -1.200000000000000178, 1.000000000000000888 ) ) ;
#1370 = ORIENTED_EDGE ( 'NONE', *, *, #253, .F. ) ;
#1371 = DIRECTION ( 'NONE',  ( 0.000000000000000000, 1.000000000000000000, 0.000000000000000000 ) ) ;
#1372 = CIRCLE ( 'NONE', #357, 0.8999999999999998002 ) ;
#1373 = VERTEX_POINT ( 'NONE', #1017 ) ;
#1374 = ORIENTED_EDGE ( 'NONE', *, *, #1857, .T. ) ;
#1375 = CARTESIAN_POINT ( 'NONE',  ( 6.599999999999999645, -1.400000000000001243, 6.100000000000000533 ) ) ;
#1376 = DIRECTION ( 'NONE',  ( -0.000000000000000000, -1.000000000000000000, -0.000000000000000000 ) ) ;
#1377 = STYLED_ITEM ( 'NONE', ( #1169 ), #1935 ) ;
#1378 = DIRECTION ( 'NONE',  ( 1.000000000000000000, 0.000000000000000000, -0.000000000000000000 ) ) ;
#1379 = CARTESIAN_POINT ( 'NONE',  ( 5.500000000000000000, -1.999999999999999112, 0.9000000000000002442 ) ) ;
#1380 = ORIENTED_EDGE ( 'NONE', *, *, #404, .F. ) ;
#1381 = EDGE_CURVE ( 'NONE', #93, #430, #342, .T. ) ;
#1382 = VERTEX_POINT ( 'NONE', #1660 ) ;
#1383 = DIRECTION ( 'NONE',  ( -1.000000000000000000, 0.000000000000000000, 0.000000000000000000 ) ) ;
#1384 = ORIENTED_EDGE ( 'NONE', *, *, #1655, .T. ) ;
#1385 = EDGE_CURVE ( 'NONE', #741, #1382, #1994, .T. ) ;
#1386 = EDGE_LOOP ( 'NONE', ( #144, #930, #477, #1116 ) ) ;
#1387 = DIRECTION ( 'NONE',  ( -0.000000000000000000, -0.000000000000000000, -1.000000000000000000 ) ) ;
#1388 = CARTESIAN_POINT ( 'NONE',  ( 2.499999999999999556, 0.000000000000000000, 6.100000000000000533 ) ) ;
#1389 = FILL_AREA_STYLE_COLOUR ( '', #14 ) ;
#1390 = VERTEX_POINT ( 'NONE', #1488 ) ;
#1391 = VECTOR ( 'NONE', #989, 1000.000000000000000 ) ;
#1392 = VERTEX_POINT ( 'NONE', #1027 ) ;
#1393 = ADVANCED_FACE ( 'NONE', ( #1675 ), #185, .T. ) ;
#1394 = CARTESIAN_POINT ( 'NONE',  ( 9.799999999999998934, 1.200000000000000178, 1.000000000000000888 ) ) ;
#1395 = ORIENTED_EDGE ( 'NONE', *, *, #1459, .F. ) ;
#1396 = EDGE_CURVE ( 'NONE', #951, #948, #990, .T. ) ;
#1397 = PRESENTATION_STYLE_ASSIGNMENT (( #1884 ) ) ;
#1398 = EDGE_LOOP ( 'NONE', ( #656, #1871, #1708, #926, #1022, #776, #558, #205 ) ) ;
#1399 = DIRECTION ( 'NONE',  ( 0.000000000000000000, 0.000000000000000000, 1.000000000000000000 ) ) ;
#1400 = CARTESIAN_POINT ( 'NONE',  ( 0.000000000000000000, 0.000000000000000000, 1.000000000000000000 ) ) ;
#1401 = DIRECTION ( 'NONE',  ( 0.000000000000000000, 0.000000000000000000, -1.000000000000000000 ) ) ;
#1402 = VERTEX_POINT ( 'NONE', #1159 ) ;
#1403 = ORIENTED_EDGE ( 'NONE', *, *, #29, .F. ) ;
#1404 = CARTESIAN_POINT ( 'NONE',  ( -8.250000000000000000, -1.999999999999999556, 1.000000000000000000 ) ) ;
#1405 = ORIENTED_EDGE ( 'NONE', *, *, #2007, .T. ) ;
#1406 = DIRECTION ( 'NONE',  ( -1.000000000000000000, 0.000000000000000000, 0.000000000000000000 ) ) ;
#1407 = ADVANCED_FACE ( 'NONE', ( #1009, #380 ), #211, .T. ) ;
#1408 = CARTESIAN_POINT ( 'NONE',  ( -8.250000000000000000, 1.200000000000000178, 1.000000000000000888 ) ) ;
#1409 = AXIS2_PLACEMENT_3D ( 'NONE', #1464, #1156, #506 ) ;
#1410 = ORIENTED_EDGE ( 'NONE', *, *, #405, .F. ) ;
#1411 = CARTESIAN_POINT ( 'NONE',  ( -3.250000000000000444, -2.000000000000034639, 1.000000000000000000 ) ) ;
#1412 = SURFACE_STYLE_USAGE ( .BOTH. , #760 ) ;
#1413 = LINE ( 'NONE', #294, #1925 ) ;
#1414 = VERTEX_POINT ( 'NONE', #1820 ) ;
#1415 = VECTOR ( 'NONE', #2128, 1000.000000000000000 ) ;
#1416 = ORIENTED_EDGE ( 'NONE', *, *, #68, .F. ) ;
#1417 = FACE_OUTER_BOUND ( 'NONE', #2069, .T. ) ;
#1418 = ORIENTED_EDGE ( 'NONE', *, *, #1201, .F. ) ;
#1419 = LINE ( 'NONE', #1842, #258 ) ;
#1420 = DIRECTION ( 'NONE',  ( -0.000000000000000000, -0.000000000000000000, -1.000000000000000000 ) ) ;
#1421 = ORIENTED_EDGE ( 'NONE', *, *, #1302, .T. ) ;
#1422 = LINE ( 'NONE', #1435, #1961 ) ;
#1423 = EDGE_CURVE ( 'NONE', #1392, #1080, #1668, .T. ) ;
#1424 = ORIENTED_EDGE ( 'NONE', *, *, #1003, .F. ) ;
#1425 = EDGE_CURVE ( 'NONE', #755, #887, #1555, .T. ) ;
#1426 = CARTESIAN_POINT ( 'NONE',  ( 8.400000000000000355, -1.400000000000001243, 6.100000000000000533 ) ) ;
#1427 = PRESENTATION_STYLE_ASSIGNMENT (( #1616 ) ) ;
#1428 = ORIENTED_EDGE ( 'NONE', *, *, #953, .F. ) ;
#1429 = VECTOR ( 'NONE', #1964, 1000.000000000000000 ) ;
#1430 = FILL_AREA_STYLE_COLOUR ( '', #1183 ) ;
#1431 = ORIENTED_EDGE ( 'NONE', *, *, #1064, .T. ) ;
#1432 =( GEOMETRIC_REPRESENTATION_CONTEXT ( 3 ) GLOBAL_UNCERTAINTY_ASSIGNED_CONTEXT ( ( #2121 ) ) GLOBAL_UNIT_ASSIGNED_CONTEXT ( ( #1809, #1324, #471 ) ) REPRESENTATION_CONTEXT ( 'NONE', 'WORKASPACE' ) );
#1433 = CARTESIAN_POINT ( 'NONE',  ( -8.400000000000000355, 0.000000000000000000, 4.400000000000000355 ) ) ;
#1434 = ORIENTED_EDGE ( 'NONE', *, *, #714, .F. ) ;
#1435 = CARTESIAN_POINT ( 'NONE',  ( 9.799999999999998934, 2.000000000000000000, 1.000000000000000888 ) ) ;
#1436 = CIRCLE ( 'NONE', #1532, 0.8999999999999998002 ) ;
#1437 = ORIENTED_EDGE ( 'NONE', *, *, #2008, .F. ) ;
#1438 = CARTESIAN_POINT ( 'NONE',  ( -9.800000000000000711, -2.000000000000000000, 4.400000000000000355 ) ) ;
#1439 = APPLICATION_PROTOCOL_DEFINITION ( 'draft international standard', 'automotive_design', 1998, #633 ) ;
#1440 =( NAMED_UNIT ( * ) SI_UNIT ( $, .STERADIAN. ) SOLID_ANGLE_UNIT ( ) );
#1441 = VECTOR ( 'NONE', #1607, 1000.000000000000000 ) ;
#1442 = EDGE_CURVE ( 'NONE', #764, #1082, #681, .T. ) ;
#1443 = VERTEX_POINT ( 'NONE', #1876 ) ;
#1444 = LINE ( 'NONE', #1977, #1258 ) ;
#1445 = ORIENTED_EDGE ( 'NONE', *, *, #1381, .F. ) ;
#1446 = CARTESIAN_POINT ( 'NONE',  ( 4.500000000000000000, 1.200000000000000178, 0.9000000000000002442 ) ) ;
#1447 = DIRECTION ( 'NONE',  ( 0.000000000000000000, 0.000000000000000000, -1.000000000000000000 ) ) ;
#1448 = ORIENTED_EDGE ( 'NONE', *, *, #2109, .T. ) ;
#1449 = DIRECTION ( 'NONE',  ( 0.000000000000000000, 0.000000000000000000, 1.000000000000000000 ) ) ;
#1450 = CARTESIAN_POINT ( 'NONE',  ( -6.750000000000000888, -1.200000000000000178, 1.000000000000000000 ) ) ;
#1451 = AXIS2_PLACEMENT_3D ( 'NONE', #1525, #1721, #2030 ) ;
#1452 = LINE ( 'NONE', #1134, #326 ) ;
#1453 = LINE ( 'NONE', #1749, #1798 ) ;
#1454 = CARTESIAN_POINT ( 'NONE',  ( 9.799999999999998934, 1.200000000000000178, 0.000000000000000000 ) ) ;
#1455 = ORIENTED_EDGE ( 'NONE', *, *, #1175, .F. ) ;
#1456 = LINE ( 'NONE', #1141, #1813 ) ;
#1457 = EDGE_CURVE ( 'NONE', #1097, #710, #2035, .T. ) ;
#1458 = MECHANICAL_DESIGN_GEOMETRIC_PRESENTATION_REPRESENTATION (  '', ( #1377 ), #1861 ) ;
#1459 = EDGE_CURVE ( 'NONE', #424, #264, #557, .T. ) ;
#1460 = ORIENTED_EDGE ( 'NONE', *, *, #1823, .T. ) ;
#1461 = DIRECTION ( 'NONE',  ( 1.000000000000000000, 0.000000000000000000, 0.000000000000000000 ) ) ;
#1462 = CARTESIAN_POINT ( 'NONE',  ( 5.500000000000000000, 1.200000000000000178, 0.9000000000000002442 ) ) ;
#1463 =( NAMED_UNIT ( * ) SI_UNIT ( $, .STERADIAN. ) SOLID_ANGLE_UNIT ( ) );
#1464 = CARTESIAN_POINT ( 'NONE',  ( 9.799999999999998934, 2.000000000000000000, 4.400000000000000355 ) ) ;
#1465 = STYLED_ITEM ( 'NONE', ( #524 ), #599 ) ;
#1466 = EDGE_LOOP ( 'NONE', ( #1428, #132, #168, #1571, #699, #83, #652, #1319 ) ) ;
#1467 = FACE_OUTER_BOUND ( 'NONE', #411, .T. ) ;
#1468 = ORIENTED_EDGE ( 'NONE', *, *, #866, .F. ) ;
#1469 = EDGE_CURVE ( 'NONE', #430, #495, #398, .T. ) ;
#1470 = STYLED_ITEM ( 'NONE', ( #304 ), #1738 ) ;
#1471 = LINE ( 'NONE', #1290, #2059 ) ;
#1472 = STYLED_ITEM ( 'NONE', ( #56 ), #1538 ) ;
#1473 = CARTESIAN_POINT ( 'NONE',  ( -9.800000000000000711, -2.000000000000000000, 0.000000000000000000 ) ) ;
#1474 = STYLED_ITEM ( 'NONE', ( #1397 ), #786 ) ;
#1475 = LINE ( 'NONE', #1167, #1972 ) ;
#1476 = LINE ( 'NONE', #1454, #197 ) ;
#1477 = FACE_OUTER_BOUND ( 'NONE', #720, .T. ) ;
#1478 = VERTEX_POINT ( 'NONE', #222 ) ;
#1479 = CARTESIAN_POINT ( 'NONE',  ( -2.500000000000000444, 0.000000000000000000, 6.100000000000000533 ) ) ;
#1480 = LINE ( 'NONE', #16, #1756 ) ;
#1481 = EDGE_CURVE ( 'NONE', #723, #1751, #569, .T. ) ;
#1482 = CARTESIAN_POINT ( 'NONE',  ( 9.799999999999998934, 1.200000000000000178, 20.61631973638276705 ) ) ;
#1483 = PRESENTATION_STYLE_ASSIGNMENT (( #648 ) ) ;
#1484 = VECTOR ( 'NONE', #874, 1000.000000000000000 ) ;
#1485 = LINE ( 'NONE', #317, #388 ) ;
#1486 = CARTESIAN_POINT ( 'NONE',  ( 9.799999999999998934, 1.200000000000000178, 20.61631973638276705 ) ) ;
#1487 = PRODUCT_DEFINITION_CONTEXT ( 'detailed design', #75, 'design' ) ;
#1488 = CARTESIAN_POINT ( 'NONE',  ( -0.5000000000000004441, -1.999999999999999112, 1.000000000000000000 ) ) ;
#1489 = VERTEX_POINT ( 'NONE', #1045 ) ;
#1490 = STYLED_ITEM ( 'NONE', ( #773 ), #2050 ) ;
#1491 = DIRECTION ( 'NONE',  ( 0.000000000000000000, -1.000000000000000000, -0.000000000000000000 ) ) ;
#1492 = CARTESIAN_POINT ( 'NONE',  ( 4.500000000000000000, -1.200000000000000178, 1.000000000000000000 ) ) ;
#1493 = CARTESIAN_POINT ( 'NONE',  ( 2.499999999999999556, 0.000000000000000000, 6.100000000000000533 ) ) ;
#1494 = ADVANCED_FACE ( 'NONE', ( #410 ), #1702, .F. ) ;
#1495 = CARTESIAN_POINT ( 'NONE',  ( -7.500000000000000888, 0.000000000000000000, 6.100000000000000533 ) ) ;
#1496 = SURFACE_STYLE_USAGE ( .BOTH. , #2026 ) ;
#1497 = ORIENTED_EDGE ( 'NONE', *, *, #1976, .T. ) ;
#1498 = DIRECTION ( 'NONE',  ( -0.000000000000000000, -0.000000000000000000, 1.000000000000000000 ) ) ;
#1499 = MECHANICAL_DESIGN_GEOMETRIC_PRESENTATION_REPRESENTATION (  '', ( #2133 ), #649 ) ;
#1500 = PLANE ( 'NONE',  #419 ) ;
#1501 = DIRECTION ( 'NONE',  ( -0.000000000000000000, -0.000000000000000000, 1.000000000000000000 ) ) ;
#1502 = FILL_AREA_STYLE_COLOUR ( '', #270 ) ;
#1503 = LINE ( 'NONE', #862, #1015 ) ;
#1504 = CARTESIAN_POINT ( 'NONE',  ( 9.799999999999998934, 2.000000000000000000, 4.400000000000000355 ) ) ;
#1505 = ADVANCED_FACE ( 'NONE', ( #244 ), #897, .F. ) ;
#1506 = SURFACE_STYLE_FILL_AREA ( #364 ) ;
#1507 = DIRECTION ( 'NONE',  ( 0.000000000000000000, 0.000000000000000000, -1.000000000000000000 ) ) ;
#1508 = CARTESIAN_POINT ( 'NONE',  ( 6.599999999999999645, -1.400000000000001243, 4.400000000000000355 ) ) ;
#1509 = DIRECTION ( 'NONE',  ( -0.000000000000000000, 0.000000000000000000, 1.000000000000000000 ) ) ;
#1510 = SURFACE_STYLE_FILL_AREA ( #169 ) ;
#1511 = VECTOR ( 'NONE', #1084, 1000.000000000000000 ) ;
#1512 = PRESENTATION_LAYER_ASSIGNMENT (  '', '', ( #691 ) ) ;
#1513 = ORIENTED_EDGE ( 'NONE', *, *, #1198, .F. ) ;
#1514 = ORIENTED_EDGE ( 'NONE', *, *, #1185, .T. ) ;
#1515 = EDGE_CURVE ( 'NONE', #264, #1742, #1056, .T. ) ;
#1516 = DIRECTION ( 'NONE',  ( 0.000000000000000000, 0.000000000000000000, -1.000000000000000000 ) ) ;
#1517 = DIRECTION ( 'NONE',  ( 0.000000000000000000, 0.000000000000000000, 1.000000000000000000 ) ) ;
#1518 = DIRECTION ( 'NONE',  ( 0.000000000000000000, 0.000000000000000000, 1.000000000000000000 ) ) ;
#1519 = DIRECTION ( 'NONE',  ( 0.000000000000000000, -1.000000000000000000, 0.000000000000000000 ) ) ;
#1520 = EDGE_LOOP ( 'NONE', ( #2036, #1259, #1679, #1437 ) ) ;
#1521 = VECTOR ( 'NONE', #1526, 1000.000000000000000 ) ;
#1522 = VERTEX_POINT ( 'NONE', #220 ) ;
#1523 = VECTOR ( 'NONE', #777, 1000.000000000000000 ) ;
#1524 = EDGE_CURVE ( 'NONE', #783, #1257, #1187, .T. ) ;
#1525 = CARTESIAN_POINT ( 'NONE',  ( 4.500000000000000000, -1.999999999999999112, 0.9000000000000002442 ) ) ;
#1526 = DIRECTION ( 'NONE',  ( -0.000000000000000000, -0.000000000000000000, 1.000000000000000000 ) ) ;
#1527 = FACE_OUTER_BOUND ( 'NONE', #921, .T. ) ;
#1528 = COLOUR_RGB ( '',0.1176470588235294101, 0.8196078431372548767, 1.000000000000000000 ) ;
#1529 = DIRECTION ( 'NONE',  ( -0.000000000000000000, -1.000000000000000000, -0.000000000000000000 ) ) ;
#1530 = DIRECTION ( 'NONE',  ( 4.425314989736752389E-17, -1.000000000000000000, 0.000000000000000000 ) ) ;
#1531 = ORIENTED_EDGE ( 'NONE', *, *, #1553, .F. ) ;
#1532 = AXIS2_PLACEMENT_3D ( 'NONE', #694, #1843, #1681 ) ;
#1533 = FACE_BOUND ( 'NONE', #1067, .T. ) ;
#1534 = VERTEX_POINT ( 'NONE', #27 ) ;
#1535 = VERTEX_POINT ( 'NONE', #684 ) ;
#1536 = COLOUR_RGB ( '',1.000000000000000000, 0.000000000000000000, 0.000000000000000000 ) ;
#1537 = DIRECTION ( 'NONE',  ( -1.000000000000000000, 0.000000000000000000, 0.000000000000000000 ) ) ;
#1538 = ADVANCED_FACE ( 'NONE', ( #1527 ), #1331, .F. ) ;
#1539 = LINE ( 'NONE', #207, #338 ) ;
#1540 = LINE ( 'NONE', #518, #1572 ) ;
#1541 = ADVANCED_FACE ( 'NONE', ( #1035 ), #67, .T. ) ;
#1542 = DIRECTION ( 'NONE',  ( 0.000000000000000000, 1.000000000000000000, 0.000000000000000000 ) ) ;
#1543 = CARTESIAN_POINT ( 'NONE',  ( 3.249999999999999556, -2.000000000000069278, 1.000000000000000000 ) ) ;
#1544 = ORIENTED_EDGE ( 'NONE', *, *, #445, .F. ) ;
#1545 = ORIENTED_EDGE ( 'NONE', *, *, #1946, .T. ) ;
#1546 = LINE ( 'NONE', #562, #552 ) ;
#1547 = AXIS2_PLACEMENT_3D ( 'NONE', #2060, #582, #1069 ) ;
#1548 = ORIENTED_EDGE ( 'NONE', *, *, #1442, .T. ) ;
#1549 = ORIENTED_EDGE ( 'NONE', *, *, #1014, .F. ) ;
#1550 = SURFACE_STYLE_FILL_AREA ( #1909 ) ;
#1551 = CARTESIAN_POINT ( 'NONE',  ( -8.250000000000000000, -1.999999999999999556, 1.000000000000000000 ) ) ;
#1552 = PLANE ( 'NONE',  #1879 ) ;
#1553 = EDGE_CURVE ( 'NONE', #945, #877, #1828, .T. ) ;
#1554 = DIRECTION ( 'NONE',  ( -0.000000000000000000, -0.000000000000000000, -1.000000000000000000 ) ) ;
#1555 = LINE ( 'NONE', #1369, #1266 ) ;
#1556 = ORIENTED_EDGE ( 'NONE', *, *, #333, .F. ) ;
#1557 = EDGE_CURVE ( 'NONE', #2124, #1094, #869, .T. ) ;
#1558 = ORIENTED_EDGE ( 'NONE', *, *, #213, .F. ) ;
#1559 = LINE ( 'NONE', #1394, #834 ) ;
#1560 = ORIENTED_EDGE ( 'NONE', *, *, #658, .F. ) ;
#1561 = VECTOR ( 'NONE', #1196, 1000.000000000000000 ) ;
#1562 = LINE ( 'NONE', #1216, #589 ) ;
#1563 = VERTEX_POINT ( 'NONE', #44 ) ;
#1564 = FACE_OUTER_BOUND ( 'NONE', #1211, .T. ) ;
#1565 = FACE_OUTER_BOUND ( 'NONE', #511, .T. ) ;
#1566 = EDGE_LOOP ( 'NONE', ( #597, #1579, #1795, #1050 ) ) ;
#1567 = VECTOR ( 'NONE', #1399, 1000.000000000000000 ) ;
#1568 = ORIENTED_EDGE ( 'NONE', *, *, #491, .F. ) ;
#1569 = CARTESIAN_POINT ( 'NONE',  ( -0.5000000000000004441, -1.999999999999999112, 4.400000000000000355 ) ) ;
#1570 = EDGE_CURVE ( 'NONE', #1606, #1784, #360, .T. ) ;
#1571 = ORIENTED_EDGE ( 'NONE', *, *, #1755, .T. ) ;
#1572 = VECTOR ( 'NONE', #1168, 1000.000000000000000 ) ;
#1573 = CIRCLE ( 'NONE', #460, 0.8999999999999998002 ) ;
#1574 = LINE ( 'NONE', #553, #245 ) ;
#1575 = ORIENTED_EDGE ( 'NONE', *, *, #1042, .T. ) ;
#1576 = SURFACE_STYLE_USAGE ( .BOTH. , #278 ) ;
#1577 = DIRECTION ( 'NONE',  ( 0.000000000000000000, 0.000000000000000000, 1.000000000000000000 ) ) ;
#1578 = SURFACE_SIDE_STYLE ('',( #787 ) ) ;
#1579 = ORIENTED_EDGE ( 'NONE', *, *, #2062, .T. ) ;
#1580 = ORIENTED_EDGE ( 'NONE', *, *, #227, .F. ) ;
#1581 = CARTESIAN_POINT ( 'NONE',  ( 1.749999999999999778, -1.200000000000000178, 1.000000000000000000 ) ) ;
#1582 = ORIENTED_EDGE ( 'NONE', *, *, #522, .F. ) ;
#1583 = CARTESIAN_POINT ( 'NONE',  ( 4.500000000000000000, -1.200000000000000178, 0.9000000000000002442 ) ) ;
#1584 = EDGE_CURVE ( 'NONE', #1534, #1222, #1992, .T. ) ;
#1585 = LINE ( 'NONE', #138, #2024 ) ;
#1586 = CIRCLE ( 'NONE', #591, 0.8999999999999998002 ) ;
#1587 = EDGE_LOOP ( 'NONE', ( #1243, #580, #1772, #1225 ) ) ;
#1588 = DIRECTION ( 'NONE',  ( 0.000000000000000000, 0.000000000000000000, -1.000000000000000000 ) ) ;
#1589 =( NAMED_UNIT ( * ) SI_UNIT ( $, .STERADIAN. ) SOLID_ANGLE_UNIT ( ) );
#1590 = DIRECTION ( 'NONE',  ( 0.000000000000000000, -1.000000000000000000, 0.000000000000000000 ) ) ;
#1591 = ORIENTED_EDGE ( 'NONE', *, *, #1976, .F. ) ;
#1592 = CIRCLE ( 'NONE', #292, 0.8999999999999998002 ) ;
#1593 = ORIENTED_EDGE ( 'NONE', *, *, #1515, .F. ) ;
#1594 = CARTESIAN_POINT ( 'NONE',  ( 5.500000000000000000, 1.999999999999999112, 4.400000000000000355 ) ) ;
#1595 = ORIENTED_EDGE ( 'NONE', *, *, #100, .T. ) ;
#1596 = LINE ( 'NONE', #1757, #450 ) ;
#1597 = SURFACE_SIDE_STYLE ('',( #1297 ) ) ;
#1598 = EDGE_LOOP ( 'NONE', ( #625, #466, #373, #1930 ) ) ;
#1599 = CARTESIAN_POINT ( 'NONE',  ( 8.249999999999998224, -2.000000000000104361, 0.000000000000000000 ) ) ;
#1600 = EDGE_CURVE ( 'NONE', #798, #1172, #408, .T. ) ;
#1601 = ORIENTED_EDGE ( 'NONE', *, *, #1175, .T. ) ;
#1602 = LINE ( 'NONE', #1218, #1844 ) ;
#1603 = DIRECTION ( 'NONE',  ( 0.000000000000000000, 0.000000000000000000, 1.000000000000000000 ) ) ;
#1604 = ORIENTED_EDGE ( 'NONE', *, *, #22, .T. ) ;
#1605 = CARTESIAN_POINT ( 'NONE',  ( 8.249999999999998224, -2.000000000000104361, 1.000000000000000000 ) ) ;
#1606 = VERTEX_POINT ( 'NONE', #1700 ) ;
#1607 = DIRECTION ( 'NONE',  ( 1.000000000000000000, 0.000000000000000000, 0.000000000000000000 ) ) ;
#1608 = CARTESIAN_POINT ( 'NONE',  ( 0.000000000000000000, 0.000000000000000000, 0.000000000000000000 ) ) ;
#1609 = ORIENTED_EDGE ( 'NONE', *, *, #895, .F. ) ;
#1610 = CARTESIAN_POINT ( 'NONE',  ( 3.399999999999999467, 1.102182119232618034E-16, 4.400000000000000355 ) ) ;
#1611 = VECTOR ( 'NONE', #266, 1000.000000000000000 ) ;
#1612 = ORIENTED_EDGE ( 'NONE', *, *, #1915, .F. ) ;
#1613 = LINE ( 'NONE', #140, #577 ) ;
#1614 = EDGE_CURVE ( 'NONE', #1172, #798, #1436, .T. ) ;
#1615 = LINE ( 'NONE', #469, #341 ) ;
#1616 = SURFACE_STYLE_USAGE ( .BOTH. , #1578 ) ;
#1617 = DIRECTION ( 'NONE',  ( 1.000000000000000000, 0.000000000000000000, 0.000000000000000000 ) ) ;
#1618 = ORIENTED_EDGE ( 'NONE', *, *, #879, .F. ) ;
#1619 = ADVANCED_FACE ( 'NONE', ( #2022 ), #397, .T. ) ;
#1620 = UNCERTAINTY_MEASURE_WITH_UNIT (LENGTH_MEASURE( 1.000000000000000082E-05 ), #2118, 'distance_accuracy_value', 'NONE');
#1621 = LINE ( 'NONE', #496, #870 ) ;
#1622 = DIRECTION ( 'NONE',  ( 1.000000000000000000, 0.000000000000000000, 0.000000000000000000 ) ) ;
#1623 = ORIENTED_EDGE ( 'NONE', *, *, #1557, .T. ) ;
#1624 = DIRECTION ( 'NONE',  ( -0.000000000000000000, -1.000000000000000000, -0.000000000000000000 ) ) ;
#1625 = FACE_OUTER_BOUND ( 'NONE', #1587, .T. ) ;
#1626 = COLOUR_RGB ( '',0.01176470588235294101, 1.000000000000000000, 0.09411764705882352811 ) ;
#1627 = FILL_AREA_STYLE ('',( #340 ) ) ;
#1628 = CARTESIAN_POINT ( 'NONE',  ( 0.000000000000000000, 0.000000000000000000, 0.9000000000000002442 ) ) ;
#1629 = EDGE_CURVE ( 'NONE', #783, #876, #1540, .T. ) ;
#1630 = PRESENTATION_STYLE_ASSIGNMENT (( #351 ) ) ;
#1631 = ORIENTED_EDGE ( 'NONE', *, *, #815, .T. ) ;
#1632 = CARTESIAN_POINT ( 'NONE',  ( 9.800000000000000711, -2.000000000000000000, 0.000000000000000000 ) ) ;
#1633 = VECTOR ( 'NONE', #1542, 1000.000000000000000 ) ;
#1634 = EDGE_CURVE ( 'NONE', #609, #1733, #1666, .T. ) ;
#1635 = LINE ( 'NONE', #48, #1149 ) ;
#1636 = DIRECTION ( 'NONE',  ( -1.000000000000000000, 1.204669080539448604E-16, -0.000000000000000000 ) ) ;
#1637 =( GEOMETRIC_REPRESENTATION_CONTEXT ( 3 ) GLOBAL_UNCERTAINTY_ASSIGNED_CONTEXT ( ( #1295 ) ) GLOBAL_UNIT_ASSIGNED_CONTEXT ( ( #38, #1676, #549 ) ) REPRESENTATION_CONTEXT ( 'NONE', 'WORKASPACE' ) );
#1638 = CARTESIAN_POINT ( 'NONE',  ( -4.500000000000000888, 1.200000000000000178, 1.000000000000000888 ) ) ;
#1639 = SURFACE_SIDE_STYLE ('',( #640 ) ) ;
#1640 = VECTOR ( 'NONE', #229, 1000.000000000000000 ) ;
#1641 = ORIENTED_EDGE ( 'NONE', *, *, #2008, .T. ) ;
#1642 = DIRECTION ( 'NONE',  ( -0.000000000000000000, -1.000000000000000000, -0.000000000000000000 ) ) ;
#1643 = MECHANICAL_DESIGN_GEOMETRIC_PRESENTATION_REPRESENTATION (  '', ( #1910 ), #2016 ) ;
#1644 = ADVANCED_FACE ( 'NONE', ( #1564 ), #1552, .T. ) ;
#1645 = ORIENTED_EDGE ( 'NONE', *, *, #42, .F. ) ;
#1646 = DIRECTION ( 'NONE',  ( -0.000000000000000000, -0.000000000000000000, -1.000000000000000000 ) ) ;
#1647 = DIRECTION ( 'NONE',  ( -0.000000000000000000, -0.000000000000000000, 1.000000000000000000 ) ) ;
#1648 = VECTOR ( 'NONE', #1341, 1000.000000000000000 ) ;
#1649 = CARTESIAN_POINT ( 'NONE',  ( 8.249999999999998224, -1.200000000000000178, 1.000000000000000000 ) ) ;
#1650 = PLANE ( 'NONE',  #481 ) ;
#1651 = DIRECTION ( 'NONE',  ( 1.000000000000000000, 0.000000000000000000, -0.000000000000000000 ) ) ;
#1652 = ORIENTED_EDGE ( 'NONE', *, *, #966, .F. ) ;
#1653 = ADVANCED_FACE ( 'NONE', ( #1229 ), #456, .F. ) ;
#1654 = DIRECTION ( 'NONE',  ( 0.000000000000000000, 0.000000000000000000, -1.000000000000000000 ) ) ;
#1655 = EDGE_CURVE ( 'NONE', #910, #102, #772, .T. ) ;
#1656 = LINE ( 'NONE', #514, #146 ) ;
#1657 = VECTOR ( 'NONE', #313, 1000.000000000000000 ) ;
#1658 = PLANE ( 'NONE',  #209 ) ;
#1659 = DIRECTION ( 'NONE',  ( 0.000000000000000000, 0.000000000000000000, -1.000000000000000000 ) ) ;
#1660 = CARTESIAN_POINT ( 'NONE',  ( -6.750000000000000888, 1.200000000000000178, 1.000000000000000000 ) ) ;
#1661 = ORIENTED_EDGE ( 'NONE', *, *, #1336, .F. ) ;
#1662 = CARTESIAN_POINT ( 'NONE',  ( 5.500000000000000000, -1.999999999999999112, 0.9000000000000002442 ) ) ;
#1663 = LINE ( 'NONE', #190, #2111 ) ;
#1664 = ADVANCED_FACE ( 'NONE', ( #928 ), #727, .F. ) ;
#1665 = CARTESIAN_POINT ( 'NONE',  ( 6.749999999999999112, 1.200000000000000622, 0.000000000000000000 ) ) ;
#1666 = LINE ( 'NONE', #441, #1611 ) ;
#1667 = FILL_AREA_STYLE ('',( #1358 ) ) ;
#1668 = LINE ( 'NONE', #697, #25 ) ;
#1669 = AXIS2_PLACEMENT_3D ( 'NONE', #45, #556, #1674 ) ;
#1670 = SURFACE_SIDE_STYLE ('',( #1506 ) ) ;
#1671 = DIRECTION ( 'NONE',  ( -0.000000000000000000, -1.000000000000000000, -0.000000000000000000 ) ) ;
#1672 = ADVANCED_FACE ( 'NONE', ( #1762 ), #1747, .F. ) ;
#1673 = VECTOR ( 'NONE', #1624, 1000.000000000000000 ) ;
#1674 = DIRECTION ( 'NONE',  ( -1.000000000000000000, 0.000000000000000000, -0.000000000000000000 ) ) ;
#1675 = FACE_OUTER_BOUND ( 'NONE', #803, .T. ) ;
#1676 =( NAMED_UNIT ( * ) PLANE_ANGLE_UNIT ( ) SI_UNIT ( $, .RADIAN. ) );
#1677 = EDGE_CURVE ( 'NONE', #216, #1742, #1602, .T. ) ;
#1678 = ORIENTED_EDGE ( 'NONE', *, *, #20, .T. ) ;
#1679 = ORIENTED_EDGE ( 'NONE', *, *, #1014, .T. ) ;
#1680 = CARTESIAN_POINT ( 'NONE',  ( 5.500000000000000000, -1.999999999999999112, 4.400000000000000355 ) ) ;
#1681 = DIRECTION ( 'NONE',  ( 1.000000000000000000, 0.000000000000000000, 0.000000000000000000 ) ) ;
#1682 = CARTESIAN_POINT ( 'NONE',  ( -1.600000000000000755, 1.102182119232617788E-16, 6.100000000000000533 ) ) ;
#1683 = CARTESIAN_POINT ( 'NONE',  ( 9.800000000000000711, -1.200000000000000178, 20.61631973638276705 ) ) ;
#1684 = LINE ( 'NONE', #816, #328 ) ;
#1685 = ADVANCED_FACE ( 'NONE', ( #1253 ), #894, .T. ) ;
#1686 = EDGE_LOOP ( 'NONE', ( #421, #1718, #120, #1726 ) ) ;
#1687 = EDGE_LOOP ( 'NONE', ( #1737, #753, #611, #1294 ) ) ;
#1688 = PRESENTATION_LAYER_ASSIGNMENT (  '', '', ( #151 ) ) ;
#1689 = CARTESIAN_POINT ( 'NONE',  ( 3.249999999999999556, 1.200000000000000178, 0.000000000000000000 ) ) ;
#1690 = PLANE ( 'NONE',  #1838 ) ;
#1691 = DIRECTION ( 'NONE',  ( 1.000000000000000000, 0.000000000000000000, 0.000000000000000000 ) ) ;
#1692 =( LENGTH_UNIT ( ) NAMED_UNIT ( * ) SI_UNIT ( .MILLI., .METRE. ) );
#1693 = DIRECTION ( 'NONE',  ( -0.000000000000000000, -0.000000000000000000, -1.000000000000000000 ) ) ;
#1694 = VERTEX_POINT ( 'NONE', #2055 ) ;
#1695 = ORIENTED_EDGE ( 'NONE', *, *, #1298, .T. ) ;
#1696 = ORIENTED_EDGE ( 'NONE', *, *, #1872, .F. ) ;
#1697 = ADVANCED_FACE ( 'NONE', ( #103 ), #1897, .F. ) ;
#1698 =( GEOMETRIC_REPRESENTATION_CONTEXT ( 3 ) GLOBAL_UNCERTAINTY_ASSIGNED_CONTEXT ( ( #1793 ) ) GLOBAL_UNIT_ASSIGNED_CONTEXT ( ( #819, #1146, #1763 ) ) REPRESENTATION_CONTEXT ( 'NONE', 'WORKASPACE' ) );
#1699 = PLANE ( 'NONE',  #702 ) ;
#1700 = CARTESIAN_POINT ( 'NONE',  ( 6.599999999999999645, 1.399999999999998579, 4.400000000000000355 ) ) ;
#1701 = LINE ( 'NONE', #1347, #767 ) ;
#1702 = PLANE ( 'NONE',  #2023 ) ;
#1703 = ORIENTED_EDGE ( 'NONE', *, *, #1634, .F. ) ;
#1704 = ORIENTED_EDGE ( 'NONE', *, *, #1752, .F. ) ;
#1705 = VECTOR ( 'NONE', #1716, 1000.000000000000000 ) ;
#1706 = PLANE ( 'NONE',  #69 ) ;
#1707 = ORIENTED_EDGE ( 'NONE', *, *, #940, .F. ) ;
#1708 = ORIENTED_EDGE ( 'NONE', *, *, #2109, .F. ) ;
#1709 = EDGE_CURVE ( 'NONE', #789, #1535, #749, .T. ) ;
#1710 = VECTOR ( 'NONE', #464, 1000.000000000000000 ) ;
#1711 = CARTESIAN_POINT ( 'NONE',  ( 5.500000000000000000, 1.999999999999999112, 0.9000000000000002442 ) ) ;
#1712 = EDGE_CURVE ( 'NONE', #206, #876, #1912, .T. ) ;
#1713 = CARTESIAN_POINT ( 'NONE',  ( 9.799999999999998934, 2.000000000000000000, 0.000000000000000000 ) ) ;
#1714 = DIRECTION ( 'NONE',  ( 1.000000000000000000, -0.000000000000000000, 0.000000000000000000 ) ) ;
#1715 = DIRECTION ( 'NONE',  ( -1.000000000000000000, 0.000000000000000000, 0.000000000000000000 ) ) ;
#1716 = DIRECTION ( 'NONE',  ( 1.000000000000000000, 0.000000000000000000, 0.000000000000000000 ) ) ;
#1717 = ORIENTED_EDGE ( 'NONE', *, *, #806, .F. ) ;
#1718 = ORIENTED_EDGE ( 'NONE', *, *, #1524, .T. ) ;
#1719 = DIRECTION ( 'NONE',  ( 0.000000000000000000, 0.000000000000000000, 1.000000000000000000 ) ) ;
#1720 = ORIENTED_EDGE ( 'NONE', *, *, #1302, .F. ) ;
#1721 = DIRECTION ( 'NONE',  ( -1.000000000000000000, 0.000000000000000000, 0.000000000000000000 ) ) ;
#1722 = AXIS2_PLACEMENT_3D ( 'NONE', #389, #1008, #538 ) ;
#1723 = FILL_AREA_STYLE ('',( #116 ) ) ;
#1724 = ADVANCED_FACE ( 'NONE', ( #1734 ), #480, .F. ) ;
#1725 = DIRECTION ( 'NONE',  ( 1.000000000000000000, 0.000000000000000000, 0.000000000000000000 ) ) ;
#1726 = ORIENTED_EDGE ( 'NONE', *, *, #1712, .T. ) ;
#1727 = ORIENTED_EDGE ( 'NONE', *, *, #909, .T. ) ;
#1728 = DIRECTION ( 'NONE',  ( 0.000000000000000000, 0.000000000000000000, -1.000000000000000000 ) ) ;
#1729 = VECTOR ( 'NONE', #1806, 1000.000000000000000 ) ;
#1730 = ORIENTED_EDGE ( 'NONE', *, *, #714, .T. ) ;
#1731 = MECHANICAL_DESIGN_GEOMETRIC_PRESENTATION_REPRESENTATION (  '', ( #1465 ), #432 ) ;
#1732 = VECTOR ( 'NONE', #979, 1000.000000000000000 ) ;
#1733 = VERTEX_POINT ( 'NONE', #1450 ) ;
#1734 = FACE_OUTER_BOUND ( 'NONE', #1162, .T. ) ;
#1735 = CARTESIAN_POINT ( 'NONE',  ( -5.500000000000000888, -1.999999999999999112, 0.9000000000000002442 ) ) ;
#1736 = LINE ( 'NONE', #2105, #620 ) ;
#1737 = ORIENTED_EDGE ( 'NONE', *, *, #815, .F. ) ;
#1738 = ADVANCED_FACE ( 'NONE', ( #1625 ), #1124, .F. ) ;
#1739 = ORIENTED_EDGE ( 'NONE', *, *, #1111, .F. ) ;
#1740 = FACE_OUTER_BOUND ( 'NONE', #1103, .T. ) ;
#1741 = EDGE_CURVE ( 'NONE', #1949, #723, #1613, .T. ) ;
#1742 = VERTEX_POINT ( 'NONE', #1462 ) ;
#1743 = MECHANICAL_DESIGN_GEOMETRIC_PRESENTATION_REPRESENTATION (  '', ( #1472 ), #1334 ) ;
#1744 = DIRECTION ( 'NONE',  ( -1.000000000000000000, 1.204669080539448604E-16, -0.000000000000000000 ) ) ;
#1745 = DIRECTION ( 'NONE',  ( -0.000000000000000000, -0.000000000000000000, 1.000000000000000000 ) ) ;
#1746 = EDGE_LOOP ( 'NONE', ( #1839, #1374, #1548, #1717 ) ) ;
#1747 = PLANE ( 'NONE',  #654 ) ;
#1748 =( NAMED_UNIT ( * ) PLANE_ANGLE_UNIT ( ) SI_UNIT ( $, .RADIAN. ) );
#1749 = CARTESIAN_POINT ( 'NONE',  ( -0.5000000000000004441, -1.200000000000000178, 0.9000000000000002442 ) ) ;
#1750 = VERTEX_POINT ( 'NONE', #2127 ) ;
#1751 = VERTEX_POINT ( 'NONE', #637 ) ;
#1752 = EDGE_CURVE ( 'NONE', #455, #1066, #977, .T. ) ;
#1753 = DIRECTION ( 'NONE',  ( -0.000000000000000000, 0.000000000000000000, 1.000000000000000000 ) ) ;
#1754 = ORIENTED_EDGE ( 'NONE', *, *, #9, .F. ) ;
#1755 = EDGE_CURVE ( 'NONE', #216, #424, #155, .T. ) ;
#1756 = VECTOR ( 'NONE', #180, 1000.000000000000000 ) ;
#1757 = CARTESIAN_POINT ( 'NONE',  ( -1.750000000000000666, 1.200000000000000178, 1.000000000000000000 ) ) ;
#1758 = CARTESIAN_POINT ( 'NONE',  ( 3.249999999999999556, -1.200000000000000178, 0.000000000000000000 ) ) ;
#1759 = ORIENTED_EDGE ( 'NONE', *, *, #2077, .T. ) ;
#1760 = DIRECTION ( 'NONE',  ( 0.000000000000000000, 0.000000000000000000, -1.000000000000000000 ) ) ;
#1761 = VERTEX_POINT ( 'NONE', #1136 ) ;
#1762 = FACE_OUTER_BOUND ( 'NONE', #64, .T. ) ;
#1763 =( NAMED_UNIT ( * ) SI_UNIT ( $, .STERADIAN. ) SOLID_ANGLE_UNIT ( ) );
#1764 = PLANE ( 'NONE',  #62 ) ;
#1765 = MECHANICAL_DESIGN_GEOMETRIC_PRESENTATION_REPRESENTATION (  '', ( #1490 ), #2116 ) ;
#1766 = ORIENTED_EDGE ( 'NONE', *, *, #1570, .F. ) ;
#1767 = DIRECTION ( 'NONE',  ( -4.336808689942018722E-16, 1.000000000000000000, 0.000000000000000000 ) ) ;
#1768 = ORIENTED_EDGE ( 'NONE', *, *, #744, .F. ) ;
#1769 = FACE_OUTER_BOUND ( 'NONE', #1997, .T. ) ;
#1770 = PLANE ( 'NONE',  #2011 ) ;
#1771 = ADVANCED_FACE ( 'NONE', ( #1115 ), #2119, .T. ) ;
#1772 = ORIENTED_EDGE ( 'NONE', *, *, #790, .F. ) ;
#1773 = DIRECTION ( 'NONE',  ( 0.000000000000000000, 1.000000000000000000, 0.000000000000000000 ) ) ;
#1774 = EDGE_LOOP ( 'NONE', ( #1129, #923, #246, #95 ) ) ;
#1775 = EDGE_CURVE ( 'NONE', #825, #1289, #1791, .T. ) ;
#1776 = DIRECTION ( 'NONE',  ( 0.000000000000000000, -0.000000000000000000, 1.000000000000000000 ) ) ;
#1777 = DIRECTION ( 'NONE',  ( 0.000000000000000000, 0.000000000000000000, 1.000000000000000000 ) ) ;
#1778 = CARTESIAN_POINT ( 'NONE',  ( -9.800000000000002487, 1.999999999999999112, 4.400000000000000355 ) ) ;
#1779 = ORIENTED_EDGE ( 'NONE', *, *, #274, .T. ) ;
#1780 = PLANE ( 'NONE',  #2090 ) ;
#1781 = AXIS2_PLACEMENT_3D ( 'NONE', #1, #670, #1617 ) ;
#1782 = DIRECTION ( 'NONE',  ( 1.000000000000000000, 0.000000000000000000, 0.000000000000000000 ) ) ;
#1783 = DIRECTION ( 'NONE',  ( 0.000000000000000000, 0.000000000000000000, -1.000000000000000000 ) ) ;
#1784 = VERTEX_POINT ( 'NONE', #318 ) ;
#1785 = CARTESIAN_POINT ( 'NONE',  ( -6.600000000000000533, 1.102182119232617295E-16, 6.100000000000000533 ) ) ;
#1786 = EDGE_CURVE ( 'NONE', #1750, #664, #307, .T. ) ;
#1787 = CARTESIAN_POINT ( 'NONE',  ( 6.599999999999999645, -1.400000000000001243, 6.100000000000000533 ) ) ;
#1788 = EDGE_CURVE ( 'NONE', #264, #813, #1966, .T. ) ;
#1789 = LINE ( 'NONE', #316, #1415 ) ;
#1790 = DIRECTION ( 'NONE',  ( 0.000000000000000000, 0.000000000000000000, 1.000000000000000000 ) ) ;
#1791 = LINE ( 'NONE', #1778, #52 ) ;
#1792 = ORIENTED_EDGE ( 'NONE', *, *, #1996, .T. ) ;
#1793 = UNCERTAINTY_MEASURE_WITH_UNIT (LENGTH_MEASURE( 1.000000000000000082E-05 ), #819, 'distance_accuracy_value', 'NONE');
#1794 = DIRECTION ( 'NONE',  ( -0.000000000000000000, -1.000000000000000000, -0.000000000000000000 ) ) ;
#1795 = ORIENTED_EDGE ( 'NONE', *, *, #1600, .T. ) ;
#1796 = LINE ( 'NONE', #769, #918 ) ;
#1797 = VECTOR ( 'NONE', #1322, 1000.000000000000000 ) ;
#1798 = VECTOR ( 'NONE', #1401, 1000.000000000000000 ) ;
#1799 = CARTESIAN_POINT ( 'NONE',  ( 5.500000000000000000, -1.999999999999999112, 1.000000000000000000 ) ) ;
#1800 = CARTESIAN_POINT ( 'NONE',  ( 4.500000000000000000, 1.200000000000000178, 1.000000000000000000 ) ) ;
#1801 = DIRECTION ( 'NONE',  ( -0.000000000000000000, -0.000000000000000000, -1.000000000000000000 ) ) ;
#1802 = EDGE_CURVE ( 'NONE', #223, #453, #1262, .T. ) ;
#1803 = VERTEX_POINT ( 'NONE', #965 ) ;
#1804 = DIRECTION ( 'NONE',  ( 0.000000000000000000, 1.000000000000000000, 0.000000000000000000 ) ) ;
#1805 = ORIENTED_EDGE ( 'NONE', *, *, #1111, .T. ) ;
#1806 = DIRECTION ( 'NONE',  ( 0.000000000000000000, 0.000000000000000000, 1.000000000000000000 ) ) ;
#1807 = DIRECTION ( 'NONE',  ( 1.000000000000000000, 0.000000000000000000, 0.000000000000000000 ) ) ;
#1808 = FACE_OUTER_BOUND ( 'NONE', #708, .T. ) ;
#1809 =( LENGTH_UNIT ( ) NAMED_UNIT ( * ) SI_UNIT ( .MILLI., .METRE. ) );
#1810 = UNCERTAINTY_MEASURE_WITH_UNIT (LENGTH_MEASURE( 1.000000000000000082E-05 ), #13, 'distance_accuracy_value', 'NONE');
#1811 = FACE_OUTER_BOUND ( 'NONE', #1271, .T. ) ;
#1812 = ADVANCED_FACE ( 'NONE', ( #1955 ), #142, .T. ) ;
#1813 = VECTOR ( 'NONE', #2132, 1000.000000000000000 ) ;
#1814 = ORIENTED_EDGE ( 'NONE', *, *, #732, .T. ) ;
#1815 = FACE_BOUND ( 'NONE', #891, .T. ) ;
#1816 =( NAMED_UNIT ( * ) SI_UNIT ( $, .STERADIAN. ) SOLID_ANGLE_UNIT ( ) );
#1817 = AXIS2_PLACEMENT_3D ( 'NONE', #387, #201, #33 ) ;
#1818 = DIRECTION ( 'NONE',  ( 1.000000000000000000, 0.000000000000000000, -0.000000000000000000 ) ) ;
#1819 = CARTESIAN_POINT ( 'NONE',  ( -5.500000000000000888, -1.999999999999999112, 0.9000000000000002442 ) ) ;
#1820 = CARTESIAN_POINT ( 'NONE',  ( 8.400000000000000355, 1.399999999999998579, 6.100000000000000533 ) ) ;
#1821 = VECTOR ( 'NONE', #1095, 1000.000000000000000 ) ;
#1822 = EDGE_LOOP ( 'NONE', ( #1278, #335, #148, #1814 ) ) ;
#1823 = EDGE_CURVE ( 'NONE', #877, #609, #802, .T. ) ;
#1824 = CARTESIAN_POINT ( 'NONE',  ( -3.249999999999999556, 1.200000000000000178, 1.000000000000000888 ) ) ;
#1825 = FACE_OUTER_BOUND ( 'NONE', #71, .T. ) ;
#1826 = AXIS2_PLACEMENT_3D ( 'NONE', #721, #889, #911 ) ;
#1827 = DIRECTION ( 'NONE',  ( 1.000000000000000000, 0.000000000000000000, 0.000000000000000000 ) ) ;
#1828 = LINE ( 'NONE', #555, #1303 ) ;
#1829 = UNCERTAINTY_MEASURE_WITH_UNIT (LENGTH_MEASURE( 1.000000000000000082E-05 ), #1338, 'distance_accuracy_value', 'NONE');
#1830 = LINE ( 'NONE', #1190, #374 ) ;
#1831 = VERTEX_POINT ( 'NONE', #821 ) ;
#1832 = EDGE_CURVE ( 'NONE', #412, #503, #1476, .T. ) ;
#1833 = EDGE_CURVE ( 'NONE', #1080, #1066, #1316, .T. ) ;
#1834 = LINE ( 'NONE', #1024, #1254 ) ;
#1835 = DIRECTION ( 'NONE',  ( 0.000000000000000000, 0.000000000000000000, -1.000000000000000000 ) ) ;
#1836 = CARTESIAN_POINT ( 'NONE',  ( -9.800000000000000711, -2.000000000000000000, 4.400000000000000355 ) ) ;
#1837 = DIRECTION ( 'NONE',  ( 0.000000000000000000, 1.000000000000000000, 0.000000000000000000 ) ) ;
#1838 = AXIS2_PLACEMENT_3D ( 'NONE', #219, #1366, #2031 ) ;
#1839 = ORIENTED_EDGE ( 'NONE', *, *, #1899, .F. ) ;
#1840 = VECTOR ( 'NONE', #425, 1000.000000000000000 ) ;
#1841 = ADVANCED_FACE ( 'NONE', ( #832 ), #1650, .T. ) ;
#1842 = CARTESIAN_POINT ( 'NONE',  ( -0.5000000000000004441, -1.999999999999999112, 0.9000000000000002442 ) ) ;
#1843 = DIRECTION ( 'NONE',  ( 0.000000000000000000, 0.000000000000000000, 1.000000000000000000 ) ) ;
#1844 = VECTOR ( 'NONE', #1074, 1000.000000000000000 ) ;
#1845 = ADVANCED_FACE ( 'NONE', ( #2025 ), #706, .F. ) ;
#1846 = VECTOR ( 'NONE', #1277, 1000.000000000000000 ) ;
#1847 = SURFACE_STYLE_USAGE ( .BOTH. , #840 ) ;
#1848 = DIRECTION ( 'NONE',  ( -4.336808689942017736E-16, 1.000000000000000000, -0.000000000000000000 ) ) ;
#1849 = ORIENTED_EDGE ( 'NONE', *, *, #1741, .F. ) ;
#1850 = VERTEX_POINT ( 'NONE', #1026 ) ;
#1851 = CARTESIAN_POINT ( 'NONE',  ( -6.750000000000000888, -1.200000000000000178, 0.000000000000000000 ) ) ;
#1852 = LINE ( 'NONE', #1713, #981 ) ;
#1853 = DIRECTION ( 'NONE',  ( -1.000000000000000000, -4.425314989736752389E-17, -0.000000000000000000 ) ) ;
#1854 = VECTOR ( 'NONE', #1807, 1000.000000000000000 ) ;
#1855 = CARTESIAN_POINT ( 'NONE',  ( -4.500000000000000888, -1.200000000000000178, 1.000000000000000000 ) ) ;
#1856 = DIRECTION ( 'NONE',  ( 1.000000000000000000, 0.000000000000000000, 0.000000000000000000 ) ) ;
#1857 = EDGE_CURVE ( 'NONE', #1327, #764, #1993, .T. ) ;
#1858 = AXIS2_PLACEMENT_3D ( 'NONE', #175, #831, #997 ) ;
#1859 = ORIENTED_EDGE ( 'NONE', *, *, #344, .T. ) ;
#1860 = VERTEX_POINT ( 'NONE', #528 ) ;
#1861 =( GEOMETRIC_REPRESENTATION_CONTEXT ( 3 ) GLOBAL_UNCERTAINTY_ASSIGNED_CONTEXT ( ( #177 ) ) GLOBAL_UNIT_ASSIGNED_CONTEXT ( ( #1692, #195, #871 ) ) REPRESENTATION_CONTEXT ( 'NONE', 'WORKASPACE' ) );
#1862 = CARTESIAN_POINT ( 'NONE',  ( 0.000000000000000000, 0.000000000000000000, 1.000000000000000000 ) ) ;
#1863 = DIRECTION ( 'NONE',  ( 1.000000000000000000, 0.000000000000000000, 0.000000000000000000 ) ) ;
#1864 = CARTESIAN_POINT ( 'NONE',  ( -4.500000000000000888, -1.999999999999999112, 1.000000000000000000 ) ) ;
#1865 = CARTESIAN_POINT ( 'NONE',  ( 9.799999999999998934, 1.200000000000000178, 1.000000000000000888 ) ) ;
#1866 = EDGE_LOOP ( 'NONE', ( #1887, #1091 ) ) ;
#1867 = ORIENTED_EDGE ( 'NONE', *, *, #2123, .F. ) ;
#1868 = EDGE_CURVE ( 'NONE', #735, #1060, #1503, .T. ) ;
#1869 = CARTESIAN_POINT ( 'NONE',  ( -5.500000000000000888, -1.999999999999999112, 4.400000000000000355 ) ) ;
#1870 = EDGE_LOOP ( 'NONE', ( #303, #700, #1021, #903 ) ) ;
#1871 = ORIENTED_EDGE ( 'NONE', *, *, #1998, .T. ) ;
#1872 = EDGE_CURVE ( 'NONE', #1373, #93, #2013, .T. ) ;
#1873 = CARTESIAN_POINT ( 'NONE',  ( 0.4999999999999995559, 1.999999999999999112, 0.9000000000000002442 ) ) ;
#1874 = CARTESIAN_POINT ( 'NONE',  ( 9.799999999999998934, 2.000000000000000000, 0.000000000000000000 ) ) ;
#1875 = LINE ( 'NONE', #418, #808 ) ;
#1876 = CARTESIAN_POINT ( 'NONE',  ( -4.500000000000000888, -1.999999999999999112, 1.000000000000000000 ) ) ;
#1877 = ORIENTED_EDGE ( 'NONE', *, *, #982, .T. ) ;
#1878 = EDGE_LOOP ( 'NONE', ( #1215, #1944, #711, #107 ) ) ;
#1879 = AXIS2_PLACEMENT_3D ( 'NONE', #578, #1268, #598 ) ;
#1880 = CARTESIAN_POINT ( 'NONE',  ( 0.000000000000000000, 0.000000000000000000, 1.000000000000000000 ) ) ;
#1881 = ORIENTED_EDGE ( 'NONE', *, *, #1423, .F. ) ;
#1882 = ORIENTED_EDGE ( 'NONE', *, *, #1481, .T. ) ;
#1883 = EDGE_CURVE ( 'NONE', #412, #609, #221, .T. ) ;
#1884 = SURFACE_STYLE_USAGE ( .BOTH. , #747 ) ;
#1885 = DIRECTION ( 'NONE',  ( -1.000000000000000000, 0.000000000000000000, 0.000000000000000000 ) ) ;
#1886 = LINE ( 'NONE', #579, #1174 ) ;
#1887 = ORIENTED_EDGE ( 'NONE', *, *, #315, .T. ) ;
#1888 = EDGE_LOOP ( 'NONE', ( #1903, #1057, #1120, #1568 ) ) ;
#1889 = DIRECTION ( 'NONE',  ( 0.000000000000000000, 0.000000000000000000, 1.000000000000000000 ) ) ;
#1890 = MECHANICAL_DESIGN_GEOMETRIC_PRESENTATION_REPRESENTATION (  '', ( #1236 ), #1171 ) ;
#1891 = MECHANICAL_DESIGN_GEOMETRIC_PRESENTATION_REPRESENTATION (  '', ( #691 ), #2073 ) ;
#1892 = EDGE_LOOP ( 'NONE', ( #1911, #775, #943, #1099 ) ) ;
#1893 =( LENGTH_UNIT ( ) NAMED_UNIT ( * ) SI_UNIT ( .MILLI., .METRE. ) );
#1894 = EDGE_CURVE ( 'NONE', #617, #226, #1701, .T. ) ;
#1895 = VECTOR ( 'NONE', #1044, 1000.000000000000000 ) ;
#1896 = ORIENTED_EDGE ( 'NONE', *, *, #689, .F. ) ;
#1897 = PLANE ( 'NONE',  #914 ) ;
#1898 = VECTOR ( 'NONE', #2003, 1000.000000000000000 ) ;
#1899 = EDGE_CURVE ( 'NONE', #1327, #225, #2041, .T. ) ;
#1900 = CARTESIAN_POINT ( 'NONE',  ( 5.500000000000000000, -1.200000000000000178, 0.9000000000000002442 ) ) ;
#1901 = CARTESIAN_POINT ( 'NONE',  ( -3.250000000000000444, -1.200000000000000178, 0.000000000000000000 ) ) ;
#1902 = ORIENTED_EDGE ( 'NONE', *, *, #829, .T. ) ;
#1903 = ORIENTED_EDGE ( 'NONE', *, *, #576, .F. ) ;
#1904 = DIRECTION ( 'NONE',  ( 0.000000000000000000, 0.000000000000000000, 1.000000000000000000 ) ) ;
#1905 = MECHANICAL_DESIGN_GEOMETRIC_PRESENTATION_REPRESENTATION (  '', ( #701 ), #1250 ) ;
#1906 = ORIENTED_EDGE ( 'NONE', *, *, #290, .T. ) ;
#1907 = VECTOR ( 'NONE', #376, 1000.000000000000000 ) ;
#1908 = CARTESIAN_POINT ( 'NONE',  ( 6.599999999999999645, 1.399999999999998579, 4.400000000000000355 ) ) ;
#1909 = FILL_AREA_STYLE ('',( #892 ) ) ;
#1910 = STYLED_ITEM ( 'NONE', ( #1178 ), #1326 ) ;
#1911 = ORIENTED_EDGE ( 'NONE', *, *, #29, .T. ) ;
#1912 = LINE ( 'NONE', #1240, #1840 ) ;
#1913 = DIRECTION ( 'NONE',  ( 0.000000000000000000, -1.000000000000000000, -0.000000000000000000 ) ) ;
#1914 = VERTEX_POINT ( 'NONE', #28 ) ;
#1915 = EDGE_CURVE ( 'NONE', #1110, #459, #1592, .T. ) ;
#1916 = VECTOR ( 'NONE', #12, 1000.000000000000000 ) ;
#1917 = ORIENTED_EDGE ( 'NONE', *, *, #1042, .F. ) ;
#1918 = DIRECTION ( 'NONE',  ( -0.000000000000000000, -0.000000000000000000, -1.000000000000000000 ) ) ;
#1919 = EDGE_LOOP ( 'NONE', ( #1384, #2078, #1514, #139 ) ) ;
#1920 = AXIS2_PLACEMENT_3D ( 'NONE', #853, #1509, #672 ) ;
#1921 = DIRECTION ( 'NONE',  ( 0.000000000000000000, 0.000000000000000000, -1.000000000000000000 ) ) ;
#1922 = CARTESIAN_POINT ( 'NONE',  ( 9.800000000000000711, -2.000000000000000000, 4.400000000000000355 ) ) ;
#1923 = VERTEX_POINT ( 'NONE', #1855 ) ;
#1924 = DIRECTION ( 'NONE',  ( -0.000000000000000000, -1.000000000000000000, -0.000000000000000000 ) ) ;
#1925 = VECTOR ( 'NONE', #601, 1000.000000000000000 ) ;
#1926 = ORIENTED_EDGE ( 'NONE', *, *, #1161, .F. ) ;
#1927 =( NAMED_UNIT ( * ) PLANE_ANGLE_UNIT ( ) SI_UNIT ( $, .RADIAN. ) );
#1928 = DIRECTION ( 'NONE',  ( 0.000000000000000000, 0.000000000000000000, 1.000000000000000000 ) ) ;
#1929 = SURFACE_SIDE_STYLE ('',( #1114 ) ) ;
#1930 = ORIENTED_EDGE ( 'NONE', *, *, #2135, .T. ) ;
#1931 = PLANE ( 'NONE',  #49 ) ;
#1932 = ADVANCED_FACE ( 'NONE', ( #685 ), #678, .T. ) ;
#1933 = VERTEX_POINT ( 'NONE', #1189 ) ;
#1934 = VECTOR ( 'NONE', #347, 1000.000000000000000 ) ;
#1935 = ADVANCED_FACE ( 'NONE', ( #852 ), #1340, .F. ) ;
#1936 = DIRECTION ( 'NONE',  ( -1.000000000000000000, 0.000000000000000000, 0.000000000000000000 ) ) ;
#1937 = CYLINDRICAL_SURFACE ( 'NONE', #531, 0.8999999999999989120 ) ;
#1938 = ORIENTED_EDGE ( 'NONE', *, *, #1227, .F. ) ;
#1939 = LINE ( 'NONE', #797, #1192 ) ;
#1940 = ORIENTED_EDGE ( 'NONE', *, *, #227, .T. ) ;
#1941 = CARTESIAN_POINT ( 'NONE',  ( 3.399999999999999467, 1.102182119232617788E-16, 6.100000000000000533 ) ) ;
#1942 = CARTESIAN_POINT ( 'NONE',  ( -7.500000000000000888, 0.000000000000000000, 6.100000000000000533 ) ) ;
#1943 = CARTESIAN_POINT ( 'NONE',  ( 9.800000000000000711, -1.200000000000000178, 1.000000000000000888 ) ) ;
#1944 = ORIENTED_EDGE ( 'NONE', *, *, #445, .T. ) ;
#1945 = CARTESIAN_POINT ( 'NONE',  ( 9.800000000000000711, -1.200000000000000178, 20.61631973638276705 ) ) ;
#1946 = EDGE_CURVE ( 'NONE', #1803, #1949, #1368, .T. ) ;
#1947 = LINE ( 'NONE', #287, #1821 ) ;
#1948 = DIRECTION ( 'NONE',  ( 0.000000000000000000, 0.000000000000000000, -1.000000000000000000 ) ) ;
#1949 = VERTEX_POINT ( 'NONE', #1016 ) ;
#1950 = EDGE_CURVE ( 'NONE', #330, #1489, #695, .T. ) ;
#1951 = LINE ( 'NONE', #1785, #1657 ) ;
#1952 =( NAMED_UNIT ( * ) PLANE_ANGLE_UNIT ( ) SI_UNIT ( $, .RADIAN. ) );
#1953 = LINE ( 'NONE', #1941, #250 ) ;
#1954 = DIRECTION ( 'NONE',  ( -0.000000000000000000, -0.000000000000000000, -1.000000000000000000 ) ) ;
#1955 = FACE_OUTER_BOUND ( 'NONE', #1774, .T. ) ;
#1956 = ORIENTED_EDGE ( 'NONE', *, *, #1238, .T. ) ;
#1957 = CARTESIAN_POINT ( 'NONE',  ( -9.800000000000002487, 1.999999999999999112, 4.400000000000000355 ) ) ;
#1958 = LINE ( 'NONE', #323, #1179 ) ;
#1959 = VECTOR ( 'NONE', #2092, 1000.000000000000000 ) ;
#1960 = CARTESIAN_POINT ( 'NONE',  ( -9.800000000000002487, 1.999999999999999112, 4.400000000000000355 ) ) ;
#1961 = VECTOR ( 'NONE', #1122, 1000.000000000000000 ) ;
#1962 = EDGE_CURVE ( 'NONE', #781, #1784, #1886, .T. ) ;
#1963 =( LENGTH_UNIT ( ) NAMED_UNIT ( * ) SI_UNIT ( .MILLI., .METRE. ) );
#1964 = DIRECTION ( 'NONE',  ( 1.000000000000000000, 0.000000000000000000, 0.000000000000000000 ) ) ;
#1965 = DIRECTION ( 'NONE',  ( 0.000000000000000000, 1.000000000000000000, 0.000000000000000000 ) ) ;
#1966 = LINE ( 'NONE', #1148, #1121 ) ;
#1967 = EDGE_LOOP ( 'NONE', ( #1595, #752, #542, #1779 ) ) ;
#1968 = UNCERTAINTY_MEASURE_WITH_UNIT (LENGTH_MEASURE( 1.000000000000000082E-05 ), #1023, 'distance_accuracy_value', 'NONE');
#1969 = CARTESIAN_POINT ( 'NONE',  ( 8.400000000000000355, -1.400000000000001243, 6.100000000000000533 ) ) ;
#1970 = CARTESIAN_POINT ( 'NONE',  ( -0.5000000000000004441, 1.200000000000000178, 0.9000000000000002442 ) ) ;
#1971 = DIRECTION ( 'NONE',  ( -1.000000000000000000, 0.000000000000000000, 0.000000000000000000 ) ) ;
#1972 = VECTOR ( 'NONE', #660, 1000.000000000000000 ) ;
#1973 = EDGE_CURVE ( 'NONE', #187, #1478, #1230, .T. ) ;
#1974 = CARTESIAN_POINT ( 'NONE',  ( 9.799999999999998934, 2.000000000000000000, 4.400000000000000355 ) ) ;
#1975 = CARTESIAN_POINT ( 'NONE',  ( -5.500000000000000888, -1.999999999999999112, 4.400000000000000355 ) ) ;
#1976 = EDGE_CURVE ( 'NONE', #735, #226, #442, .T. ) ;
#1977 = CARTESIAN_POINT ( 'NONE',  ( -0.5000000000000004441, -1.999999999999999112, 0.9000000000000002442 ) ) ;
#1978 = AXIS2_PLACEMENT_3D ( 'NONE', #36, #58, #718 ) ;
#1979 = ORIENTED_EDGE ( 'NONE', *, *, #82, .T. ) ;
#1980 = PLANE ( 'NONE',  #1000 ) ;
#1981 = DIRECTION ( 'NONE',  ( -0.000000000000000000, -0.000000000000000000, -1.000000000000000000 ) ) ;
#1982 = DIRECTION ( 'NONE',  ( 0.000000000000000000, 1.000000000000000000, 0.000000000000000000 ) ) ;
#1983 = FILL_AREA_STYLE_COLOUR ( '', #1528 ) ;
#1984 = UNCERTAINTY_MEASURE_WITH_UNIT (LENGTH_MEASURE( 1.000000000000000082E-05 ), #1013, 'distance_accuracy_value', 'NONE');
#1985 = CARTESIAN_POINT ( 'NONE',  ( 9.800000000000000711, -1.200000000000000178, 1.000000000000000888 ) ) ;
#1986 = EDGE_CURVE ( 'NONE', #887, #1097, #1875, .T. ) ;
#1987 = ORIENTED_EDGE ( 'NONE', *, *, #559, .F. ) ;
#1988 = DIRECTION ( 'NONE',  ( 1.000000000000000000, 0.000000000000000000, 0.000000000000000000 ) ) ;
#1989 =( NAMED_UNIT ( * ) PLANE_ANGLE_UNIT ( ) SI_UNIT ( $, .RADIAN. ) );
#1990 = VECTOR ( 'NONE', #1693, 1000.000000000000000 ) ;
#1991 = LINE ( 'NONE', #1339, #109 ) ;
#1992 = LINE ( 'NONE', #536, #2098 ) ;
#1993 = LINE ( 'NONE', #1682, #746 ) ;
#1994 = LINE ( 'NONE', #520, #1648 ) ;
#1995 = VECTOR ( 'NONE', #298, 1000.000000000000000 ) ;
#1996 = EDGE_CURVE ( 'NONE', #453, #223, #2004, .T. ) ;
#1997 = EDGE_LOOP ( 'NONE', ( #399, #796, #1618, #920 ) ) ;
#1998 = EDGE_CURVE ( 'NONE', #187, #1750, #1076, .T. ) ;
#1999 = DIRECTION ( 'NONE',  ( 1.000000000000000000, 0.000000000000000000, -0.000000000000000000 ) ) ;
#2000 = SURFACE_SIDE_STYLE ('',( #1207 ) ) ;
#2001 = COLOUR_RGB ( '',1.000000000000000000, 0.9176470588235293713, 0.2431372549019607809 ) ;
#2002 = CARTESIAN_POINT ( 'NONE',  ( 1.749999999999999778, 1.200000000000000178, 1.000000000000000000 ) ) ;
#2003 = DIRECTION ( 'NONE',  ( -1.000000000000000000, 0.000000000000000000, 0.000000000000000000 ) ) ;
#2004 = CIRCLE ( 'NONE', #1144, 0.8999999999999998002 ) ;
#2005 = ORIENTED_EDGE ( 'NONE', *, *, #546, .T. ) ;
#2006 = STYLED_ITEM ( 'NONE', ( #529 ), #30 ) ;
#2007 = EDGE_CURVE ( 'NONE', #1443, #617, #117, .T. ) ;
#2008 = EDGE_CURVE ( 'NONE', #312, #951, #243, .T. ) ;
#2009 = CARTESIAN_POINT ( 'NONE',  ( -3.250000000000000444, -2.000000000000034639, 1.000000000000000000 ) ) ;
#2010 = APPLICATION_PROTOCOL_DEFINITION ( 'draft international standard', 'automotive_design', 1998, #75 ) ;
#2011 = AXIS2_PLACEMENT_3D ( 'NONE', #644, #147, #136 ) ;
#2012 = LINE ( 'NONE', #66, #643 ) ;
#2013 = LINE ( 'NONE', #1836, #371 ) ;
#2014 = LINE ( 'NONE', #1359, #712 ) ;
#2015 = DIRECTION ( 'NONE',  ( -1.000000000000000000, 0.000000000000000000, 0.000000000000000000 ) ) ;
#2016 =( GEOMETRIC_REPRESENTATION_CONTEXT ( 3 ) GLOBAL_UNCERTAINTY_ASSIGNED_CONTEXT ( ( #1810 ) ) GLOBAL_UNIT_ASSIGNED_CONTEXT ( ( #13, #548, #833 ) ) REPRESENTATION_CONTEXT ( 'NONE', 'WORKASPACE' ) );
#2017 = EDGE_LOOP ( 'NONE', ( #1859, #51 ) ) ;
#2018 = ORIENTED_EDGE ( 'NONE', *, *, #564, .F. ) ;
#2019 = PRESENTATION_LAYER_ASSIGNMENT (  '', '', ( #2133 ) ) ;
#2020 = ADVANCED_FACE ( 'NONE', ( #1565 ), #750, .F. ) ;
#2021 = LINE ( 'NONE', #545, #1561 ) ;
#2022 = FACE_OUTER_BOUND ( 'NONE', #1870, .T. ) ;
#2023 = AXIS2_PLACEMENT_3D ( 'NONE', #70, #1530, #730 ) ;
#2024 = VECTOR ( 'NONE', #1112, 1000.000000000000000 ) ;
#2025 = FACE_OUTER_BOUND ( 'NONE', #733, .T. ) ;
#2026 = SURFACE_SIDE_STYLE ('',( #931 ) ) ;
#2027 = FILL_AREA_STYLE_COLOUR ( '', #974 ) ;
#2028 = ORIENTED_EDGE ( 'NONE', *, *, #20, .F. ) ;
#2029 = ORIENTED_EDGE ( 'NONE', *, *, #1868, .F. ) ;
#2030 = DIRECTION ( 'NONE',  ( 0.000000000000000000, 0.000000000000000000, 1.000000000000000000 ) ) ;
#2031 = DIRECTION ( 'NONE',  ( 0.000000000000000000, 0.000000000000000000, -1.000000000000000000 ) ) ;
#2032 = DIRECTION ( 'NONE',  ( 0.000000000000000000, 1.000000000000000000, 0.000000000000000000 ) ) ;
#2033 = EDGE_CURVE ( 'NONE', #206, #1257, #587, .T. ) ;
#2034 = AXIS2_PLACEMENT_3D ( 'NONE', #1880, #1728, #1059 ) ;
#2035 = LINE ( 'NONE', #886, #1019 ) ;
#2036 = ORIENTED_EDGE ( 'NONE', *, *, #492, .T. ) ;
#2037 = ADVANCED_FACE ( 'NONE', ( #428 ), #104, .F. ) ;
#2038 = DIRECTION ( 'NONE',  ( 1.000000000000000000, 0.000000000000000000, 0.000000000000000000 ) ) ;
#2039 = ORIENTED_EDGE ( 'NONE', *, *, #315, .F. ) ;
#2040 = ORIENTED_EDGE ( 'NONE', *, *, #302, .F. ) ;
#2041 = CIRCLE ( 'NONE', #971, 0.8999999999999998002 ) ;
#2042 = CARTESIAN_POINT ( 'NONE',  ( -1.600000000000000533, 1.102182119232618034E-16, 4.400000000000000355 ) ) ;
#2043 = FACE_OUTER_BOUND ( 'NONE', #2017, .T. ) ;
#2044 =( NAMED_UNIT ( * ) SI_UNIT ( $, .STERADIAN. ) SOLID_ANGLE_UNIT ( ) );
#2045 = CARTESIAN_POINT ( 'NONE',  ( -3.250000000000000444, -2.000000000000034639, 0.000000000000000000 ) ) ;
#2046 = DIRECTION ( 'NONE',  ( 1.000000000000000000, -0.000000000000000000, 0.000000000000000000 ) ) ;
#2047 = ORIENTED_EDGE ( 'NONE', *, *, #847, .F. ) ;
#2048 = VERTEX_POINT ( 'NONE', #919 ) ;
#2049 = PLANE ( 'NONE',  #1279 ) ;
#2050 = ADVANCED_FACE ( 'NONE', ( #457 ), #729, .T. ) ;
#2051 = ORIENTED_EDGE ( 'NONE', *, *, #564, .T. ) ;
#2052 = ORIENTED_EDGE ( 'NONE', *, *, #1005, .T. ) ;
#2053 = DIRECTION ( 'NONE',  ( -1.000000000000000000, 0.000000000000000000, 0.000000000000000000 ) ) ;
#2054 = VECTOR ( 'NONE', #329, 1000.000000000000000 ) ;
#2055 = CARTESIAN_POINT ( 'NONE',  ( 8.249999999999998224, 1.200000000000000178, 1.000000000000000000 ) ) ;
#2056 = DIRECTION ( 'NONE',  ( -0.000000000000000000, -0.000000000000000000, -1.000000000000000000 ) ) ;
#2057 = EDGE_LOOP ( 'NONE', ( #603, #106, #1513, #1979, #2040, #1030, #957, #1704 ) ) ;
#2058 = VERTEX_POINT ( 'NONE', #1219 ) ;
#2059 = VECTOR ( 'NONE', #1636, 1000.000000000000000 ) ;
#2060 = CARTESIAN_POINT ( 'NONE',  ( 0.000000000000000000, 0.000000000000000000, 1.000000000000000000 ) ) ;
#2061 = ORIENTED_EDGE ( 'NONE', *, *, #1996, .F. ) ;
#2062 = EDGE_CURVE ( 'NONE', #2058, #798, #1953, .T. ) ;
#2063 = EDGE_CURVE ( 'NONE', #1222, #2048, #1452, .T. ) ;
#2064 = CARTESIAN_POINT ( 'NONE',  ( -0.5000000000000004441, 1.999999999999999112, 4.400000000000000355 ) ) ;
#2065 = ORIENTED_EDGE ( 'NONE', *, *, #366, .T. ) ;
#2066 = SURFACE_STYLE_FILL_AREA ( #1723 ) ;
#2067 = DIRECTION ( 'NONE',  ( 0.000000000000000000, -0.000000000000000000, 1.000000000000000000 ) ) ;
#2068 = FILL_AREA_STYLE ('',( #751 ) ) ;
#2069 = EDGE_LOOP ( 'NONE', ( #63, #1308, #484, #1882 ) ) ;
#2070 = MANIFOLD_SOLID_BREP ( '凸台-拉伸3', #1068 ) ;
#2071 = ORIENTED_EDGE ( 'NONE', *, *, #366, .F. ) ;
#2072 = CARTESIAN_POINT ( 'NONE',  ( -3.400000000000000355, 0.000000000000000000, 4.400000000000000355 ) ) ;
#2073 =( GEOMETRIC_REPRESENTATION_CONTEXT ( 3 ) GLOBAL_UNCERTAINTY_ASSIGNED_CONTEXT ( ( #1620 ) ) GLOBAL_UNIT_ASSIGNED_CONTEXT ( ( #2118, #493, #184 ) ) REPRESENTATION_CONTEXT ( 'NONE', 'WORKASPACE' ) );
#2074 = ORIENTED_EDGE ( 'NONE', *, *, #1213, .T. ) ;
#2075 = FACE_OUTER_BOUND ( 'NONE', #1888, .T. ) ;
#2076 = CARTESIAN_POINT ( 'NONE',  ( 4.500000000000000000, 1.999999999999999112, 4.400000000000000355 ) ) ;
#2077 = EDGE_CURVE ( 'NONE', #1522, #312, #1789, .T. ) ;
#2078 = ORIENTED_EDGE ( 'NONE', *, *, #2139, .F. ) ;
#2079 = DIRECTION ( 'NONE',  ( 0.000000000000000000, 0.000000000000000000, 1.000000000000000000 ) ) ;
#2080 = CARTESIAN_POINT ( 'NONE',  ( 8.400000000000000355, 1.399999999999998579, 6.100000000000000533 ) ) ;
#2081 = ORIENTED_EDGE ( 'NONE', *, *, #909, .F. ) ;
#2082 = ORIENTED_EDGE ( 'NONE', *, *, #191, .F. ) ;
#2083 = LINE ( 'NONE', #604, #261 ) ;
#2084 = VECTOR ( 'NONE', #1519, 1000.000000000000000 ) ;
#2085 = VERTEX_POINT ( 'NONE', #1473 ) ;
#2086 = DIRECTION ( 'NONE',  ( 0.000000000000000000, 1.000000000000000000, 0.000000000000000000 ) ) ;
#2087 = CARTESIAN_POINT ( 'NONE',  ( -7.500000000000000888, 0.000000000000000000, 6.100000000000000533 ) ) ;
#2088 = ORIENTED_EDGE ( 'NONE', *, *, #404, .T. ) ;
#2089 = LINE ( 'NONE', #126, #487 ) ;
#2090 = AXIS2_PLACEMENT_3D ( 'NONE', #1957, #822, #1767 ) ;
#2091 = ORIENTED_EDGE ( 'NONE', *, *, #2106, .F. ) ;
#2092 = DIRECTION ( 'NONE',  ( 1.000000000000000000, -0.000000000000000000, -0.000000000000000000 ) ) ;
#2093 = EDGE_CURVE ( 'NONE', #710, #755, #963, .T. ) ;
#2094 = MECHANICAL_DESIGN_GEOMETRIC_PRESENTATION_REPRESENTATION (  '', ( #612 ), #1432 ) ;
#2095 = EDGE_LOOP ( 'NONE', ( #179, #414, #1445, #1351 ) ) ;
#2096 = FILL_AREA_STYLE ('',( #1430 ) ) ;
#2097 = ORIENTED_EDGE ( 'NONE', *, *, #806, .T. ) ;
#2098 = VECTOR ( 'NONE', #526, 1000.000000000000000 ) ;
#2099 = CARTESIAN_POINT ( 'NONE',  ( -4.500000000000000888, 1.999999999999999112, 4.400000000000000355 ) ) ;
#2100 = DIRECTION ( 'NONE',  ( 0.000000000000000000, -1.000000000000000000, -0.000000000000000000 ) ) ;
#2101 = EDGE_LOOP ( 'NONE', ( #857, #1434, #1416, #574 ) ) ;
#2102 = CARTESIAN_POINT ( 'NONE',  ( -4.500000000000000888, 1.200000000000000178, 0.9000000000000002442 ) ) ;
#2103 = STYLED_ITEM ( 'NONE', ( #1427 ), #286 ) ;
#2104 = ORIENTED_EDGE ( 'NONE', *, *, #559, .T. ) ;
#2105 = CARTESIAN_POINT ( 'NONE',  ( 0.4999999999999995559, -1.999999999999999112, 0.9000000000000002442 ) ) ;
#2106 = EDGE_CURVE ( 'NONE', #1860, #1933, #174, .T. ) ;
#2107 = ORIENTED_EDGE ( 'NONE', *, *, #1600, .F. ) ;
#2108 = CARTESIAN_POINT ( 'NONE',  ( -5.500000000000001776, 1.200000000000000178, 1.000000000000000888 ) ) ;
#2109 = EDGE_CURVE ( 'NONE', #680, #1750, #954, .T. ) ;
#2110 = CARTESIAN_POINT ( 'NONE',  ( -3.400000000000000355, 0.000000000000000000, 6.100000000000000533 ) ) ;
#2111 = VECTOR ( 'NONE', #183, 1000.000000000000000 ) ;
#2112 = CARTESIAN_POINT ( 'NONE',  ( -6.750000000000000888, 1.200000000000000178, 1.000000000000000000 ) ) ;
#2113 = ORIENTED_EDGE ( 'NONE', *, *, #1396, .T. ) ;
#2114 = LINE ( 'NONE', #938, #1846 ) ;
#2115 = DIRECTION ( 'NONE',  ( 1.000000000000000000, 0.000000000000000000, 0.000000000000000000 ) ) ;
#2116 =( GEOMETRIC_REPRESENTATION_CONTEXT ( 3 ) GLOBAL_UNCERTAINTY_ASSIGNED_CONTEXT ( ( #1317 ) ) GLOBAL_UNIT_ASSIGNED_CONTEXT ( ( #600, #1748, #1589 ) ) REPRESENTATION_CONTEXT ( 'NONE', 'WORKASPACE' ) );
#2117 = DIRECTION ( 'NONE',  ( -0.000000000000000000, -1.000000000000000000, -0.000000000000000000 ) ) ;
#2118 =( LENGTH_UNIT ( ) NAMED_UNIT ( * ) SI_UNIT ( .MILLI., .METRE. ) );
#2119 = PLANE ( 'NONE',  #987 ) ;
#2120 = EDGE_LOOP ( 'NONE', ( #1311, #4, #1151, #281 ) ) ;
#2121 = UNCERTAINTY_MEASURE_WITH_UNIT (LENGTH_MEASURE( 1.000000000000000082E-05 ), #1809, 'distance_accuracy_value', 'NONE');
#2122 = CARTESIAN_POINT ( 'NONE',  ( 9.799999999999998934, 1.200000000000000178, 0.000000000000000000 ) ) ;
#2123 = EDGE_CURVE ( 'NONE', #825, #1563, #10, .T. ) ;
#2124 = VERTEX_POINT ( 'NONE', #1638 ) ;
#2125 = LINE ( 'NONE', #1599, #375 ) ;
#2126 = VECTOR ( 'NONE', #1376, 1000.000000000000000 ) ;
#2127 = CARTESIAN_POINT ( 'NONE',  ( 5.500000000000000000, -1.200000000000000178, 1.000000000000000000 ) ) ;
#2128 = DIRECTION ( 'NONE',  ( 0.000000000000000000, 0.000000000000000000, -1.000000000000000000 ) ) ;
#2129 = DIRECTION ( 'NONE',  ( 0.000000000000000000, -0.000000000000000000, 1.000000000000000000 ) ) ;
#2130 = FILL_AREA_STYLE ('',( #1983 ) ) ;
#2131 = ORIENTED_EDGE ( 'NONE', *, *, #191, .T. ) ;
#2132 = DIRECTION ( 'NONE',  ( 0.000000000000000000, 0.000000000000000000, 1.000000000000000000 ) ) ;
#2133 = STYLED_ITEM ( 'NONE', ( #613 ), #1685 ) ;
#2134 = AXIS2_PLACEMENT_3D ( 'NONE', #1007, #716, #1691 ) ;
#2135 = EDGE_CURVE ( 'NONE', #731, #1606, #1615, .T. ) ;
#2136 = VERTEX_POINT ( 'NONE', #1281 ) ;
#2137 = CARTESIAN_POINT ( 'NONE',  ( -1.750000000000000666, -1.200000000000000178, 0.000000000000000000 ) ) ;
#2138 = VECTOR ( 'NONE', #961, 1000.000000000000000 ) ;
#2139 = EDGE_CURVE ( 'NONE', #623, #102, #830, .T. ) ;
ENDSEC;
END-ISO-10303-21;
