ISO-10303-21;
HEADER;
FILE_DESCRIPTION (( 'STEP AP214' ),
    '1' );
FILE_NAME ('…¢»»∆¨.STEP',
    '2025-10-22T06:27:16',
    ( '' ),
    ( '' ),
    'SwSTEP 2.0',
    'SolidWorks 2023',
    '' );
FILE_SCHEMA (( 'AUTOMOTIVE_DESIGN' ));
ENDSEC;

DATA;
#1 = CIRCLE ( 'NONE', #4940, 0.7999999999999933831 ) ;
#2 = ADVANCED_FACE ( 'NONE', ( #7674 ), #1795, .F. ) ;
#3 = EDGE_CURVE ( 'NONE', #4646, #7444, #6509, .T. ) ;
#4 = CARTESIAN_POINT ( 'NONE',  ( 16.49999999999998224, -15.92944271909999365, 7.892828596527274421 ) ) ;
#5 = EDGE_LOOP ( 'NONE', ( #6822, #6769 ) ) ;
#6 = DIRECTION ( 'NONE',  ( 1.000000000000000000, 0.000000000000000000, -0.000000000000000000 ) ) ;
#7 = ORIENTED_EDGE ( 'NONE', *, *, #5608, .F. ) ;
#8 = VECTOR ( 'NONE', #6967, 1000.000000000000000 ) ;
#9 = CARTESIAN_POINT ( 'NONE',  ( -18.99999999999999645, -23.42944271909999188, 6.529192232890911107 ) ) ;
#10 = CARTESIAN_POINT ( 'NONE',  ( 18.25735931288073033, -15.34000000000000341, 7.400893641477320983 ) ) ;
#11 = EDGE_CURVE ( 'NONE', #7967, #3352, #6030, .T. ) ;
#12 = EDGE_CURVE ( 'NONE', #2404, #1833, #1363, .T. ) ;
#13 = VECTOR ( 'NONE', #330, 1000.000000000000000 ) ;
#14 = ADVANCED_FACE ( 'NONE', ( #7268 ), #5278, .T. ) ;
#15 = CARTESIAN_POINT ( 'NONE',  ( 20.00000000000000355, -33.00000000000000711, -5.837274330926434551 ) ) ;
#16 = ORIENTED_EDGE ( 'NONE', *, *, #7115, .F. ) ;
#17 = CARTESIAN_POINT ( 'NONE',  ( 2.562500000000009326, 3.003749999999987264, 1.000000000000000000 ) ) ;
#18 = VERTEX_POINT ( 'NONE', #2519 ) ;
#19 = CARTESIAN_POINT ( 'NONE',  ( 13.60221146042672835, 3.623336801509736027, 4.225965562294261346 ) ) ;
#20 = DIRECTION ( 'NONE',  ( -0.000000000000000000, -0.000000000000000000, 1.000000000000000000 ) ) ;
#21 = VERTEX_POINT ( 'NONE', #1934 ) ;
#22 = AXIS2_PLACEMENT_3D ( 'NONE', #4820, #7513, #1462 ) ;
#23 = VECTOR ( 'NONE', #5232, 1000.000000000000000 ) ;
#24 = DIRECTION ( 'NONE',  ( 0.000000000000000000, 0.000000000000000000, -1.000000000000000000 ) ) ;
#25 = DIRECTION ( 'NONE',  ( 1.000000000000000000, -0.000000000000000000, -0.000000000000000000 ) ) ;
#26 = CYLINDRICAL_SURFACE ( 'NONE', #5928, 10.00000000000000178 ) ;
#27 = VERTEX_POINT ( 'NONE', #5195 ) ;
#28 = VECTOR ( 'NONE', #6918, 999.9999999999998863 ) ;
#29 = CARTESIAN_POINT ( 'NONE',  ( 2.562500000000002220, -24.33999999999999986, 6.363636363636365090 ) ) ;
#30 = AXIS2_PLACEMENT_3D ( 'NONE', #3214, #1260, #5894 ) ;
#31 = ORIENTED_EDGE ( 'NONE', *, *, #4361, .T. ) ;
#32 = DIRECTION ( 'NONE',  ( 1.000000000000000000, 0.000000000000000000, 0.000000000000000000 ) ) ;
#33 = CARTESIAN_POINT ( 'NONE',  ( -16.49999999999997513, -26.34000000000000341, 8.000000000000000000 ) ) ;
#34 = ORIENTED_EDGE ( 'NONE', *, *, #4894, .F. ) ;
#35 = CARTESIAN_POINT ( 'NONE',  ( -9.823602605531611831E-15, 14.00000000000004263, 1.000000000000000000 ) ) ;
#36 = CIRCLE ( 'NONE', #6080, 1.500000000000001332 ) ;
#37 = LINE ( 'NONE', #2070, #5492 ) ;
#38 = EDGE_LOOP ( 'NONE', ( #3577, #1606, #8282, #3555, #7420, #6176, #7, #506 ) ) ;
#39 = ORIENTED_EDGE ( 'NONE', *, *, #1131, .T. ) ;
#40 = ORIENTED_EDGE ( 'NONE', *, *, #8531, .F. ) ;
#41 = CIRCLE ( 'NONE', #3979, 0.5000000000000004441 ) ;
#42 = VERTEX_POINT ( 'NONE', #7892 ) ;
#43 = DIRECTION ( 'NONE',  ( 1.000000000000000000, 1.559302000878028960E-16, 0.000000000000000000 ) ) ;
#44 = CARTESIAN_POINT ( 'NONE',  ( -23.00000000000000000, 33.00000000000000000, 0.000000000000000000 ) ) ;
#45 = ADVANCED_FACE ( 'NONE', ( #1846 ), #7228, .F. ) ;
#46 = ADVANCED_FACE ( 'NONE', ( #2680 ), #3953, .T. ) ;
#47 = DIRECTION ( 'NONE',  ( -1.000000000000000000, 0.000000000000000000, 0.000000000000000000 ) ) ;
#48 = CARTESIAN_POINT ( 'NONE',  ( -1.249999999999980238, -15.83999999999999986, 7.900893641477321871 ) ) ;
#49 = VERTEX_POINT ( 'NONE', #4656 ) ;
#50 = LINE ( 'NONE', #2747, #5190 ) ;
#51 = ORIENTED_EDGE ( 'NONE', *, *, #4281, .F. ) ;
#52 = LINE ( 'NONE', #140, #6667 ) ;
#53 = CYLINDRICAL_SURFACE ( 'NONE', #5245, 0.4999999999999995559 ) ;
#54 = EDGE_CURVE ( 'NONE', #7689, #7546, #6145, .T. ) ;
#55 = EDGE_CURVE ( 'NONE', #1481, #5004, #5320, .T. ) ;
#56 = LINE ( 'NONE', #7419, #5897 ) ;
#57 =( BOUNDED_CURVE ( )  B_SPLINE_CURVE ( 3, ( #7541, #741, #4232, #2918 ),
 .UNSPECIFIED., .F., .F. ) 
 B_SPLINE_CURVE_WITH_KNOTS ( ( 4, 4 ),
 ( 4.712388980384689674, 7.853981633974482790 ),
 .UNSPECIFIED. ) 
 CURVE ( )  GEOMETRIC_REPRESENTATION_ITEM ( )  RATIONAL_B_SPLINE_CURVE ( ( 1.000000000000000000, 0.3333333333333333703, 0.3333333333333333703, 1.000000000000000000 ) ) 
 REPRESENTATION_ITEM ( '' )  );
#58 = EDGE_LOOP ( 'NONE', ( #960, #1648, #2248, #5372 ) ) ;
#59 = CYLINDRICAL_SURFACE ( 'NONE', #1231, 0.5000000000000000000 ) ;
#60 = ORIENTED_EDGE ( 'NONE', *, *, #1069, .F. ) ;
#61 = CIRCLE ( 'NONE', #5000, 2.850000000000005418 ) ;
#62 = EDGE_CURVE ( 'NONE', #2086, #2673, #2813, .T. ) ;
#63 = DIRECTION ( 'NONE',  ( -0.000000000000000000, -0.000000000000000000, 1.000000000000000000 ) ) ;
#64 = ORIENTED_EDGE ( 'NONE', *, *, #2309, .F. ) ;
#65 = EDGE_CURVE ( 'NONE', #4949, #2105, #2092, .T. ) ;
#66 = CARTESIAN_POINT ( 'NONE',  ( -17.97777798703980778, -25.97923878673940123, 6.065592947865724227 ) ) ;
#67 = CARTESIAN_POINT ( 'NONE',  ( 2.081899558550499491E-15, 8.999999999999998224, 1.000000000000000000 ) ) ;
#68 = ORIENTED_EDGE ( 'NONE', *, *, #766, .T. ) ;
#69 = FACE_OUTER_BOUND ( 'NONE', #2945, .T. ) ;
#70 = VERTEX_POINT ( 'NONE', #3384 ) ;
#71 = FACE_OUTER_BOUND ( 'NONE', #7408, .T. ) ;
#72 = FACE_OUTER_BOUND ( 'NONE', #2890, .T. ) ;
#73 = VERTEX_POINT ( 'NONE', #8203 ) ;
#74 = CIRCLE ( 'NONE', #4018, 2.999999999999999112 ) ;
#75 = CARTESIAN_POINT ( 'NONE',  ( 23.00000000000000000, 33.00000000000000711, 1.000000000000000000 ) ) ;
#76 = EDGE_CURVE ( 'NONE', #6359, #1229, #4736, .T. ) ;
#77 = AXIS2_PLACEMENT_3D ( 'NONE', #3263, #727, #3440 ) ;
#78 = ORIENTED_EDGE ( 'NONE', *, *, #232, .T. ) ;
#79 = VERTEX_POINT ( 'NONE', #29 ) ;
#80 = VERTEX_POINT ( 'NONE', #5405 ) ;
#81 = DIRECTION ( 'NONE',  ( -1.000000000000000000, 0.000000000000000000, 0.000000000000000000 ) ) ;
#82 = EDGE_CURVE ( 'NONE', #1319, #7967, #3204, .T. ) ;
#83 = EDGE_LOOP ( 'NONE', ( #6523, #2715, #2025, #1663 ) ) ;
#84 = FACE_OUTER_BOUND ( 'NONE', #8512, .T. ) ;
#85 = DIRECTION ( 'NONE',  ( 1.927470528863119739E-15, 1.000000000000000000, 0.000000000000000000 ) ) ;
#86 = DIRECTION ( 'NONE',  ( -0.000000000000000000, -0.000000000000000000, 1.000000000000000000 ) ) ;
#87 = CYLINDRICAL_SURFACE ( 'NONE', #6469, 0.5000000000000000000 ) ;
#88 = FACE_OUTER_BOUND ( 'NONE', #7025, .T. ) ;
#89 = CARTESIAN_POINT ( 'NONE',  ( -67.91000000000001080, 3.159999999999996145, 4.500000000000000000 ) ) ;
#90 = ORIENTED_EDGE ( 'NONE', *, *, #8503, .F. ) ;
#91 = DIRECTION ( 'NONE',  ( -0.7071055712382640079, 0.7071079911327605716, 0.000000000000000000 ) ) ;
#92 = ORIENTED_EDGE ( 'NONE', *, *, #581, .T. ) ;
#93 = CARTESIAN_POINT ( 'NONE',  ( -16.49999999999981881, 9.000000000000035527, 2.500000000000000000 ) ) ;
#94 = CYLINDRICAL_SURFACE ( 'NONE', #440, 0.5000000000000004441 ) ;
#95 = MECHANICAL_DESIGN_GEOMETRIC_PRESENTATION_REPRESENTATION (  '', ( #2078 ), #1212 ) ;
#96 = CARTESIAN_POINT ( 'NONE',  ( -10.18750000000001599, -15.34000000000000341, 4.500000000000000888 ) ) ;
#97 = ORIENTED_EDGE ( 'NONE', *, *, #2017, .T. ) ;
#98 = DIRECTION ( 'NONE',  ( -0.000000000000000000, -0.000000000000000000, 1.000000000000000000 ) ) ;
#99 = AXIS2_PLACEMENT_3D ( 'NONE', #6477, #7103, #8483 ) ;
#100 = ORIENTED_EDGE ( 'NONE', *, *, #2978, .F. ) ;
#101 = CARTESIAN_POINT ( 'NONE',  ( 26.00000000000000711, -32.99999999999999289, -0.3333333333333329263 ) ) ;
#102 = ADVANCED_FACE ( 'NONE', ( #628 ), #2062, .T. ) ;
#103 = DIRECTION ( 'NONE',  ( -1.000000000000000000, 0.000000000000000000, 0.000000000000000000 ) ) ;
#104 = VERTEX_POINT ( 'NONE', #5363 ) ;
#105 = FACE_OUTER_BOUND ( 'NONE', #6626, .T. ) ;
#106 = CARTESIAN_POINT ( 'NONE',  ( 23.00000000000000000, 33.00000000000000711, -2.200000000000000178 ) ) ;
#107 = CARTESIAN_POINT ( 'NONE',  ( -15.60345596729059636, 4.520000000000003126, -0.5999999999999999778 ) ) ;
#108 = CARTESIAN_POINT ( 'NONE',  ( -22.99999999999999289, 35.50000000000000000, -91.81441324469805920 ) ) ;
#109 = VECTOR ( 'NONE', #5184, 1000.000000000000000 ) ;
#110 = AXIS2_PLACEMENT_3D ( 'NONE', #5716, #2294, #1563 ) ;
#111 = DIRECTION ( 'NONE',  ( -1.000000000000000000, 0.000000000000000000, 0.000000000000000000 ) ) ;
#112 = DIRECTION ( 'NONE',  ( -0.000000000000000000, -0.000000000000000000, 1.000000000000000000 ) ) ;
#113 = EDGE_LOOP ( 'NONE', ( #8662, #2437, #7624, #4297, #7675, #7509, #7694, #378 ) ) ;
#114 = ADVANCED_FACE ( 'NONE', ( #5973, #3337 ), #6765, .F. ) ;
#115 = EDGE_CURVE ( 'NONE', #73, #801, #6107, .T. ) ;
#116 = ORIENTED_EDGE ( 'NONE', *, *, #7278, .T. ) ;
#117 = CARTESIAN_POINT ( 'NONE',  ( -16.99999999999997868, 0.000000000000000000, 2.500000000000000000 ) ) ;
#118 = ADVANCED_FACE ( 'NONE', ( #69 ), #2766, .F. ) ;
#119 = FACE_BOUND ( 'NONE', #2075, .T. ) ;
#120 = ORIENTED_EDGE ( 'NONE', *, *, #1356, .T. ) ;
#121 = VECTOR ( 'NONE', #5958, 1000.000000000000000 ) ;
#122 = VECTOR ( 'NONE', #7087, 1000.000000000000000 ) ;
#123 = AXIS2_PLACEMENT_3D ( 'NONE', #354, #8655, #7447 ) ;
#124 = VECTOR ( 'NONE', #3452, 1000.000000000000000 ) ;
#125 = EDGE_LOOP ( 'NONE', ( #7030, #3327 ) ) ;
#126 = ORIENTED_EDGE ( 'NONE', *, *, #3104, .F. ) ;
#127 = EDGE_CURVE ( 'NONE', #3827, #1794, #4697, .T. ) ;
#128 = ORIENTED_EDGE ( 'NONE', *, *, #3745, .T. ) ;
#129 = CARTESIAN_POINT ( 'NONE',  ( 0.000000000000000000, 0.000000000000000000, 4.500000000000000888 ) ) ;
#130 = CARTESIAN_POINT ( 'NONE',  ( -18.50000000000001066, 16.50000000000002132, 1.000000000000000000 ) ) ;
#131 = ORIENTED_EDGE ( 'NONE', *, *, #380, .T. ) ;
#132 = DIRECTION ( 'NONE',  ( -3.898255002195072399E-16, 1.000000000000000000, -0.000000000000000000 ) ) ;
#133 = AXIS2_PLACEMENT_3D ( 'NONE', #6189, #7610, #5493 ) ;
#134 = CARTESIAN_POINT ( 'NONE',  ( 26.00000000000001066, -15.92944271909999010, 7.892828596527274421 ) ) ;
#135 = CARTESIAN_POINT ( 'NONE',  ( -25.49999999999999645, -32.99999999999999289, 0.000000000000000000 ) ) ;
#136 = CIRCLE ( 'NONE', #7749, 0.5000000000000004441 ) ;
#137 = VERTEX_POINT ( 'NONE', #5592 ) ;
#138 = CARTESIAN_POINT ( 'NONE',  ( 11.40693602603207779, 33.97078155222811802, 0.000000000000000000 ) ) ;
#139 = ORIENTED_EDGE ( 'NONE', *, *, #3342, .F. ) ;
#140 = CARTESIAN_POINT ( 'NONE',  ( -14.00000000000001243, -15.34000000000007802, 7.999999999999986677 ) ) ;
#141 = LINE ( 'NONE', #8315, #5671 ) ;
#142 = VECTOR ( 'NONE', #681, 1000.000000000000000 ) ;
#143 = LINE ( 'NONE', #2400, #8326 ) ;
#144 = ORIENTED_EDGE ( 'NONE', *, *, #848, .T. ) ;
#145 = FACE_OUTER_BOUND ( 'NONE', #5859, .T. ) ;
#146 = VECTOR ( 'NONE', #7329, 1000.000000000000000 ) ;
#147 = ORIENTED_EDGE ( 'NONE', *, *, #8435, .T. ) ;
#148 = CARTESIAN_POINT ( 'NONE',  ( -12.68749999999997691, -15.92944271909999010, 7.892828596527274421 ) ) ;
#149 = DIRECTION ( 'NONE',  ( 1.000000000000000000, 0.000000000000000000, 0.000000000000000000 ) ) ;
#150 = EDGE_LOOP ( 'NONE', ( #2464, #543 ) ) ;
#151 = CARTESIAN_POINT ( 'NONE',  ( 10.70000000000001172, 31.50000000000000000, 1.000000000000000000 ) ) ;
#152 = PLANE ( 'NONE',  #6476 ) ;
#153 = AXIS2_PLACEMENT_3D ( 'NONE', #2841, #4862, #3323 ) ;
#154 = EDGE_CURVE ( 'NONE', #2497, #1409, #2944, .T. ) ;
#155 = FACE_OUTER_BOUND ( 'NONE', #2416, .T. ) ;
#156 = DIRECTION ( 'NONE',  ( 1.711123806215672351E-06, 0.9999999999985359489, 0.000000000000000000 ) ) ;
#157 = ORIENTED_EDGE ( 'NONE', *, *, #2560, .F. ) ;
#158 = FACE_BOUND ( 'NONE', #7267, .T. ) ;
#159 = ORIENTED_EDGE ( 'NONE', *, *, #7303, .F. ) ;
#160 = CARTESIAN_POINT ( 'NONE',  ( 18.49999999999999645, -35.50000000000000000, -91.81441324469805920 ) ) ;
#161 = DIRECTION ( 'NONE',  ( -1.000000000000000000, 0.000000000000000000, -0.000000000000000000 ) ) ;
#162 = ORIENTED_EDGE ( 'NONE', *, *, #2353, .F. ) ;
#163 = AXIS2_PLACEMENT_3D ( 'NONE', #667, #6056, #716 ) ;
#165 = ADVANCED_FACE ( 'NONE', ( #6192 ), #899, .F. ) ;
#164 = FACE_OUTER_BOUND ( 'NONE', #1058, .T. ) ;
#166 = AXIS2_PLACEMENT_3D ( 'NONE', #6208, #1536, #2914 ) ;
#167 = VERTEX_POINT ( 'NONE', #3568 ) ;
#168 = VERTEX_POINT ( 'NONE', #334 ) ;
#169 = ORIENTED_EDGE ( 'NONE', *, *, #2929, .F. ) ;
#170 = LINE ( 'NONE', #6959, #3562 ) ;
#171 = ORIENTED_EDGE ( 'NONE', *, *, #4696, .T. ) ;
#172 = ADVANCED_FACE ( 'NONE', ( #158, #3609, #4304, #1474, #4172, #8289 ), #294, .T. ) ;
#173 = CARTESIAN_POINT ( 'NONE',  ( 18.49999999999999645, -35.50000000000000000, -1.401085803182942735 ) ) ;
#174 =( GEOMETRIC_REPRESENTATION_CONTEXT ( 3 ) GLOBAL_UNCERTAINTY_ASSIGNED_CONTEXT ( ( #3206 ) ) GLOBAL_UNIT_ASSIGNED_CONTEXT ( ( #8108, #6560, #517 ) ) REPRESENTATION_CONTEXT ( 'NONE', 'WORKASPACE' ) );
#175 = VECTOR ( 'NONE', #4136, 1000.000000000000000 ) ;
#176 = FACE_OUTER_BOUND ( 'NONE', #3615, .T. ) ;
#177 = EDGE_CURVE ( 'NONE', #3709, #104, #2249, .T. ) ;
#178 = CARTESIAN_POINT ( 'NONE',  ( -2.562500000000019540, -15.34000000000000341, 4.500000000000000888 ) ) ;
#179 = EDGE_CURVE ( 'NONE', #886, #5959, #5014, .T. ) ;
#180 = CARTESIAN_POINT ( 'NONE',  ( -16.49999999999999645, -23.34000000000000341, 8.000000000000000000 ) ) ;
#181 = CIRCLE ( 'NONE', #2020, 1.500000000000001332 ) ;
#182 = CARTESIAN_POINT ( 'NONE',  ( -63.01000000000001222, 18.69999999999999929, -2.200000000000000622 ) ) ;
#183 = ORIENTED_EDGE ( 'NONE', *, *, #2660, .T. ) ;
#184 = DIRECTION ( 'NONE',  ( -1.000000000000000000, 0.000000000000000000, 0.000000000000000000 ) ) ;
#185 = ORIENTED_EDGE ( 'NONE', *, *, #2333, .F. ) ;
#186 = DIRECTION ( 'NONE',  ( 0.000000000000000000, -1.000000000000000000, 0.000000000000000000 ) ) ;
#187 = DIRECTION ( 'NONE',  ( 1.000000000000000000, 7.016859003951130319E-16, -0.000000000000000000 ) ) ;
#188 = VERTEX_POINT ( 'NONE', #4349 ) ;
#189 = CARTESIAN_POINT ( 'NONE',  ( -18.00000000000000711, 17.75000000000002132, 0.5000000000000000000 ) ) ;
#190 = ORIENTED_EDGE ( 'NONE', *, *, #3853, .F. ) ;
#191 = CARTESIAN_POINT ( 'NONE',  ( 0.6600000000000019185, 20.78345596729058542, -0.5999999999999999778 ) ) ;
#192 = CARTESIAN_POINT ( 'NONE',  ( -18.50000000000001066, 17.75000000000002132, 1.000000000000000000 ) ) ;
#193 = ORIENTED_EDGE ( 'NONE', *, *, #1389, .T. ) ;
#194 = DIRECTION ( 'NONE',  ( -0.000000000000000000, -0.000000000000000000, 1.000000000000000000 ) ) ;
#195 = LINE ( 'NONE', #2328, #441 ) ;
#196 = CARTESIAN_POINT ( 'NONE',  ( -17.15436971892194862, -25.86437440744732541, 6.086477380464122788 ) ) ;
#197 = CARTESIAN_POINT ( 'NONE',  ( -15.60345596729059636, 4.520000000000003126, 0.000000000000000000 ) ) ;
#198 = PLANE ( 'NONE',  #276 ) ;
#199 = AXIS2_PLACEMENT_3D ( 'NONE', #5428, #2181, #7335 ) ;
#200 = ORIENTED_EDGE ( 'NONE', *, *, #3835, .T. ) ;
#201 = DIRECTION ( 'NONE',  ( 0.000000000000000000, -0.000000000000000000, -1.000000000000000000 ) ) ;
#202 = VERTEX_POINT ( 'NONE', #6901 ) ;
#203 = SURFACE_STYLE_FILL_AREA ( #6329 ) ;
#204 = CARTESIAN_POINT ( 'NONE',  ( -16.49999999999999289, -26.83999999999999986, 5.909090909090911836 ) ) ;
#205 = VERTEX_POINT ( 'NONE', #4925 ) ;
#206 = AXIS2_PLACEMENT_3D ( 'NONE', #3355, #4626, #6077 ) ;
#207 = DIRECTION ( 'NONE',  ( 0.000000000000000000, 0.000000000000000000, -1.000000000000000000 ) ) ;
#208 = ORIENTED_EDGE ( 'NONE', *, *, #3587, .F. ) ;
#209 = EDGE_LOOP ( 'NONE', ( #5847, #8671, #7926, #4358 ) ) ;
#210 = EDGE_LOOP ( 'NONE', ( #4173, #4737 ) ) ;
#211 = ADVANCED_FACE ( 'NONE', ( #984 ), #246, .F. ) ;
#212 = ORIENTED_EDGE ( 'NONE', *, *, #6322, .F. ) ;
#213 = EDGE_CURVE ( 'NONE', #4035, #8214, #7613, .T. ) ;
#214 = ADVANCED_FACE ( 'NONE', ( #7663 ), #3032, .F. ) ;
#215 = CARTESIAN_POINT ( 'NONE',  ( -16.99999999999993605, 21.50000000000001421, 2.000000000000000000 ) ) ;
#216 = CARTESIAN_POINT ( 'NONE',  ( 7.933601002593406726, -30.31022109761167371, -1.699999999999999956 ) ) ;
#217 = CARTESIAN_POINT ( 'NONE',  ( -16.49999999999997158, -15.92944271909999010, 7.892828596527274421 ) ) ;
#218 = CARTESIAN_POINT ( 'NONE',  ( -16.49999999999985789, 12.75000000000002842, 2.500000000000000000 ) ) ;
#219 = VECTOR ( 'NONE', #1540, 1000.000000000000114 ) ;
#220 = LINE ( 'NONE', #135, #560 ) ;
#221 = ADVANCED_FACE ( 'NONE', ( #2202 ), #8334, .T. ) ;
#222 = CARTESIAN_POINT ( 'NONE',  ( 26.00000000000000711, -34.75735931288070901, -0.7238576250846028293 ) ) ;
#223 = EDGE_CURVE ( 'NONE', #5343, #4794, #5678, .T. ) ;
#224 = EDGE_CURVE ( 'NONE', #1531, #6649, #3220, .T. ) ;
#225 = ORIENTED_EDGE ( 'NONE', *, *, #7567, .F. ) ;
#226 = VECTOR ( 'NONE', #2440, 1000.000000000000000 ) ;
#227 = DIRECTION ( 'NONE',  ( -0.000000000000000000, -0.000000000000000000, 1.000000000000000000 ) ) ;
#228 = VERTEX_POINT ( 'NONE', #3521 ) ;
#229 = CARTESIAN_POINT ( 'NONE',  ( -16.49999999999993605, 21.50000000000001421, 0.5000000000000000000 ) ) ;
#230 = CARTESIAN_POINT ( 'NONE',  ( -16.99999999999997868, 25.25000000000000711, 2.000000000000000000 ) ) ;
#231 = EDGE_CURVE ( 'NONE', #228, #4666, #7302, .T. ) ;
#232 = EDGE_CURVE ( 'NONE', #7227, #3570, #904, .T. ) ;
#233 = ORIENTED_EDGE ( 'NONE', *, *, #4390, .T. ) ;
#234 = LINE ( 'NONE', #5663, #4061 ) ;
#235 = ADVANCED_FACE ( 'NONE', ( #4260 ), #4517, .F. ) ;
#236 = ORIENTED_EDGE ( 'NONE', *, *, #3781, .T. ) ;
#237 = EDGE_CURVE ( 'NONE', #3786, #7831, #414, .T. ) ;
#238 = FACE_OUTER_BOUND ( 'NONE', #595, .T. ) ;
#239 = ORIENTED_EDGE ( 'NONE', *, *, #4796, .F. ) ;
#240 = DIRECTION ( 'NONE',  ( 0.000000000000000000, 0.000000000000000000, -1.000000000000000000 ) ) ;
#241 = LINE ( 'NONE', #7079, #4663 ) ;
#242 = DIRECTION ( 'NONE',  ( -0.000000000000000000, -1.000000000000000000, -0.000000000000000000 ) ) ;
#243 = FACE_OUTER_BOUND ( 'NONE', #7866, .T. ) ;
#244 = COLOUR_RGB ( '',1.000000000000000000, 1.000000000000000000, 1.000000000000000000 ) ;
#245 = EDGE_LOOP ( 'NONE', ( #1285, #4557, #6203, #4378 ) ) ;
#246 = CYLINDRICAL_SURFACE ( 'NONE', #4755, 2.599999999999998312 ) ;
#247 = ORIENTED_EDGE ( 'NONE', *, *, #6633, .F. ) ;
#248 = FACE_OUTER_BOUND ( 'NONE', #5112, .T. ) ;
#249 = CARTESIAN_POINT ( 'NONE',  ( -10.11095267658234320, 3.321380907951519745, 4.478718870602345525 ) ) ;
#250 = ORIENTED_EDGE ( 'NONE', *, *, #7724, .F. ) ;
#251 = VECTOR ( 'NONE', #4821, 1000.000000000000000 ) ;
#252 = DIRECTION ( 'NONE',  ( -0.000000000000000000, -0.000000000000000000, 1.000000000000000000 ) ) ;
#253 = VERTEX_POINT ( 'NONE', #3119 ) ;
#254 = EDGE_LOOP ( 'NONE', ( #7111, #372, #8040, #1302 ) ) ;
#255 = AXIS2_PLACEMENT_3D ( 'NONE', #2883, #4153, #5611 ) ;
#256 = ORIENTED_EDGE ( 'NONE', *, *, #6839, .F. ) ;
#257 = DIRECTION ( 'NONE',  ( 1.000000000000000000, 7.016859003951130319E-16, 0.000000000000000000 ) ) ;
#258 = VECTOR ( 'NONE', #2991, 1000.000000000000114 ) ;
#259 = VERTEX_POINT ( 'NONE', #5796 ) ;
#260 = CARTESIAN_POINT ( 'NONE',  ( 0.000000000000000000, 0.000000000000000000, 4.500000000000000888 ) ) ;
#261 = CARTESIAN_POINT ( 'NONE',  ( 10.70000000000001172, 6.499999999999999112, -0.5999999999999998668 ) ) ;
#262 = CARTESIAN_POINT ( 'NONE',  ( -60.99999999999989342, 16.49999999999999645, 1.000000000000000000 ) ) ;
#263 = DIRECTION ( 'NONE',  ( -1.706742230357500909E-15, 0.9838699100999075409, 0.1788854381999831766 ) ) ;
#264 = CARTESIAN_POINT ( 'NONE',  ( 23.00000000000000000, -33.00000000000000711, -3.000000000000000000 ) ) ;
#265 = CIRCLE ( 'NONE', #5333, 1.500000000000001332 ) ;
#266 = CIRCLE ( 'NONE', #4618, 1.250000000000001110 ) ;
#267 = DIRECTION ( 'NONE',  ( -0.000000000000000000, -0.000000000000000000, 1.000000000000000000 ) ) ;
#268 = DIRECTION ( 'NONE',  ( -0.000000000000000000, 0.000000000000000000, 1.000000000000000000 ) ) ;
#269 = VECTOR ( 'NONE', #7988, 1000.000000000000000 ) ;
#270 = EDGE_LOOP ( 'NONE', ( #6488, #8600, #8075, #3199 ) ) ;
#271 = CARTESIAN_POINT ( 'NONE',  ( -24.24999999999999645, -33.00000000000000000, -3.000000000000000000 ) ) ;
#272 = ORIENTED_EDGE ( 'NONE', *, *, #5135, .T. ) ;
#273 = DIRECTION ( 'NONE',  ( -1.000000000000000000, 0.000000000000000000, -0.000000000000000000 ) ) ;
#274 = CARTESIAN_POINT ( 'NONE',  ( -13.92345267658233965, 3.321380907951519745, 4.478718870602345525 ) ) ;
#275 = EDGE_CURVE ( 'NONE', #3453, #2462, #7259, .T. ) ;
#276 = AXIS2_PLACEMENT_3D ( 'NONE', #7703, #4967, #6278 ) ;
#277 = EDGE_CURVE ( 'NONE', #5755, #867, #6131, .T. ) ;
#278 = EDGE_CURVE ( 'NONE', #6004, #4817, #1066, .T. ) ;
#279 = ORIENTED_EDGE ( 'NONE', *, *, #8341, .F. ) ;
#280 = CARTESIAN_POINT ( 'NONE',  ( -12.70637256080087951, 3.159999999999996145, 1.000000000000000000 ) ) ;
#281 = VERTEX_POINT ( 'NONE', #1785 ) ;
#282 = CARTESIAN_POINT ( 'NONE',  ( -17.99999999999998934, 14.00000000000002842, 0.4999999999999816813 ) ) ;
#283 = VERTEX_POINT ( 'NONE', #5181 ) ;
#284 = VECTOR ( 'NONE', #4722, 1000.000000000000000 ) ;
#285 = CARTESIAN_POINT ( 'NONE',  ( 23.00000000000000000, -33.00000000000000711, -3.000000000000000000 ) ) ;
#286 = LINE ( 'NONE', #6943, #3704 ) ;
#287 = CARTESIAN_POINT ( 'NONE',  ( 19.50000000000000355, -17.94723012279293428, 7.005858774387718313 ) ) ;
#288 = EDGE_CURVE ( 'NONE', #6228, #7974, #3501, .T. ) ;
#289 = EDGE_CURVE ( 'NONE', #3436, #4695, #1224, .T. ) ;
#290 = LINE ( 'NONE', #8286, #13 ) ;
#291 = VECTOR ( 'NONE', #1715, 1000.000000000000000 ) ;
#292 = CARTESIAN_POINT ( 'NONE',  ( -16.49999999999999645, -18.34000000000000341, 8.000000000000000000 ) ) ;
#293 = ORIENTED_EDGE ( 'NONE', *, *, #6514, .F. ) ;
#294 = PLANE ( 'NONE',  #8706 ) ;
#295 = ORIENTED_EDGE ( 'NONE', *, *, #6105, .F. ) ;
#296 = SURFACE_SIDE_STYLE ('',( #203 ) ) ;
#297 = CARTESIAN_POINT ( 'NONE',  ( -2.543627439199105389, 3.159999999999996145, 4.500000000000000888 ) ) ;
#298 = ORIENTED_EDGE ( 'NONE', *, *, #6415, .T. ) ;
#299 = CIRCLE ( 'NONE', #2831, 1.500000000000001332 ) ;
#300 = EDGE_CURVE ( 'NONE', #281, #7014, #8150, .T. ) ;
#301 = FACE_OUTER_BOUND ( 'NONE', #4005, .T. ) ;
#302 = ORIENTED_EDGE ( 'NONE', *, *, #3417, .T. ) ;
#303 = ORIENTED_EDGE ( 'NONE', *, *, #2017, .F. ) ;
#304 = VECTOR ( 'NONE', #8110, 1000.000000000000000 ) ;
#305 = ORIENTED_EDGE ( 'NONE', *, *, #3804, .T. ) ;
#306 = CARTESIAN_POINT ( 'NONE',  ( -22.99999999999996803, -30.00000000000002132, -3.000000000000000000 ) ) ;
#307 = ORIENTED_EDGE ( 'NONE', *, *, #4550, .F. ) ;
#308 = DIRECTION ( 'NONE',  ( -0.000000000000000000, 1.000000000000000000, -0.000000000000000000 ) ) ;
#309 = CARTESIAN_POINT ( 'NONE',  ( -18.00000000000001066, 24.00000000000000711, 0.5000000000000000000 ) ) ;
#310 = AXIS2_PLACEMENT_3D ( 'NONE', #1681, #1012, #7821 ) ;
#311 = CARTESIAN_POINT ( 'NONE',  ( 12.68749999999997868, -15.34000000000000341, 7.400893641477320983 ) ) ;
#312 = DIRECTION ( 'NONE',  ( -3.898255002195072399E-16, 1.000000000000000000, 0.000000000000000000 ) ) ;
#313 = FACE_OUTER_BOUND ( 'NONE', #5625, .T. ) ;
#314 = CYLINDRICAL_SURFACE ( 'NONE', #1646, 3.500000000000003109 ) ;
#315 = AXIS2_PLACEMENT_3D ( 'NONE', #2546, #2502, #3898 ) ;
#316 = ORIENTED_EDGE ( 'NONE', *, *, #54, .F. ) ;
#317 = CARTESIAN_POINT ( 'NONE',  ( 2.081899558550499491E-15, 8.999999999999998224, 0.5000000000000000000 ) ) ;
#318 = CARTESIAN_POINT ( 'NONE',  ( 6.375000000000019540, -15.92944271909999010, 7.892828596527274421 ) ) ;
#319 = MECHANICAL_DESIGN_GEOMETRIC_PRESENTATION_REPRESENTATION (  '', ( #5536 ), #2159 ) ;
#320 = CARTESIAN_POINT ( 'NONE',  ( 12.68749999999998046, -15.92944271909999010, 7.892828596527274421 ) ) ;
#321 = CIRCLE ( 'NONE', #1436, 3.000000000000002665 ) ;
#322 = ORIENTED_EDGE ( 'NONE', *, *, #8162, .T. ) ;
#323 = CARTESIAN_POINT ( 'NONE',  ( 5.102036564453626077, 3.244292926283403933, 4.500000000000000888 ) ) ;
#324 = ORIENTED_EDGE ( 'NONE', *, *, #8208, .F. ) ;
#325 = LINE ( 'NONE', #282, #5749 ) ;
#326 = EDGE_CURVE ( 'NONE', #6410, #6331, #7870, .T. ) ;
#327 = ORIENTED_EDGE ( 'NONE', *, *, #2191, .T. ) ;
#328 = CARTESIAN_POINT ( 'NONE',  ( -22.99999999999999645, -33.00000000000000000, 0.000000000000000000 ) ) ;
#329 = ADVANCED_FACE ( 'NONE', ( #3864, #5144, #6539, #496, #4393, #1198 ), #3073, .F. ) ;
#330 = DIRECTION ( 'NONE',  ( -1.000000000000000000, 0.000000000000000000, 0.000000000000000000 ) ) ;
#331 = CARTESIAN_POINT ( 'NONE',  ( -25.99999999999999289, 36.00000000000000000, 1.000000000000000000 ) ) ;
#332 = ADVANCED_FACE ( 'NONE', ( #2597 ), #539, .F. ) ;
#333 = ORIENTED_EDGE ( 'NONE', *, *, #6739, .T. ) ;
#334 = CARTESIAN_POINT ( 'NONE',  ( -5.062499999999995559, -24.33999999999999986, 6.363636363636365090 ) ) ;
#335 = ORIENTED_EDGE ( 'NONE', *, *, #2511, .T. ) ;
#336 = CYLINDRICAL_SURFACE ( 'NONE', #5254, 0.7999999999999933831 ) ;
#337 = CARTESIAN_POINT ( 'NONE',  ( -60.99999999999985079, 12.74999999999999822, 2.000000000000000000 ) ) ;
#338 = ORIENTED_EDGE ( 'NONE', *, *, #4580, .T. ) ;
#339 = EDGE_CURVE ( 'NONE', #2077, #5099, #4473, .T. ) ;
#340 = ORIENTED_EDGE ( 'NONE', *, *, #1952, .T. ) ;
#341 = ORIENTED_EDGE ( 'NONE', *, *, #3250, .F. ) ;
#342 = ORIENTED_EDGE ( 'NONE', *, *, #2229, .T. ) ;
#343 = PLANE ( 'NONE',  #5105 ) ;
#344 = EDGE_LOOP ( 'NONE', ( #4488, #4938, #6907, #408 ) ) ;
#345 = DIRECTION ( 'NONE',  ( 1.000000000000000000, 1.239088197126290324E-16, 0.000000000000000000 ) ) ;
#346 = EDGE_CURVE ( 'NONE', #27, #7562, #7580, .T. ) ;
#347 = CIRCLE ( 'NONE', #3596, 0.5000000000000004441 ) ;
#348 = CARTESIAN_POINT ( 'NONE',  ( -18.50000000000000711, -3.209238430557094308E-15, 1.000000000000000000 ) ) ;
#349 = DIRECTION ( 'NONE',  ( 1.000000000000000000, 0.000000000000000000, 0.000000000000000000 ) ) ;
#350 = CARTESIAN_POINT ( 'NONE',  ( 0.000000000000000000, 0.000000000000000000, 4.500000000000000888 ) ) ;
#351 = DIRECTION ( 'NONE',  ( 1.000000000000000000, 0.000000000000000000, 0.000000000000000000 ) ) ;
#352 = CARTESIAN_POINT ( 'NONE',  ( -60.50000000000001421, 27.75000000000000000, 2.000000000000000000 ) ) ;
#353 = ORIENTED_EDGE ( 'NONE', *, *, #7244, .F. ) ;
#354 = CARTESIAN_POINT ( 'NONE',  ( 3.812499999999998224, -24.33999999999999986, 1.000000000000000000 ) ) ;
#355 = LINE ( 'NONE', #5614, #7392 ) ;
#356 = DIRECTION ( 'NONE',  ( 0.000000000000000000, 0.000000000000000000, 1.000000000000000000 ) ) ;
#357 = DIRECTION ( 'NONE',  ( 1.000000000000000000, 0.000000000000000000, 0.000000000000000000 ) ) ;
#358 = CARTESIAN_POINT ( 'NONE',  ( 5.062499999999984013, 3.003749999999987264, 0.07192234969262845112 ) ) ;
#359 = VECTOR ( 'NONE', #5854, 1000.000000000000000 ) ;
#360 = VERTEX_POINT ( 'NONE', #1699 ) ;
#361 = CARTESIAN_POINT ( 'NONE',  ( 18.50000000000000355, 35.49999999999999289, -91.81441324469805920 ) ) ;
#362 = EDGE_LOOP ( 'NONE', ( #1162, #2759, #2607, #4592, #5305, #1338, #6819, #4329, #6191, #1029, #2393, #2388, #1321, #3003, #5447, #5762, #5506, #2554, #298, #3002, #6404, #8534, #497, #962 ) ) ;
#363 = DIRECTION ( 'NONE',  ( 1.000000000000000000, 0.000000000000000000, 0.000000000000000000 ) ) ;
#364 = ORIENTED_EDGE ( 'NONE', *, *, #371, .T. ) ;
#365 = CARTESIAN_POINT ( 'NONE',  ( -17.99999999999999289, 17.75000000000002132, 0.4999999999999836242 ) ) ;
#366 = CARTESIAN_POINT ( 'NONE',  ( -9.687163680454773919E-15, 17.75000000000003197, 1.000000000000000000 ) ) ;
#367 = LINE ( 'NONE', #5092, #2153 ) ;
#368 = CARTESIAN_POINT ( 'NONE',  ( 19.12135916896016852, -16.82914306829643891, 7.175265903856579364 ) ) ;
#369 = CYLINDRICAL_SURFACE ( 'NONE', #3824, 3.650000000000000355 ) ;
#370 = DIRECTION ( 'NONE',  ( 3.469446951953611033E-15, 1.000000000000000000, -5.204170427930416550E-15 ) ) ;
#371 = EDGE_CURVE ( 'NONE', #5598, #8421, #7798, .T. ) ;
#372 = ORIENTED_EDGE ( 'NONE', *, *, #6190, .T. ) ;
#373 = CARTESIAN_POINT ( 'NONE',  ( -64.50000000000001421, 25.84597089274788217, -2.299999999999999822 ) ) ;
#374 = VERTEX_POINT ( 'NONE', #5754 ) ;
#375 = DIRECTION ( 'NONE',  ( -0.000000000000000000, -0.000000000000000000, 1.000000000000000000 ) ) ;
#376 = LINE ( 'NONE', #5594, #8298 ) ;
#377 = ORIENTED_EDGE ( 'NONE', *, *, #5502, .T. ) ;
#378 = ORIENTED_EDGE ( 'NONE', *, *, #1177, .F. ) ;
#379 = DIRECTION ( 'NONE',  ( -1.927470528863119344E-15, -1.000000000000000000, 0.000000000000000000 ) ) ;
#380 = EDGE_CURVE ( 'NONE', #3863, #6990, #2424, .T. ) ;
#381 = EDGE_CURVE ( 'NONE', #886, #6500, #6022, .T. ) ;
#382 = EDGE_CURVE ( 'NONE', #8008, #7353, #2633, .T. ) ;
#383 = VERTEX_POINT ( 'NONE', #6135 ) ;
#384 = VERTEX_POINT ( 'NONE', #6003 ) ;
#385 = ORIENTED_EDGE ( 'NONE', *, *, #7287, .T. ) ;
#386 = VECTOR ( 'NONE', #4898, 1000.000000000000000 ) ;
#387 = LINE ( 'NONE', #3048, #2099 ) ;
#388 = CARTESIAN_POINT ( 'NONE',  ( -64.26000000000000512, 18.69999999999999929, 7.900893641477321871 ) ) ;
#389 = DIRECTION ( 'NONE',  ( 1.000000000000000000, 0.000000000000000000, 0.000000000000000000 ) ) ;
#390 = AXIS2_PLACEMENT_3D ( 'NONE', #2636, #2097, #4028 ) ;
#391 = EDGE_CURVE ( 'NONE', #42, #2086, #3287, .T. ) ;
#392 = AXIS2_PLACEMENT_3D ( 'NONE', #3476, #672, #8065 ) ;
#393 = DIRECTION ( 'NONE',  ( -0.000000000000000000, -0.000000000000000000, 1.000000000000000000 ) ) ;
#394 = LINE ( 'NONE', #8566, #5607 ) ;
#395 = CARTESIAN_POINT ( 'NONE',  ( -67.91000000000001080, 3.159999999999996145, 4.000000000000000000 ) ) ;
#396 = VERTEX_POINT ( 'NONE', #4025 ) ;
#397 = CARTESIAN_POINT ( 'NONE',  ( 6.356127439199101836, 3.159999999999996145, 4.500000000000000888 ) ) ;
#398 = VECTOR ( 'NONE', #3809, 1000.000000000000000 ) ;
#399 = CARTESIAN_POINT ( 'NONE',  ( 11.50000000000000533, 6.499999999999999112, 0.9999999999999970024 ) ) ;
#400 = DIRECTION ( 'NONE',  ( -1.000000000000000000, 0.000000000000000000, 0.000000000000000000 ) ) ;
#401 = CIRCLE ( 'NONE', #1956, 0.7999999999999917177 ) ;
#402 = LINE ( 'NONE', #3970, #1851 ) ;
#403 = VECTOR ( 'NONE', #4941, 1000.000000000000000 ) ;
#404 = VERTEX_POINT ( 'NONE', #3372 ) ;
#405 = CARTESIAN_POINT ( 'NONE',  ( -25.49999999999998934, 28.50000000000001066, -3.000000000000002665 ) ) ;
#406 = ORIENTED_EDGE ( 'NONE', *, *, #5294, .T. ) ;
#407 = CARTESIAN_POINT ( 'NONE',  ( -16.49999999999997513, -26.34000000000000341, 8.000000000000000000 ) ) ;
#408 = ORIENTED_EDGE ( 'NONE', *, *, #2511, .F. ) ;
#409 = CARTESIAN_POINT ( 'NONE',  ( 10.70000000000001172, 6.499999999999999112, 0.9999999999999970024 ) ) ;
#410 = CIRCLE ( 'NONE', #6741, 0.5000000000000004441 ) ;
#411 = DIRECTION ( 'NONE',  ( -0.000000000000000000, -0.000000000000000000, -1.000000000000000000 ) ) ;
#412 = CARTESIAN_POINT ( 'NONE',  ( -26.00000000000000355, 2.999999999999994671, -2.299999999999999822 ) ) ;
#413 = ORIENTED_EDGE ( 'NONE', *, *, #2560, .T. ) ;
#414 = LINE ( 'NONE', #7840, #7008 ) ;
#415 = VECTOR ( 'NONE', #1264, 1000.000000000000000 ) ;
#416 = EDGE_LOOP ( 'NONE', ( #4655, #5639, #5923, #7533 ) ) ;
#417 = DIRECTION ( 'NONE',  ( -0.000000000000000000, -0.000000000000000000, 1.000000000000000000 ) ) ;
#418 = FACE_OUTER_BOUND ( 'NONE', #1936, .T. ) ;
#419 = ORIENTED_EDGE ( 'NONE', *, *, #8593, .F. ) ;
#420 = CARTESIAN_POINT ( 'NONE',  ( -18.50000000000000711, -3.209238430557094308E-15, 1.000000000000000000 ) ) ;
#421 = ORIENTED_EDGE ( 'NONE', *, *, #1576, .F. ) ;
#422 = FILL_AREA_STYLE ('',( #5848 ) ) ;
#423 = EDGE_LOOP ( 'NONE', ( #4901, #5300, #7940, #3338, #6854, #8216, #1246 ) ) ;
#424 = DIRECTION ( 'NONE',  ( 0.000000000000000000, 0.000000000000000000, 1.000000000000000000 ) ) ;
#425 = ORIENTED_EDGE ( 'NONE', *, *, #862, .T. ) ;
#426 = VECTOR ( 'NONE', #4715, 1000.000000000000000 ) ;
#427 = CARTESIAN_POINT ( 'NONE',  ( -67.91000000000001080, 3.659999999999996145, 4.000000000000000000 ) ) ;
#428 = LINE ( 'NONE', #5770, #6695 ) ;
#429 = CARTESIAN_POINT ( 'NONE',  ( 26.00000000000001066, -15.92944271909999010, 7.892828596527274421 ) ) ;
#430 = VECTOR ( 'NONE', #242, 1000.000000000000000 ) ;
#431 = DIRECTION ( 'NONE',  ( 0.000000000000000000, 0.9761870601839527373, 0.2169304578186561361 ) ) ;
#432 = EDGE_CURVE ( 'NONE', #3934, #4521, #6875, .T. ) ;
#433 = DIRECTION ( 'NONE',  ( -1.000000000000000000, 0.000000000000000000, 0.000000000000000000 ) ) ;
#434 = CARTESIAN_POINT ( 'NONE',  ( 26.00000000000000711, -36.00000000000000000, 1.000000000000000000 ) ) ;
#435 = ORIENTED_EDGE ( 'NONE', *, *, #8268, .T. ) ;
#436 = PLANE ( 'NONE',  #1818 ) ;
#437 = CIRCLE ( 'NONE', #7482, 1.500000000000001332 ) ;
#438 = EDGE_CURVE ( 'NONE', #168, #80, #1927, .T. ) ;
#439 = EDGE_CURVE ( 'NONE', #5456, #1091, #5432, .T. ) ;
#440 = AXIS2_PLACEMENT_3D ( 'NONE', #4903, #8186, #3633 ) ;
#441 = VECTOR ( 'NONE', #2238, 1000.000000000000000 ) ;
#442 = ORIENTED_EDGE ( 'NONE', *, *, #4108, .F. ) ;
#443 = CARTESIAN_POINT ( 'NONE',  ( -16.90710117232899634, -15.34000000001135611, 7.999999999998294697 ) ) ;
#444 = ORIENTED_EDGE ( 'NONE', *, *, #8494, .F. ) ;
#445 = CARTESIAN_POINT ( 'NONE',  ( 8.874999999999994671, -24.33999999999999986, 1.000000000000000000 ) ) ;
#446 = ORIENTED_EDGE ( 'NONE', *, *, #7287, .F. ) ;
#447 = CARTESIAN_POINT ( 'NONE',  ( 22.99999999999996803, 30.00000000000001421, -5.837274330926434551 ) ) ;
#448 = EDGE_CURVE ( 'NONE', #7915, #4273, #754, .T. ) ;
#449 = VECTOR ( 'NONE', #7351, 1000.000000000000000 ) ;
#450 = VECTOR ( 'NONE', #5100, 1000.000000000000000 ) ;
#451 = CARTESIAN_POINT ( 'NONE',  ( 15.64954525451680034, 15.58599798172133255, -1.800000000000000266 ) ) ;
#452 = DIRECTION ( 'NONE',  ( -1.000000000000000000, -1.559302000878028960E-16, 0.000000000000000000 ) ) ;
#453 = LINE ( 'NONE', #5834, #2429 ) ;
#454 = CARTESIAN_POINT ( 'NONE',  ( 10.14796420531399335, 3.244289786235253992, 4.500000000000000000 ) ) ;
#455 = VERTEX_POINT ( 'NONE', #17 ) ;
#456 = AXIS2_PLACEMENT_3D ( 'NONE', #7982, #4856, #4420 ) ;
#457 = DIRECTION ( 'NONE',  ( 1.000000000000000000, 0.000000000000000000, 0.000000000000000000 ) ) ;
#458 = ORIENTED_EDGE ( 'NONE', *, *, #6198, .F. ) ;
#459 = DIRECTION ( 'NONE',  ( 1.000000000000000000, -9.637352644315597708E-17, 0.000000000000000000 ) ) ;
#460 = CARTESIAN_POINT ( 'NONE',  ( 19.50000000000000355, -23.34000000000000341, 6.037257277840957670 ) ) ;
#461 = VERTEX_POINT ( 'NONE', #660 ) ;
#462 = UNCERTAINTY_MEASURE_WITH_UNIT (LENGTH_MEASURE( 1.000000000000000082E-05 ), #3128, 'distance_accuracy_value', 'NONE');
#463 = LINE ( 'NONE', #549, #5677 ) ;
#464 = DIRECTION ( 'NONE',  ( -1.000000000000000000, 0.000000000000000000, 0.000000000000000000 ) ) ;
#465 = ORIENTED_EDGE ( 'NONE', *, *, #1780, .T. ) ;
#466 = DIRECTION ( 'NONE',  ( -0.000000000000000000, -0.000000000000000000, 1.000000000000000000 ) ) ;
#467 = ORIENTED_EDGE ( 'NONE', *, *, #3208, .T. ) ;
#468 = CYLINDRICAL_SURFACE ( 'NONE', #8074, 0.5000000000000000000 ) ;
#469 = ORIENTED_EDGE ( 'NONE', *, *, #927, .T. ) ;
#470 = CARTESIAN_POINT ( 'NONE',  ( 19.43362324718605194, -17.31024077555447249, -1.699999999999999956 ) ) ;
#471 = DIRECTION ( 'NONE',  ( -1.000000000000000000, 0.000000000000000000, 0.000000000000000000 ) ) ;
#472 = LINE ( 'NONE', #3881, #4504 ) ;
#473 = AXIS2_PLACEMENT_3D ( 'NONE', #835, #883, #1495 ) ;
#474 = EDGE_CURVE ( 'NONE', #528, #5726, #2795, .T. ) ;
#475 = LINE ( 'NONE', #2359, #2649 ) ;
#476 = CARTESIAN_POINT ( 'NONE',  ( 16.49999999999997513, 3.659999999999997033, 4.500000000000000888 ) ) ;
#477 = ORIENTED_EDGE ( 'NONE', *, *, #5394, .F. ) ;
#478 = CARTESIAN_POINT ( 'NONE',  ( -4.410879002820882633, 25.49849252438835023, 0.000000000000000000 ) ) ;
#479 = FILL_AREA_STYLE ('',( #3103 ) ) ;
#480 = DIRECTION ( 'NONE',  ( 0.000000000000000000, 0.000000000000000000, -1.000000000000000000 ) ) ;
#481 = AXIS2_PLACEMENT_3D ( 'NONE', #1766, #2782, #85 ) ;
#482 = ADVANCED_FACE ( 'NONE', ( #5269 ), #4644, .T. ) ;
#483 = EDGE_CURVE ( 'NONE', #5552, #6288, #3942, .T. ) ;
#484 = EDGE_CURVE ( 'NONE', #1393, #7896, #7341, .T. ) ;
#485 = EDGE_CURVE ( 'NONE', #27, #7978, #4724, .T. ) ;
#486 = CARTESIAN_POINT ( 'NONE',  ( -18.49916709992497488, -16.89307591309224676, 7.717622561255955027 ) ) ;
#487 = VERTEX_POINT ( 'NONE', #6096 ) ;
#488 = ORIENTED_EDGE ( 'NONE', *, *, #7710, .F. ) ;
#489 = CARTESIAN_POINT ( 'NONE',  ( -5.718749999999994671, 3.659999999999996589, 4.000000000000000000 ) ) ;
#490 = DIRECTION ( 'NONE',  ( 0.000000000000000000, 0.000000000000000000, -1.000000000000000000 ) ) ;
#491 = CARTESIAN_POINT ( 'NONE',  ( 25.50000000000000355, 28.50000000000000355, -3.000000000000002665 ) ) ;
#492 = PLANE ( 'NONE',  #8620 ) ;
#493 = ADVANCED_FACE ( 'NONE', ( #7421 ), #5306, .F. ) ;
#494 = CARTESIAN_POINT ( 'NONE',  ( 10.01868274791346636, 3.450240184018303236, 4.413492270693931907 ) ) ;
#495 = ORIENTED_EDGE ( 'NONE', *, *, #766, .F. ) ;
#496 = FACE_BOUND ( 'NONE', #562, .T. ) ;
#497 = ORIENTED_EDGE ( 'NONE', *, *, #4596, .T. ) ;
#498 = LINE ( 'NONE', #7343, #5116 ) ;
#499 = CARTESIAN_POINT ( 'NONE',  ( 17.15436971892162177, -25.86437440744746397, 6.086477380464098808 ) ) ;
#500 = EDGE_LOOP ( 'NONE', ( #5523, #1018, #8605 ) ) ;
#501 = CARTESIAN_POINT ( 'NONE',  ( -16.49999999999997513, -15.34000000000000163, 8.000000000000000000 ) ) ;
#502 = EDGE_LOOP ( 'NONE', ( #8588, #8052, #7170, #1847 ) ) ;
#503 = SURFACE_SIDE_STYLE ('',( #4571 ) ) ;
#504 = EDGE_LOOP ( 'NONE', ( #2414, #5063, #584, #2262 ) ) ;
#505 = LINE ( 'NONE', #5891, #2592 ) ;
#506 = ORIENTED_EDGE ( 'NONE', *, *, #6675, .T. ) ;
#507 = FACE_OUTER_BOUND ( 'NONE', #8654, .T. ) ;
#508 = CARTESIAN_POINT ( 'NONE',  ( -57.50000000000000711, 32.49999999999999289, 1.000000000000000000 ) ) ;
#509 = CARTESIAN_POINT ( 'NONE',  ( -61.66000000000001080, 18.69999999999999929, -9.553910524340087917 ) ) ;
#510 = EDGE_CURVE ( 'NONE', #4142, #1108, #5964, .T. ) ;
#511 = CARTESIAN_POINT ( 'NONE',  ( 22.99999999999999645, 36.00000000000000000, 1.000000000000000000 ) ) ;
#512 = CIRCLE ( 'NONE', #2806, 0.6562500000000109912 ) ;
#513 = CARTESIAN_POINT ( 'NONE',  ( 16.92345596729059309, 4.519999999999997797, -0.5999999999999999778 ) ) ;
#514 = FACE_OUTER_BOUND ( 'NONE', #4069, .T. ) ;
#515 = ORIENTED_EDGE ( 'NONE', *, *, #1354, .T. ) ;
#516 = DIRECTION ( 'NONE',  ( 0.000000000000000000, -1.000000000000000000, 0.000000000000000000 ) ) ;
#517 =( NAMED_UNIT ( * ) SI_UNIT ( $, .STERADIAN. ) SOLID_ANGLE_UNIT ( ) );
#518 = FACE_OUTER_BOUND ( 'NONE', #4684, .T. ) ;
#519 = DIRECTION ( 'NONE',  ( -1.000000000000000000, 1.927470528863119739E-15, -0.000000000000000000 ) ) ;
#520 = CIRCLE ( 'NONE', #3498, 1.250000000000001110 ) ;
#521 = VECTOR ( 'NONE', #8507, 1000.000000000000000 ) ;
#522 = PLANE ( 'NONE',  #6058 ) ;
#523 = CARTESIAN_POINT ( 'NONE',  ( 1.249999999999995781, -26.83999999999999275, 5.909090909090911836 ) ) ;
#524 = AXIS2_PLACEMENT_3D ( 'NONE', #6264, #6929, #184 ) ;
#525 = ORIENTED_EDGE ( 'NONE', *, *, #968, .T. ) ;
#526 = CIRCLE ( 'NONE', #7311, 3.650000000000000355 ) ;
#527 = DIRECTION ( 'NONE',  ( -1.000000000000000000, 0.000000000000000000, 0.000000000000000000 ) ) ;
#528 = VERTEX_POINT ( 'NONE', #8007 ) ;
#529 = PLANE ( 'NONE',  #1756 ) ;
#530 = DIRECTION ( 'NONE',  ( 1.000000000000000000, -0.000000000000000000, -0.000000000000000000 ) ) ;
#531 = EDGE_CURVE ( 'NONE', #1481, #4739, #4139, .T. ) ;
#532 = DIRECTION ( 'NONE',  ( -0.000000000000000000, -0.000000000000000000, 1.000000000000000000 ) ) ;
#533 = ADVANCED_FACE ( 'NONE', ( #2006 ), #59, .T. ) ;
#534 = VECTOR ( 'NONE', #5510, 1000.000000000000000 ) ;
#535 = AXIS2_PLACEMENT_3D ( 'NONE', #6857, #5407, #8116 ) ;
#536 = CARTESIAN_POINT ( 'NONE',  ( -67.91000000000001080, 18.69999999999999929, 1.000000000000000000 ) ) ;
#537 = DIRECTION ( 'NONE',  ( 0.000000000000000000, 1.000000000000000000, 0.000000000000000000 ) ) ;
#538 = ORIENTED_EDGE ( 'NONE', *, *, #1395, .T. ) ;
#539 = CYLINDRICAL_SURFACE ( 'NONE', #8005, 1.250000000000001110 ) ;
#540 = EDGE_LOOP ( 'NONE', ( #3169, #8603, #303, #2814 ) ) ;
#541 = FACE_OUTER_BOUND ( 'NONE', #2882, .T. ) ;
#542 = DIRECTION ( 'NONE',  ( 0.000000000000000000, 1.000000000000000000, 0.000000000000000000 ) ) ;
#543 = ORIENTED_EDGE ( 'NONE', *, *, #5909, .F. ) ;
#544 = AXIS2_PLACEMENT_3D ( 'NONE', #6142, #1604, #7569 ) ;
#545 = EDGE_CURVE ( 'NONE', #1849, #6228, #234, .T. ) ;
#546 = EDGE_CURVE ( 'NONE', #21, #3832, #6177, .T. ) ;
#548 = EDGE_CURVE ( 'NONE', #5890, #1849, #6886, .T. ) ;
#547 = DIRECTION ( 'NONE',  ( -0.7071067811865474617, -0.7071067811865474617, 0.000000000000000000 ) ) ;
#549 = CARTESIAN_POINT ( 'NONE',  ( -5.062499999999978684, -15.34000000000000341, 1.000000000000000000 ) ) ;
#550 = CARTESIAN_POINT ( 'NONE',  ( -23.00000000000000000, 33.00000000000000000, -3.000000000000000000 ) ) ;
#551 = VECTOR ( 'NONE', #6388, 1000.000000000000000 ) ;
#552 = ORIENTED_EDGE ( 'NONE', *, *, #2041, .T. ) ;
#553 = ORIENTED_EDGE ( 'NONE', *, *, #6092, .T. ) ;
#554 = FACE_OUTER_BOUND ( 'NONE', #113, .T. ) ;
#555 = ORIENTED_EDGE ( 'NONE', *, *, #8037, .T. ) ;
#556 = AXIS2_PLACEMENT_3D ( 'NONE', #4321, #4662, #8725 ) ;
#557 = LINE ( 'NONE', #8649, #3888 ) ;
#558 = FACE_OUTER_BOUND ( 'NONE', #2719, .T. ) ;
#559 = DIRECTION ( 'NONE',  ( 0.000000000000000000, 1.000000000000000000, 0.000000000000000000 ) ) ;
#560 = VECTOR ( 'NONE', #2919, 1000.000000000000000 ) ;
#561 = CARTESIAN_POINT ( 'NONE',  ( -9.531249999999991118, 3.003749999999987264, 1.000000000000000000 ) ) ;
#562 = EDGE_LOOP ( 'NONE', ( #5145, #7346 ) ) ;
#563 = CARTESIAN_POINT ( 'NONE',  ( -60.61000000000001364, 18.69999999999999929, -4.599999999999999645 ) ) ;
#564 = CARTESIAN_POINT ( 'NONE',  ( 0.6600000000000008082, -11.74345596729059515, -0.5999999999999999778 ) ) ;
#565 = AXIS2_PLACEMENT_3D ( 'NONE', #6813, #3517, #6186 ) ;
#566 = FACE_OUTER_BOUND ( 'NONE', #7280, .T. ) ;
#567 = AXIS2_PLACEMENT_3D ( 'NONE', #4309, #6995, #3702 ) ;
#568 = ORIENTED_EDGE ( 'NONE', *, *, #6415, .F. ) ;
#569 = CARTESIAN_POINT ( 'NONE',  ( -15.72460686094505711, 14.18480338457612788, -1.800000000000000266 ) ) ;
#570 = VERTEX_POINT ( 'NONE', #7026 ) ;
#571 = DIRECTION ( 'NONE',  ( -0.000000000000000000, 1.000000000000000000, -0.000000000000000000 ) ) ;
#572 = DIRECTION ( 'NONE',  ( 0.000000000000000000, 0.000000000000000000, -1.000000000000000000 ) ) ;
#573 = DIRECTION ( 'NONE',  ( -0.000000000000000000, -0.000000000000000000, -1.000000000000000000 ) ) ;
#574 = VECTOR ( 'NONE', #2911, 999.9999999999998863 ) ;
#575 = FACE_OUTER_BOUND ( 'NONE', #637, .T. ) ;
#576 = LINE ( 'NONE', #3901, #6333 ) ;
#577 = ORIENTED_EDGE ( 'NONE', *, *, #2063, .T. ) ;
#578 = CARTESIAN_POINT ( 'NONE',  ( 14.00000000000001599, -15.34000000000000341, 4.500000000000000888 ) ) ;
#579 = EDGE_LOOP ( 'NONE', ( #7711, #5216, #1544, #1310, #3376, #903 ) ) ;
#580 = LINE ( 'NONE', #1160, #8508 ) ;
#581 = EDGE_CURVE ( 'NONE', #5384, #1890, #5750, .T. ) ;
#582 = CARTESIAN_POINT ( 'NONE',  ( -16.49999999999981881, 10.25000000000003730, 2.000000000000000000 ) ) ;
#583 = AXIS2_PLACEMENT_3D ( 'NONE', #7033, #5539, #8244 ) ;
#584 = ORIENTED_EDGE ( 'NONE', *, *, #4798, .T. ) ;
#585 = AXIS2_PLACEMENT_3D ( 'NONE', #8678, #8647, #7230 ) ;
#586 = FACE_OUTER_BOUND ( 'NONE', #5352, .T. ) ;
#587 = FACE_OUTER_BOUND ( 'NONE', #5229, .T. ) ;
#588 = EDGE_CURVE ( 'NONE', #4273, #2116, #7510, .T. ) ;
#589 = CYLINDRICAL_SURFACE ( 'NONE', #5652, 0.4999999999999995559 ) ;
#590 = AXIS2_PLACEMENT_3D ( 'NONE', #6944, #893, #3515 ) ;
#591 = AXIS2_PLACEMENT_3D ( 'NONE', #812, #6147, #8156 ) ;
#592 = EDGE_LOOP ( 'NONE', ( #698, #5504, #2336, #1197 ) ) ;
#593 = EDGE_CURVE ( 'NONE', #4891, #137, #668, .T. ) ;
#594 = CARTESIAN_POINT ( 'NONE',  ( -2.034751499630703009, 3.659999999999997033, 4.112165163103634669 ) ) ;
#595 = EDGE_LOOP ( 'NONE', ( #8632, #5130, #4574, #5708, #2369, #8311, #4782 ) ) ;
#596 = CARTESIAN_POINT ( 'NONE',  ( -25.99999999999999289, 32.99999999999999289, -2.299999999999999822 ) ) ;
#597 = VERTEX_POINT ( 'NONE', #7599 ) ;
#598 = CARTESIAN_POINT ( 'NONE',  ( 1.473519419095829397, 3.502162626495981979, 4.369946396850291848 ) ) ;
#599 = PLANE ( 'NONE',  #8543 ) ;
#600 = DIRECTION ( 'NONE',  ( -0.000000000000000000, 0.000000000000000000, -1.000000000000000000 ) ) ;
#601 = CARTESIAN_POINT ( 'NONE',  ( 1.249999999999996003, -24.33999999999999986, 7.900893641477321871 ) ) ;
#602 = DIRECTION ( 'NONE',  ( -0.000000000000000000, -0.000000000000000000, -1.000000000000000000 ) ) ;
#603 = EDGE_CURVE ( 'NONE', #5976, #4224, #8014, .T. ) ;
#604 = ORIENTED_EDGE ( 'NONE', *, *, #2658, .F. ) ;
#605 = LINE ( 'NONE', #7985, #1158 ) ;
#606 = EDGE_LOOP ( 'NONE', ( #913, #8280, #2746, #8699, #8733, #1267 ) ) ;
#607 = CARTESIAN_POINT ( 'NONE',  ( -60.50000000000001421, 28.99999999999999289, 2.000000000000000000 ) ) ;
#608 = CARTESIAN_POINT ( 'NONE',  ( -25.99999999999999289, -36.00000000000000000, 1.000000000000000000 ) ) ;
#609 = LINE ( 'NONE', #7330, #8160 ) ;
#610 = ORIENTED_EDGE ( 'NONE', *, *, #4743, .F. ) ;
#611 =( BOUNDED_CURVE ( )  B_SPLINE_CURVE ( 3, ( #6166, #2174, #222, #8309 ),
 .UNSPECIFIED., .F., .F. ) 
 B_SPLINE_CURVE_WITH_KNOTS ( ( 4, 4 ),
 ( 0.000000000000000000, 1.570796326794896558 ),
 .UNSPECIFIED. ) 
 CURVE ( )  GEOMETRIC_REPRESENTATION_ITEM ( )  RATIONAL_B_SPLINE_CURVE ( ( 1.000000000000000000, 0.8047378541243649375, 0.8047378541243649375, 1.000000000000000000 ) ) 
 REPRESENTATION_ITEM ( '' )  );
#612 = CARTESIAN_POINT ( 'NONE',  ( -1.906249999999998224, 3.003749999999987264, 1.000000000000000000 ) ) ;
#613 = VERTEX_POINT ( 'NONE', #189 ) ;
#614 = DIRECTION ( 'NONE',  ( 0.000000000000000000, 1.000000000000000000, 0.000000000000000000 ) ) ;
#615 = VECTOR ( 'NONE', #3896, 1000.000000000000000 ) ;
#616 = CARTESIAN_POINT ( 'NONE',  ( 12.68749999999997868, -15.83999999999999986, 7.900893641477321871 ) ) ;
#617 = CIRCLE ( 'NONE', #5977, 0.5000000000000004441 ) ;
#618 = EDGE_LOOP ( 'NONE', ( #3395, #2777, #6306, #406 ) ) ;
#619 = CARTESIAN_POINT ( 'NONE',  ( -6.356127439199103613, 3.159999999999996145, 4.500000000000000000 ) ) ;
#620 = VERTEX_POINT ( 'NONE', #280 ) ;
#621 = CARTESIAN_POINT ( 'NONE',  ( 10.18750000000002309, -15.33999999999997321, 8.000000000000005329 ) ) ;
#622 = FACE_BOUND ( 'NONE', #7258, .T. ) ;
#623 = ORIENTED_EDGE ( 'NONE', *, *, #8233, .F. ) ;
#624 = DIRECTION ( 'NONE',  ( 0.000000000000000000, 0.000000000000000000, -1.000000000000000000 ) ) ;
#625 = EDGE_CURVE ( 'NONE', #1324, #3875, #8167, .T. ) ;
#626 = CARTESIAN_POINT ( 'NONE',  ( -15.29999999999998650, 27.49999999999999645, -1.800000000000000488 ) ) ;
#627 = EDGE_LOOP ( 'NONE', ( #442, #6498, #5744 ) ) ;
#628 = FACE_OUTER_BOUND ( 'NONE', #6777, .T. ) ;
#629 = ORIENTED_EDGE ( 'NONE', *, *, #4586, .F. ) ;
#630 = CARTESIAN_POINT ( 'NONE',  ( 19.00000000000000355, -18.42944271910000964, 7.438283141981817614 ) ) ;
#631 = AXIS2_PLACEMENT_3D ( 'NONE', #5813, #6552, #7274 ) ;
#632 = ORIENTED_EDGE ( 'NONE', *, *, #646, .F. ) ;
#633 = CARTESIAN_POINT ( 'NONE',  ( -22.99999999999999645, -33.00000000000000000, -2.200000000000000178 ) ) ;
#634 = SURFACE_STYLE_USAGE ( .BOTH. , #775 ) ;
#635 = EDGE_CURVE ( 'NONE', #455, #6463, #3598, .T. ) ;
#636 = EDGE_CURVE ( 'NONE', #4313, #253, #401, .T. ) ;
#637 = EDGE_LOOP ( 'NONE', ( #5272, #7139, #6110, #7131, #882, #6638 ) ) ;
#638 = ORIENTED_EDGE ( 'NONE', *, *, #7203, .F. ) ;
#639 = ORIENTED_EDGE ( 'NONE', *, *, #7179, .F. ) ;
#640 = CARTESIAN_POINT ( 'NONE',  ( -20.40000000000000213, 33.00000000000000000, -9.553910524340087917 ) ) ;
#641 = EDGE_LOOP ( 'NONE', ( #8410, #6981, #6730 ) ) ;
#642 = CARTESIAN_POINT ( 'NONE',  ( 6.375000000000005329, 3.003749999999987264, 4.500000000000000888 ) ) ;
#643 = DIRECTION ( 'NONE',  ( -1.000000000000000000, 1.927470528863119739E-15, -0.000000000000000000 ) ) ;
#644 = CYLINDRICAL_SURFACE ( 'NONE', #2010, 2.599999999999998312 ) ;
#645 = ADVANCED_FACE ( 'NONE', ( #2931 ), #4336, .F. ) ;
#646 = EDGE_CURVE ( 'NONE', #7974, #283, #4293, .T. ) ;
#647 = DIRECTION ( 'NONE',  ( 1.000000000000000000, 1.559302000878028960E-16, 0.000000000000000000 ) ) ;
#648 = LINE ( 'NONE', #7288, #3347 ) ;
#649 = ORIENTED_EDGE ( 'NONE', *, *, #5328, .F. ) ;
#650 = CARTESIAN_POINT ( 'NONE',  ( -64.26000000000000512, 18.69999999999999929, -4.599999999999999645 ) ) ;
#651 = ORIENTED_EDGE ( 'NONE', *, *, #5869, .T. ) ;
#652 = AXIS2_PLACEMENT_3D ( 'NONE', #2785, #8354, #5566 ) ;
#653 = DIRECTION ( 'NONE',  ( -0.000000000000000000, -1.000000000000000000, -0.000000000000000000 ) ) ;
#654 = DIRECTION ( 'NONE',  ( 0.000000000000000000, 0.000000000000000000, 1.000000000000000000 ) ) ;
#655 = AXIS2_PLACEMENT_3D ( 'NONE', #6602, #6062, #4738 ) ;
#656 = CARTESIAN_POINT ( 'NONE',  ( 23.00000000000000000, 33.00000000000000711, 1.000000000000000000 ) ) ;
#657 =( BOUNDED_CURVE ( )  B_SPLINE_CURVE ( 3, ( #8488, #7728, #4458, #8528 ),
 .UNSPECIFIED., .F., .F. ) 
 B_SPLINE_CURVE_WITH_KNOTS ( ( 4, 4 ),
 ( 3.141592653589793116, 4.712388980384689674 ),
 .UNSPECIFIED. ) 
 CURVE ( )  GEOMETRIC_REPRESENTATION_ITEM ( )  RATIONAL_B_SPLINE_CURVE ( ( 1.000000000000000000, 0.8047378541243649375, 0.8047378541243649375, 1.000000000000000000 ) ) 
 REPRESENTATION_ITEM ( '' )  );
#658 = AXIS2_PLACEMENT_3D ( 'NONE', #7925, #6453, #7218 ) ;
#659 = ORIENTED_EDGE ( 'NONE', *, *, #2758, .F. ) ;
#660 = CARTESIAN_POINT ( 'NONE',  ( -21.74999999999999645, -33.00000000000000000, -3.000000000000000000 ) ) ;
#661 = EDGE_LOOP ( 'NONE', ( #4746, #8556, #2261, #6930 ) ) ;
#662 = LINE ( 'NONE', #2716, #3127 ) ;
#663 = CARTESIAN_POINT ( 'NONE',  ( 25.59999999999999787, 33.00000000000000711, -9.553910524340087917 ) ) ;
#664 = ORIENTED_EDGE ( 'NONE', *, *, #3035, .F. ) ;
#665 = SURFACE_STYLE_USAGE ( .BOTH. , #6711 ) ;
#666 = AXIS2_PLACEMENT_3D ( 'NONE', #4591, #6744, #3410 ) ;
#667 = CARTESIAN_POINT ( 'NONE',  ( 1.906249999999998224, 3.003749999999987264, 0.07192234969262845112 ) ) ;
#668 = CIRCLE ( 'NONE', #2537, 2.999999999999999112 ) ;
#669 = CARTESIAN_POINT ( 'NONE',  ( -60.99999999999993605, 0.000000000000000000, 1.000000000000000000 ) ) ;
#670 = DIRECTION ( 'NONE',  ( 0.000000000000000000, 0.000000000000000000, 1.000000000000000000 ) ) ;
#671 = VERTEX_POINT ( 'NONE', #6271 ) ;
#672 = DIRECTION ( 'NONE',  ( 0.000000000000000000, 0.000000000000000000, 1.000000000000000000 ) ) ;
#673 = VECTOR ( 'NONE', #8616, 1000.000000000000000 ) ;
#674 = EDGE_LOOP ( 'NONE', ( #2206, #3740, #5593, #3519 ) ) ;
#675 = CYLINDRICAL_SURFACE ( 'NONE', #7499, 3.499999999999999556 ) ;
#676 = DIRECTION ( 'NONE',  ( -1.000000000000000000, -5.457557003073101359E-16, 0.000000000000000000 ) ) ;
#677 = ORIENTED_EDGE ( 'NONE', *, *, #2220, .F. ) ;
#678 = FACE_OUTER_BOUND ( 'NONE', #7486, .T. ) ;
#679 = EDGE_CURVE ( 'NONE', #8406, #4206, #7024, .T. ) ;
#680 = DIRECTION ( 'NONE',  ( -1.000000000000000000, 1.855190384030753040E-15, -0.000000000000000000 ) ) ;
#681 = DIRECTION ( 'NONE',  ( 0.000000000000000000, -1.000000000000000000, 0.000000000000000000 ) ) ;
#682 = VECTOR ( 'NONE', #5267, 1000.000000000000000 ) ;
#683 = ORIENTED_EDGE ( 'NONE', *, *, #232, .F. ) ;
#684 = VERTEX_POINT ( 'NONE', #7650 ) ;
#685 = ORIENTED_EDGE ( 'NONE', *, *, #8478, .T. ) ;
#686 = DIRECTION ( 'NONE',  ( -1.000000000000000000, -8.576161004829159278E-16, 0.000000000000000000 ) ) ;
#687 = DIRECTION ( 'NONE',  ( -1.000000000000000000, 0.000000000000000000, 0.000000000000000000 ) ) ;
#688 = AXIS2_PLACEMENT_3D ( 'NONE', #2091, #4767, #7301 ) ;
#689 = ORIENTED_EDGE ( 'NONE', *, *, #8643, .T. ) ;
#690 = EDGE_CURVE ( 'NONE', #3365, #8345, #2798, .T. ) ;
#691 = CARTESIAN_POINT ( 'NONE',  ( -18.50000000000001066, 21.50000000000001421, 1.000000000000000000 ) ) ;
#692 = CARTESIAN_POINT ( 'NONE',  ( 7.933602910679902642, -29.19511388567677201, 0.000000000000000000 ) ) ;
#693 = FACE_OUTER_BOUND ( 'NONE', #1748, .T. ) ;
#694 = CARTESIAN_POINT ( 'NONE',  ( 2.522964205314001340, 3.244289786235253104, 4.499999999999999112 ) ) ;
#695 = CIRCLE ( 'NONE', #6340, 2.599999999999998312 ) ;
#696 = EDGE_CURVE ( 'NONE', #383, #4711, #526, .T. ) ;
#697 = EDGE_CURVE ( 'NONE', #5456, #5636, #796, .T. ) ;
#698 = ORIENTED_EDGE ( 'NONE', *, *, #7178, .F. ) ;
#699 = ORIENTED_EDGE ( 'NONE', *, *, #8328, .F. ) ;
#700 = AXIS2_PLACEMENT_3D ( 'NONE', #3060, #8451, #2410 ) ;
#701 = DIRECTION ( 'NONE',  ( 0.7071079911327607936, 0.7071055712382637859, 0.000000000000000000 ) ) ;
#702 = VECTOR ( 'NONE', #2134, 1000.000000000000000 ) ;
#703 = ADVANCED_FACE ( 'NONE', ( #145 ), #3332, .T. ) ;
#704 = CARTESIAN_POINT ( 'NONE',  ( -20.00000000000000355, 33.99999999999999289, 0.000000000000000000 ) ) ;
#705 = VERTEX_POINT ( 'NONE', #3762 ) ;
#706 = CARTESIAN_POINT ( 'NONE',  ( -5.718749999999994671, 3.659999999999996589, 4.000000000000000000 ) ) ;
#707 = EDGE_CURVE ( 'NONE', #1329, #2860, #1662, .T. ) ;
#708 = VERTEX_POINT ( 'NONE', #5084 ) ;
#709 = CARTESIAN_POINT ( 'NONE',  ( 13.92345542501791122, 3.321375232574443892, 4.478720436846130859 ) ) ;
#710 = EDGE_CURVE ( 'NONE', #6454, #1372, #3504, .T. ) ;
#711 = LINE ( 'NONE', #4771, #6722 ) ;
#712 = EDGE_LOOP ( 'NONE', ( #4975, #8168, #7976, #5972 ) ) ;
#713 = LINE ( 'NONE', #6101, #8368 ) ;
#714 = AXIS2_PLACEMENT_3D ( 'NONE', #352, #2360, #4203 ) ;
#715 = AXIS2_PLACEMENT_3D ( 'NONE', #3026, #7606, #5673 ) ;
#716 = DIRECTION ( 'NONE',  ( 1.000000000000000000, 0.000000000000000000, 0.000000000000000000 ) ) ;
#717 = CARTESIAN_POINT ( 'NONE',  ( -16.49999999999999645, -25.92944271909999188, 6.074646778345456966 ) ) ;
#718 = LINE ( 'NONE', #765, #304 ) ;
#719 = ORIENTED_EDGE ( 'NONE', *, *, #1238, .F. ) ;
#720 = CIRCLE ( 'NONE', #2709, 0.6562500000000109912 ) ;
#721 = CARTESIAN_POINT ( 'NONE',  ( -2.485952676582349863, 3.321380907951519301, 4.478718870602346414 ) ) ;
#722 = VECTOR ( 'NONE', #5792, 1000.000000000000000 ) ;
#723 = VERTEX_POINT ( 'NONE', #7912 ) ;
#724 = LINE ( 'NONE', #3525, #7935 ) ;
#725 = CARTESIAN_POINT ( 'NONE',  ( -64.26000000000000512, 18.69999999999999929, -9.553910524340087917 ) ) ;
#726 = EDGE_LOOP ( 'NONE', ( #1465, #8254 ) ) ;
#727 = DIRECTION ( 'NONE',  ( 0.000000000000000000, 0.000000000000000000, -1.000000000000000000 ) ) ;
#728 = AXIS2_PLACEMENT_3D ( 'NONE', #7990, #519, #2582 ) ;
#729 = AXIS2_PLACEMENT_3D ( 'NONE', #2204, #1476, #4699 ) ;
#730 = EDGE_LOOP ( 'NONE', ( #2661, #6692, #1519, #7089 ) ) ;
#731 = ORIENTED_EDGE ( 'NONE', *, *, #2982, .F. ) ;
#732 = ORIENTED_EDGE ( 'NONE', *, *, #3041, .T. ) ;
#733 = FACE_OUTER_BOUND ( 'NONE', #8288, .T. ) ;
#734 = AXIS2_PLACEMENT_3D ( 'NONE', #7468, #5356, #4207 ) ;
#735 = FACE_OUTER_BOUND ( 'NONE', #5104, .T. ) ;
#736 = VECTOR ( 'NONE', #6179, 1000.000000000000000 ) ;
#737 = ORIENTED_EDGE ( 'NONE', *, *, #5925, .F. ) ;
#738 = DIRECTION ( 'NONE',  ( -0.000000000000000000, 0.000000000000000000, 1.000000000000000000 ) ) ;
#739 = DIRECTION ( 'NONE',  ( 0.000000000000000000, 0.000000000000000000, 1.000000000000000000 ) ) ;
#740 = PLANE ( 'NONE',  #7646 ) ;
#741 = CARTESIAN_POINT ( 'NONE',  ( -8.874999999999992895, -26.83999999999999275, 5.909090909090911836 ) ) ;
#742 = LINE ( 'NONE', #2655, #8477 ) ;
#743 = ADVANCED_FACE ( 'NONE', ( #1731 ), #8493, .T. ) ;
#744 = LINE ( 'NONE', #6218, #1216 ) ;
#745 = VERTEX_POINT ( 'NONE', #5129 ) ;
#746 = DIRECTION ( 'NONE',  ( -1.000000000000000000, 0.000000000000000000, 0.000000000000000000 ) ) ;
#747 = ORIENTED_EDGE ( 'NONE', *, *, #438, .F. ) ;
#748 = PLANE ( 'NONE',  #897 ) ;
#749 = DIRECTION ( 'NONE',  ( 1.000000000000000000, -0.000000000000000000, -0.000000000000000000 ) ) ;
#750 = ADVANCED_FACE ( 'NONE', ( #4555 ), #7249, .T. ) ;
#751 = EDGE_CURVE ( 'NONE', #1329, #6485, #4021, .T. ) ;
#752 = DIRECTION ( 'NONE',  ( -0.7071055712382640079, 0.7071079911327606826, 0.000000000000000000 ) ) ;
#753 = ORIENTED_EDGE ( 'NONE', *, *, #2246, .F. ) ;
#754 = LINE ( 'NONE', #578, #5053 ) ;
#755 = ORIENTED_EDGE ( 'NONE', *, *, #5631, .F. ) ;
#756 = CARTESIAN_POINT ( 'NONE',  ( -18.99999999999999645, -15.25055728090001139, 7.508065044950046563 ) ) ;
#757 = CIRCLE ( 'NONE', #8664, 0.7999999999999933831 ) ;
#758 = CYLINDRICAL_SURFACE ( 'NONE', #390, 1.249999999999996003 ) ;
#759 = ORIENTED_EDGE ( 'NONE', *, *, #7286, .F. ) ;
#760 = DIRECTION ( 'NONE',  ( 0.000000000000000000, 0.000000000000000000, -1.000000000000000000 ) ) ;
#761 = CYLINDRICAL_SURFACE ( 'NONE', #1140, 0.6562500000000109912 ) ;
#762 = CARTESIAN_POINT ( 'NONE',  ( -18.34364016720918755, -25.73900051991009619, 5.673772350581935520 ) ) ;
#763 = CARTESIAN_POINT ( 'NONE',  ( 18.34364016720891044, -15.94099948008962464, 7.309833114191031989 ) ) ;
#764 = EDGE_CURVE ( 'NONE', #3277, #1836, #6442, .T. ) ;
#765 = CARTESIAN_POINT ( 'NONE',  ( -15.29999999999998650, 27.49999999999999645, 1.000000000000000000 ) ) ;
#766 = EDGE_CURVE ( 'NONE', #2644, #5341, #1820, .T. ) ;
#767 = VERTEX_POINT ( 'NONE', #405 ) ;
#768 = DIRECTION ( 'NONE',  ( -0.000000000000000000, -0.000000000000000000, 1.000000000000000000 ) ) ;
#769 = EDGE_LOOP ( 'NONE', ( #3602, #6940, #3362, #4082 ) ) ;
#770 = LINE ( 'NONE', #1431, #175 ) ;
#771 = DIRECTION ( 'NONE',  ( -1.000000000000000000, 1.927470528863119739E-15, -0.000000000000000000 ) ) ;
#772 = ORIENTED_EDGE ( 'NONE', *, *, #2829, .T. ) ;
#773 = VECTOR ( 'NONE', #8393, 1000.000000000000000 ) ;
#774 = EDGE_CURVE ( 'NONE', #5621, #3642, #7732, .T. ) ;
#775 = SURFACE_SIDE_STYLE ('',( #4835 ) ) ;
#776 = CARTESIAN_POINT ( 'NONE',  ( 10.18750000000000178, -24.33999999999999986, 1.000000000000000000 ) ) ;
#777 = ORIENTED_EDGE ( 'NONE', *, *, #2996, .F. ) ;
#778 = VERTEX_POINT ( 'NONE', #2624 ) ;
#779 = VERTEX_POINT ( 'NONE', #6082 ) ;
#780 = DIRECTION ( 'NONE',  ( 3.469446951953611033E-15, -1.000000000000000000, 0.000000000000000000 ) ) ;
#781 = ORIENTED_EDGE ( 'NONE', *, *, #1395, .F. ) ;
#782 = LINE ( 'NONE', #4844, #534 ) ;
#783 = DIRECTION ( 'NONE',  ( 1.000000000000000000, 0.000000000000000000, 0.000000000000000000 ) ) ;
#784 = EDGE_CURVE ( 'NONE', #1684, #1996, #1815, .T. ) ;
#785 = LINE ( 'NONE', #2170, #2678 ) ;
#786 = DIRECTION ( 'NONE',  ( -0.000000000000000000, -0.000000000000000000, -1.000000000000000000 ) ) ;
#787 = DIRECTION ( 'NONE',  ( -1.855190384030752645E-15, -1.000000000000000000, 0.000000000000000000 ) ) ;
#788 = VERTEX_POINT ( 'NONE', #4058 ) ;
#789 = CARTESIAN_POINT ( 'NONE',  ( 16.49999999999997513, -15.34000000000000341, 4.500000000000000888 ) ) ;
#790 = VERTEX_POINT ( 'NONE', #48 ) ;
#791 = CARTESIAN_POINT ( 'NONE',  ( -18.50000000000001066, 12.75000000000002842, 1.000000000000000000 ) ) ;
#792 = LINE ( 'NONE', #4952, #4804 ) ;
#793 = DIRECTION ( 'NONE',  ( 1.000000000000000000, 0.000000000000000000, 0.000000000000000000 ) ) ;
#794 = CARTESIAN_POINT ( 'NONE',  ( -15.72460686094505711, 14.18480338457612788, 0.000000000000000000 ) ) ;
#795 = ORIENTED_EDGE ( 'NONE', *, *, #3307, .T. ) ;
#796 = LINE ( 'NONE', #3506, #4490 ) ;
#797 = CIRCLE ( 'NONE', #5477, 0.5000000000000004441 ) ;
#798 = ORIENTED_EDGE ( 'NONE', *, *, #154, .F. ) ;
#799 = FACE_OUTER_BOUND ( 'NONE', #2055, .T. ) ;
#800 = EDGE_CURVE ( 'NONE', #3679, #822, #609, .T. ) ;
#801 = VERTEX_POINT ( 'NONE', #3931 ) ;
#802 = PLANE ( 'NONE',  #5251 ) ;
#803 = EDGE_CURVE ( 'NONE', #3030, #2596, #3317, .T. ) ;
#804 = LINE ( 'NONE', #2100, #858 ) ;
#805 = DIRECTION ( 'NONE',  ( 0.000000000000000000, -1.000000000000000000, 0.000000000000000000 ) ) ;
#806 = VECTOR ( 'NONE', #63, 1000.000000000000000 ) ;
#807 = PLANE ( 'NONE',  #565 ) ;
#808 = CARTESIAN_POINT ( 'NONE',  ( -23.00000000000000000, 33.00000000000000000, -9.553910524340087917 ) ) ;
#809 = ORIENTED_EDGE ( 'NONE', *, *, #7631, .T. ) ;
#810 = DIRECTION ( 'NONE',  ( 0.000000000000000000, 0.000000000000000000, 1.000000000000000000 ) ) ;
#811 = ORIENTED_EDGE ( 'NONE', *, *, #8424, .F. ) ;
#812 = CARTESIAN_POINT ( 'NONE',  ( -18.99999999999999645, -18.34000000000002473, 6.946348186931863289 ) ) ;
#813 = CARTESIAN_POINT ( 'NONE',  ( -16.49999999999997158, -15.34000000000000341, 7.400893641477320983 ) ) ;
#814 = EDGE_CURVE ( 'NONE', #2116, #1407, #6313, .T. ) ;
#815 = ORIENTED_EDGE ( 'NONE', *, *, #4270, .F. ) ;
#816 = VECTOR ( 'NONE', #7642, 1000.000000000000000 ) ;
#817 = EDGE_CURVE ( 'NONE', #4044, #6160, #266, .T. ) ;
#818 = AXIS2_PLACEMENT_3D ( 'NONE', #1017, #3724, #1406 ) ;
#819 = DIRECTION ( 'NONE',  ( 0.000000000000000000, 0.000000000000000000, 1.000000000000000000 ) ) ;
#820 = VECTOR ( 'NONE', #2960, 1000.000000000000000 ) ;
#821 = VERTEX_POINT ( 'NONE', #5423 ) ;
#822 = VERTEX_POINT ( 'NONE', #2745 ) ;
#823 = DIRECTION ( 'NONE',  ( 0.000000000000000000, 0.000000000000000000, -1.000000000000000000 ) ) ;
#824 = ORIENTED_EDGE ( 'NONE', *, *, #2698, .F. ) ;
#825 = VERTEX_POINT ( 'NONE', #8133 ) ;
#826 = LINE ( 'NONE', #4146, #5759 ) ;
#827 = DIRECTION ( 'NONE',  ( 1.000000000000000000, 0.000000000000000000, 0.000000000000000000 ) ) ;
#828 = LINE ( 'NONE', #3543, #2819 ) ;
#829 = CIRCLE ( 'NONE', #6327, 0.6562500000000109912 ) ;
#830 = EDGE_CURVE ( 'NONE', #2650, #6631, #8087, .T. ) ;
#831 = DIRECTION ( 'NONE',  ( 0.000000000000000000, 0.000000000000000000, -1.000000000000000000 ) ) ;
#832 = VERTEX_POINT ( 'NONE', #5259 ) ;
#833 = LINE ( 'NONE', #961, #4617 ) ;
#834 = VERTEX_POINT ( 'NONE', #2083 ) ;
#835 = CARTESIAN_POINT ( 'NONE',  ( -16.50000000000001421, 27.75000000000000000, 2.500000000000000000 ) ) ;
#836 = CARTESIAN_POINT ( 'NONE',  ( -18.50000000000000355, 33.99999999999999289, -5.837274330926434551 ) ) ;
#837 = VECTOR ( 'NONE', #1378, 1000.000000000000000 ) ;
#838 = VERTEX_POINT ( 'NONE', #1994 ) ;
#839 = CARTESIAN_POINT ( 'NONE',  ( -22.99999999999999645, -33.00000000000000000, -3.000000000000000000 ) ) ;
#840 = VECTOR ( 'NONE', #1490, 1000.000000000000000 ) ;
#841 = ORIENTED_EDGE ( 'NONE', *, *, #3397, .T. ) ;
#842 = CARTESIAN_POINT ( 'NONE',  ( -8.874999999999978684, -15.34000000000000341, 7.400893641477320983 ) ) ;
#843 = DIRECTION ( 'NONE',  ( 1.000000000000000000, 0.000000000000000000, 0.000000000000000000 ) ) ;
#844 = ORIENTED_EDGE ( 'NONE', *, *, #391, .T. ) ;
#845 = CARTESIAN_POINT ( 'NONE',  ( -4.838190571568130594, -22.69779324348373706, -1.600000000000000089 ) ) ;
#846 = DIRECTION ( 'NONE',  ( 0.000000000000000000, 0.000000000000000000, -1.000000000000000000 ) ) ;
#847 = CARTESIAN_POINT ( 'NONE',  ( 2.081899558550499491E-15, 19.00000000000000000, 0.5000000000000000000 ) ) ;
#848 = EDGE_CURVE ( 'NONE', #834, #8118, #2657, .T. ) ;
#849 = EDGE_CURVE ( 'NONE', #5241, #3259, #2233, .T. ) ;
#850 = DIRECTION ( 'NONE',  ( 0.000000000000000000, 0.000000000000000000, -1.000000000000000000 ) ) ;
#851 = EDGE_CURVE ( 'NONE', #2874, #2253, #4469, .T. ) ;
#852 = ORIENTED_EDGE ( 'NONE', *, *, #3, .F. ) ;
#853 = CARTESIAN_POINT ( 'NONE',  ( 25.32921656848663616, -29.19511388567676846, 1.355252715606880543E-17 ) ) ;
#854 = ORIENTED_EDGE ( 'NONE', *, *, #545, .T. ) ;
#855 = DIRECTION ( 'NONE',  ( 1.000000000000000000, 5.457557003073101359E-16, -0.000000000000000000 ) ) ;
#856 = DIRECTION ( 'NONE',  ( 0.000000000000000000, 0.1788854381999831489, -0.9838699100999074298 ) ) ;
#857 = ORIENTED_EDGE ( 'NONE', *, *, #7621, .T. ) ;
#858 = VECTOR ( 'NONE', #5489, 1000.000000000000000 ) ;
#859 = EDGE_CURVE ( 'NONE', #384, #2042, #7292, .T. ) ;
#860 = CARTESIAN_POINT ( 'NONE',  ( 16.92345596729059309, 4.519999999999997797, 0.000000000000000000 ) ) ;
#861 = CIRCLE ( 'NONE', #8490, 0.6562500000000109912 ) ;
#862 = EDGE_CURVE ( 'NONE', #868, #2435, #648, .T. ) ;
#863 = AXIS2_PLACEMENT_3D ( 'NONE', #4985, #8390, #4405 ) ;
#864 = ADVANCED_FACE ( 'NONE', ( #8039 ), #1953, .F. ) ;
#865 = ADVANCED_FACE ( 'NONE', ( #6611, #566 ), #7992, .T. ) ;
#866 = VERTEX_POINT ( 'NONE', #3360 ) ;
#867 = VERTEX_POINT ( 'NONE', #4 ) ;
#868 = VERTEX_POINT ( 'NONE', #2700 ) ;
#869 = ORIENTED_EDGE ( 'NONE', *, *, #2061, .F. ) ;
#870 = CYLINDRICAL_SURFACE ( 'NONE', #3698, 0.5000000000000000000 ) ;
#871 = DIRECTION ( 'NONE',  ( -1.896380255952778525E-15, -0.9838699100999075409, -0.1788854381999831766 ) ) ;
#872 = VECTOR ( 'NONE', #7586, 1000.000000000000114 ) ;
#873 = CIRCLE ( 'NONE', #4823, 1.250000000000001110 ) ;
#874 = CARTESIAN_POINT ( 'NONE',  ( -16.49999999999997513, 3.659999999999997033, 1.000000000000000000 ) ) ;
#875 = PLANE ( 'NONE',  #8030 ) ;
#876 = CARTESIAN_POINT ( 'NONE',  ( -57.50000000000000711, 32.49999999999999289, 1.000000000000000000 ) ) ;
#877 = ADVANCED_FACE ( 'NONE', ( #2040 ), #4716, .F. ) ;
#878 = AXIS2_PLACEMENT_3D ( 'NONE', #7861, #8399, #1720 ) ;
#879 = LINE ( 'NONE', #3626, #1500 ) ;
#880 = ORIENTED_EDGE ( 'NONE', *, *, #4439, .T. ) ;
#881 = CARTESIAN_POINT ( 'NONE',  ( -63.01000000000001222, 18.69999999999999929, 7.900893641477321871 ) ) ;
#882 = ORIENTED_EDGE ( 'NONE', *, *, #5925, .T. ) ;
#883 = DIRECTION ( 'NONE',  ( 0.000000000000000000, 1.000000000000000000, -0.000000000000000000 ) ) ;
#884 = CARTESIAN_POINT ( 'NONE',  ( -13.96046343554635527, 3.244292926283402601, 4.499999999999999112 ) ) ;
#885 = B_SPLINE_CURVE_WITH_KNOTS ( 'NONE', 3,
 ( #4765, #884, #274, #2791, #7596, #4811, #6309, #5429 ),
 .UNSPECIFIED., .F., .F.,
 ( 4, 2, 2, 4 ),
 ( 0.000000000000000000, 0.0002558523244315538225, 0.0005117046488631076450, 0.001023409297726213989 ),
 .UNSPECIFIED. ) ;
#886 = VERTEX_POINT ( 'NONE', #7590 ) ;
#887 = DIRECTION ( 'NONE',  ( -0.000000000000000000, -0.000000000000000000, -1.000000000000000000 ) ) ;
#888 = EDGE_LOOP ( 'NONE', ( #4305, #8090, #4164, #4768, #8095, #5902, #4556 ) ) ;
#889 = LINE ( 'NONE', #7740, #6443 ) ;
#890 = ORIENTED_EDGE ( 'NONE', *, *, #2515, .F. ) ;
#891 = CARTESIAN_POINT ( 'NONE',  ( 5.718749999999994671, 3.659999999999996145, 4.000000000000000000 ) ) ;
#892 = CARTESIAN_POINT ( 'NONE',  ( 7.933601002593406726, -30.31022109761167371, -1.699999999999999956 ) ) ;
#893 = DIRECTION ( 'NONE',  ( 0.000000000000000000, 0.000000000000000000, -1.000000000000000000 ) ) ;
#894 = CARTESIAN_POINT ( 'NONE',  ( 18.94662948992058205, -16.55726640095483759, 7.778678836190081824 ) ) ;
#895 = FACE_OUTER_BOUND ( 'NONE', #6150, .T. ) ;
#896 = B_SPLINE_CURVE_WITH_KNOTS ( 'NONE', 3,
 ( #2684, #1850, #4535, #6551, #598, #3302, #2609, #7273 ),
 .UNSPECIFIED., .F., .F.,
 ( 4, 2, 2, 4 ),
 ( 1.852685484479510593E-18, 0.0002558523244315545273, 0.0005117046488631072114, 0.001023409297726213555 ),
 .UNSPECIFIED. ) ;
#897 = AXIS2_PLACEMENT_3D ( 'NONE', #93, #2790, #7730 ) ;
#898 = ORIENTED_EDGE ( 'NONE', *, *, #907, .T. ) ;
#899 = PLANE ( 'NONE',  #5462 ) ;
#900 = ORIENTED_EDGE ( 'NONE', *, *, #3304, .F. ) ;
#901 = CARTESIAN_POINT ( 'NONE',  ( 23.00000000000000000, 33.00000000000000711, 0.000000000000000000 ) ) ;
#902 = DIRECTION ( 'NONE',  ( 0.000000000000000000, 0.000000000000000000, -1.000000000000000000 ) ) ;
#903 = ORIENTED_EDGE ( 'NONE', *, *, #2302, .F. ) ;
#904 =( BOUNDED_CURVE ( )  B_SPLINE_CURVE ( 3, ( #853, #6242, #6948, #2903 ),
 .UNSPECIFIED., .F., .F. ) 
 B_SPLINE_CURVE_WITH_KNOTS ( ( 4, 4 ),
 ( 2.052634965322065685, 3.141592653589793116 ),
 .UNSPECIFIED. ) 
 CURVE ( )  GEOMETRIC_REPRESENTATION_ITEM ( )  RATIONAL_B_SPLINE_CURVE ( ( 1.000000000000000000, 0.9035982341796835460, 0.9035982341796835460, 1.000000000000000000 ) ) 
 REPRESENTATION_ITEM ( '' )  );
#905 = DIRECTION ( 'NONE',  ( 1.000000000000000000, -0.000000000000000000, -0.000000000000000000 ) ) ;
#906 = VECTOR ( 'NONE', #7910, 1000.000000000000000 ) ;
#907 = EDGE_CURVE ( 'NONE', #3832, #834, #8565, .T. ) ;
#908 = ORIENTED_EDGE ( 'NONE', *, *, #1001, .F. ) ;
#909 = VERTEX_POINT ( 'NONE', #2922 ) ;
#910 = VERTEX_POINT ( 'NONE', #2127 ) ;
#911 = PLANE ( 'NONE',  #2448 ) ;
#912 = VECTOR ( 'NONE', #2266, 1000.000000000000114 ) ;
#913 = ORIENTED_EDGE ( 'NONE', *, *, #3796, .F. ) ;
#914 = DIRECTION ( 'NONE',  ( 0.000000000000000000, 0.000000000000000000, -1.000000000000000000 ) ) ;
#915 = CARTESIAN_POINT ( 'NONE',  ( 19.99999999999998934, -34.87867965644036161, -1.263014615725241319 ) ) ;
#916 = CARTESIAN_POINT ( 'NONE',  ( -9.401789980777435218, 3.659999999999997478, 4.113001826541254680 ) ) ;
#917 = EDGE_CURVE ( 'NONE', #7353, #1570, #2967, .T. ) ;
#918 = EDGE_CURVE ( 'NONE', #360, #6992, #1543, .T. ) ;
#919 = CIRCLE ( 'NONE', #5018, 2.599999999999998312 ) ;
#920 = ADVANCED_FACE ( 'NONE', ( #5653 ), #7545, .T. ) ;
#921 = CARTESIAN_POINT ( 'NONE',  ( -14.00000000000001243, -15.83999999999999986, 7.400893641477320983 ) ) ;
#922 = ORIENTED_EDGE ( 'NONE', *, *, #7179, .T. ) ;
#923 = DIRECTION ( 'NONE',  ( -0.000000000000000000, -0.000000000000000000, -1.000000000000000000 ) ) ;
#924 = EDGE_CURVE ( 'NONE', #3153, #8211, #2221, .T. ) ;
#925 = ORIENTED_EDGE ( 'NONE', *, *, #3250, .T. ) ;
#926 = CARTESIAN_POINT ( 'NONE',  ( -1.906249999999998224, 3.003749999999987264, 4.500000000000000888 ) ) ;
#927 = EDGE_CURVE ( 'NONE', #7085, #708, #6011, .T. ) ;
#928 = CARTESIAN_POINT ( 'NONE',  ( -25.49999999999998934, 28.50000000000001066, 0.000000000000000000 ) ) ;
#929 = VERTEX_POINT ( 'NONE', #6926 ) ;
#930 = DIRECTION ( 'NONE',  ( -1.000000000000000000, -3.854941057726238097E-16, 0.000000000000000000 ) ) ;
#931 = CARTESIAN_POINT ( 'NONE',  ( -7.893966379445030656E-15, 20.25000000000002132, 1.000000000000000000 ) ) ;
#932 = ORIENTED_EDGE ( 'NONE', *, *, #3520, .F. ) ;
#933 = PLANE ( 'NONE',  #3167 ) ;
#934 = DIRECTION ( 'NONE',  ( -1.000000000000000000, 0.000000000000000000, 0.000000000000000000 ) ) ;
#935 = DIRECTION ( 'NONE',  ( 0.000000000000000000, 0.000000000000000000, -1.000000000000000000 ) ) ;
#936 = VECTOR ( 'NONE', #3012, 1000.000000000000000 ) ;
#937 = CARTESIAN_POINT ( 'NONE',  ( -20.00000000000000355, -33.00000000000001421, -5.837274330926434551 ) ) ;
#938 = ORIENTED_EDGE ( 'NONE', *, *, #6915, .T. ) ;
#939 = ORIENTED_EDGE ( 'NONE', *, *, #439, .T. ) ;
#940 = DIRECTION ( 'NONE',  ( 0.7071079911327607936, 0.7071055712382637859, 0.000000000000000000 ) ) ;
#941 = CARTESIAN_POINT ( 'NONE',  ( -13.99999999999999645, -24.33999999999999986, 6.363636363636365090 ) ) ;
#942 = EDGE_LOOP ( 'NONE', ( #3941, #639, #1478, #6717 ) ) ;
#943 = DIRECTION ( 'NONE',  ( 1.000000000000000000, 0.000000000000000000, -0.000000000000000000 ) ) ;
#944 = ORIENTED_EDGE ( 'NONE', *, *, #5980, .F. ) ;
#945 = EDGE_LOOP ( 'NONE', ( #7706, #3268, #1159, #2381 ) ) ;
#946 = CIRCLE ( 'NONE', #5052, 0.5000000000000004441 ) ;
#947 = ORIENTED_EDGE ( 'NONE', *, *, #11, .F. ) ;
#948 = LINE ( 'NONE', #4360, #8066 ) ;
#949 = VERTEX_POINT ( 'NONE', #182 ) ;
#950 = CARTESIAN_POINT ( 'NONE',  ( -18.50000000000000000, -33.99999999999999289, -91.81441324469805920 ) ) ;
#951 = DIRECTION ( 'NONE',  ( 0.000000000000000000, 1.000000000000000000, 0.000000000000000000 ) ) ;
#952 = VECTOR ( 'NONE', #7717, 1000.000000000000000 ) ;
#953 = VECTOR ( 'NONE', #3984, 1000.000000000000000 ) ;
#954 = LINE ( 'NONE', #3667, #6762 ) ;
#955 = EDGE_CURVE ( 'NONE', #1481, #6802, #4105, .T. ) ;
#956 = DIRECTION ( 'NONE',  ( 0.000000000000000000, 0.000000000000000000, -1.000000000000000000 ) ) ;
#957 = EDGE_CURVE ( 'NONE', #8270, #1531, #879, .T. ) ;
#958 = CARTESIAN_POINT ( 'NONE',  ( 12.68749999999999467, -24.33999999999999986, 6.363636363636365090 ) ) ;
#959 = AXIS2_PLACEMENT_3D ( 'NONE', #5096, #1742, #6451 ) ;
#960 = ORIENTED_EDGE ( 'NONE', *, *, #7822, .F. ) ;
#961 = CARTESIAN_POINT ( 'NONE',  ( 5.062499999999984013, -15.34000000000003716, 7.999999999999992895 ) ) ;
#962 = ORIENTED_EDGE ( 'NONE', *, *, #6052, .F. ) ;
#963 = DIRECTION ( 'NONE',  ( 0.000000000000000000, -0.000000000000000000, -1.000000000000000000 ) ) ;
#964 = EDGE_CURVE ( 'NONE', #1684, #1531, #744, .T. ) ;
#965 = DIRECTION ( 'NONE',  ( -0.7071067811865486830, -3.859075565585127908E-16, 0.7071067811865464625 ) ) ;
#966 = VECTOR ( 'NONE', #7944, 1000.000000000000000 ) ;
#967 = EDGE_CURVE ( 'NONE', #7074, #1407, #6303, .T. ) ;
#968 = EDGE_CURVE ( 'NONE', #994, #3291, #7155, .T. ) ;
#969 = EDGE_CURVE ( 'NONE', #2910, #3352, #512, .T. ) ;
#970 = B_SPLINE_CURVE_WITH_KNOTS ( 'NONE', 3,
 ( #489, #3192, #5868, #8580, #2544, #5218, #7253, #1190 ),
 .UNSPECIFIED., .F., .F.,
 ( 4, 2, 2, 4 ),
 ( -5.123487958505037352E-06, 0.0005103980730239826005, 0.0007681588535152266079, 0.001025919634006470724 ),
 .UNSPECIFIED. ) ;
#971 = VERTEX_POINT ( 'NONE', #6833 ) ;
#972 = DIRECTION ( 'NONE',  ( -0.000000000000000000, -0.000000000000000000, -1.000000000000000000 ) ) ;
#973 = ORIENTED_EDGE ( 'NONE', *, *, #5921, .F. ) ;
#974 = CARTESIAN_POINT ( 'NONE',  ( -18.25735931288070901, -15.33999999999998920, 7.400893641477320983 ) ) ;
#975 = VERTEX_POINT ( 'NONE', #3589 ) ;
#976 = VECTOR ( 'NONE', #2278, 1000.000000000000000 ) ;
#977 = DIRECTION ( 'NONE',  ( -0.000000000000000000, -0.000000000000000000, 1.000000000000000000 ) ) ;
#978 = CARTESIAN_POINT ( 'NONE',  ( -13.70000000000000462, 27.49999999999999645, 0.5000000000000000000 ) ) ;
#979 = ADVANCED_FACE ( 'NONE', ( #3494 ), #2881, .T. ) ;
#980 = CARTESIAN_POINT ( 'NONE',  ( -22.99999999999996803, -30.00000000000002132, -0.1788635809607200811 ) ) ;
#981 = EDGE_CURVE ( 'NONE', #2869, #949, #6439, .T. ) ;
#982 = DIRECTION ( 'NONE',  ( 0.000000000000000000, 1.000000000000000000, 0.000000000000000000 ) ) ;
#983 = ORIENTED_EDGE ( 'NONE', *, *, #2230, .F. ) ;
#984 = FACE_OUTER_BOUND ( 'NONE', #7366, .T. ) ;
#985 = ORIENTED_EDGE ( 'NONE', *, *, #6175, .T. ) ;
#986 = CARTESIAN_POINT ( 'NONE',  ( -22.79566257332769652, 21.25588329590373249, -1.800000000000000266 ) ) ;
#987 = FACE_OUTER_BOUND ( 'NONE', #2780, .T. ) ;
#988 = ORIENTED_EDGE ( 'NONE', *, *, #510, .F. ) ;
#989 = LINE ( 'NONE', #7668, #7483 ) ;
#990 = UNCERTAINTY_MEASURE_WITH_UNIT (LENGTH_MEASURE( 1.000000000000000082E-05 ), #2407, 'distance_accuracy_value', 'NONE');
#991 = ORIENTED_EDGE ( 'NONE', *, *, #6585, .T. ) ;
#992 = ORIENTED_EDGE ( 'NONE', *, *, #7733, .T. ) ;
#993 = VECTOR ( 'NONE', #2245, 1000.000000000000000 ) ;
#994 = VERTEX_POINT ( 'NONE', #4946 ) ;
#995 = ORIENTED_EDGE ( 'NONE', *, *, #8581, .F. ) ;
#996 = DIRECTION ( 'NONE',  ( 1.000000000000000000, 0.000000000000000000, 0.000000000000000000 ) ) ;
#997 = CARTESIAN_POINT ( 'NONE',  ( -64.26000000000000512, 18.69999999999999929, -4.599999999999999645 ) ) ;
#998 = LINE ( 'NONE', #216, #5011 ) ;
#999 = VECTOR ( 'NONE', #1353, 1000.000000000000000 ) ;
#1000 = DIRECTION ( 'NONE',  ( 1.927470528863119739E-15, -1.000000000000000000, 0.000000000000000000 ) ) ;
#1001 = EDGE_CURVE ( 'NONE', #7364, #6243, #611, .T. ) ;
#1002 = LINE ( 'NONE', #3715, #3116 ) ;
#1003 =( BOUNDED_CURVE ( )  B_SPLINE_CURVE ( 3, ( #1717, #5480, #1046, #1004 ),
 .UNSPECIFIED., .F., .F. ) 
 B_SPLINE_CURVE_WITH_KNOTS ( ( 4, 4 ),
 ( 4.712388980384689674, 7.853981633974482790 ),
 .UNSPECIFIED. ) 
 CURVE ( )  GEOMETRIC_REPRESENTATION_ITEM ( )  RATIONAL_B_SPLINE_CURVE ( ( 1.000000000000000000, 0.3333333333333333703, 0.3333333333333333703, 1.000000000000000000 ) ) 
 REPRESENTATION_ITEM ( '' )  );
#1004 = CARTESIAN_POINT ( 'NONE',  ( -20.39999999999999503, -32.99999999999999289, -0.3333333333333330373 ) ) ;
#1005 = AXIS2_PLACEMENT_3D ( 'NONE', #5335, #3184, #7952 ) ;
#1006 = CARTESIAN_POINT ( 'NONE',  ( -19.49999999999999645, -23.33999999999998209, 1.000000000000000000 ) ) ;
#1007 = DIRECTION ( 'NONE',  ( 0.000000000000000000, 0.000000000000000000, -1.000000000000000000 ) ) ;
#1008 = AXIS2_PLACEMENT_3D ( 'NONE', #6493, #7875, #7165 ) ;
#1009 = ORIENTED_EDGE ( 'NONE', *, *, #3853, .T. ) ;
#1010 = DIRECTION ( 'NONE',  ( -1.000000000000000000, 0.000000000000000000, 0.000000000000000000 ) ) ;
#1011 = CARTESIAN_POINT ( 'NONE',  ( 22.99999999999996803, -30.00000000000001421, -5.837274330926434551 ) ) ;
#1012 = DIRECTION ( 'NONE',  ( 0.000000000000000000, 0.000000000000000000, -1.000000000000000000 ) ) ;
#1013 = EDGE_CURVE ( 'NONE', #6949, #383, #6860, .T. ) ;
#1014 = COLOUR_RGB ( '',1.000000000000000000, 1.000000000000000000, 1.000000000000000000 ) ;
#1015 = AXIS2_PLACEMENT_3D ( 'NONE', #1937, #5939, #3955 ) ;
#1016 = ORIENTED_EDGE ( 'NONE', *, *, #1304, .T. ) ;
#1017 = CARTESIAN_POINT ( 'NONE',  ( 8.874999999999980460, -15.83999999999999986, 7.400893641477320983 ) ) ;
#1018 = ORIENTED_EDGE ( 'NONE', *, *, #967, .T. ) ;
#1019 = DIRECTION ( 'NONE',  ( 0.000000000000000000, 0.000000000000000000, 1.000000000000000000 ) ) ;
#1020 = ORIENTED_EDGE ( 'NONE', *, *, #2467, .F. ) ;
#1021 = DIRECTION ( 'NONE',  ( 0.7071055712382683378, -0.7071079911327564638, 0.000000000000000000 ) ) ;
#1022 = EDGE_CURVE ( 'NONE', #6325, #3749, #3139, .T. ) ;
#1023 = LINE ( 'NONE', #5710, #7797 ) ;
#1025 = EDGE_CURVE ( 'NONE', #910, #6731, #6347, .T. ) ;
#1024 = DIRECTION ( 'NONE',  ( -0.000000000000000000, -0.000000000000000000, 1.000000000000000000 ) ) ;
#1026 = DIRECTION ( 'NONE',  ( -0.000000000000000000, 0.000000000000000000, 1.000000000000000000 ) ) ;
#1027 = DIRECTION ( 'NONE',  ( 0.000000000000000000, -0.9838699100999068747, -0.1788854381999871457 ) ) ;
#1028 = DIRECTION ( 'NONE',  ( 1.000000000000000000, 0.000000000000000000, 0.000000000000000000 ) ) ;
#1029 = ORIENTED_EDGE ( 'NONE', *, *, #851, .T. ) ;
#1030 = DIRECTION ( 'NONE',  ( -1.000000000000000000, 0.000000000000000000, 0.000000000000000000 ) ) ;
#1031 = VERTEX_POINT ( 'NONE', #3756 ) ;
#1032 = CARTESIAN_POINT ( 'NONE',  ( -16.49999999999981881, 9.000000000000035527, 2.500000000000000000 ) ) ;
#1033 = CARTESIAN_POINT ( 'NONE',  ( -8.874999999999976907, -15.34000000000000341, 7.900893641477321871 ) ) ;
#1034 = ADVANCED_FACE ( 'NONE', ( #8441 ), #314, .F. ) ;
#1035 = ORIENTED_EDGE ( 'NONE', *, *, #546, .T. ) ;
#1036 = EDGE_CURVE ( 'NONE', #3120, #3443, #475, .T. ) ;
#1037 = ORIENTED_EDGE ( 'NONE', *, *, #1036, .F. ) ;
#1038 = VERTEX_POINT ( 'NONE', #4497 ) ;
#1039 = EDGE_LOOP ( 'NONE', ( #4889, #4822, #5963, #3765 ) ) ;
#1040 = CARTESIAN_POINT ( 'NONE',  ( 15.64954525451680034, 15.58599798172133255, -1.800000000000000266 ) ) ;
#1041 = ORIENTED_EDGE ( 'NONE', *, *, #5949, .F. ) ;
#1042 = AXIS2_PLACEMENT_3D ( 'NONE', #447, #7999, #1959 ) ;
#1043 = FACE_OUTER_BOUND ( 'NONE', #7461, .T. ) ;
#1044 = CARTESIAN_POINT ( 'NONE',  ( -22.99999999999999289, 32.99999999999999289, 1.000000000000000000 ) ) ;
#1045 = CARTESIAN_POINT ( 'NONE',  ( -11.48193471520352382, 32.56957243571595484, 0.000000000000000000 ) ) ;
#1046 = CARTESIAN_POINT ( 'NONE',  ( -20.39999999999999503, -27.80000000000000071, 0.8222222222222219656 ) ) ;
#1047 = DIRECTION ( 'NONE',  ( -0.000000000000000000, -0.000000000000000000, 1.000000000000000000 ) ) ;
#1048 = DIRECTION ( 'NONE',  ( -0.000000000000000000, -1.000000000000000000, -0.000000000000000000 ) ) ;
#1049 = VERTEX_POINT ( 'NONE', #1089 ) ;
#1050 = LINE ( 'NONE', #7152, #8165 ) ;
#1051 = CARTESIAN_POINT ( 'NONE',  ( 16.49999999999997158, 3.659999999999996145, 4.000000000000000000 ) ) ;
#1052 = AXIS2_PLACEMENT_3D ( 'NONE', #6597, #680, #8071 ) ;
#1053 = VERTEX_POINT ( 'NONE', #7860 ) ;
#1054 = CARTESIAN_POINT ( 'NONE',  ( 5.286019419095826066, 3.502162626495982867, 4.369946396850294512 ) ) ;
#1055 = ADVANCED_FACE ( 'NONE', ( #7011 ), #6519, .F. ) ;
#1056 = ORIENTED_EDGE ( 'NONE', *, *, #4267, .F. ) ;
#1057 = CARTESIAN_POINT ( 'NONE',  ( 1.249999999999976907, -15.92944271909999010, 7.892828596527274421 ) ) ;
#1058 = EDGE_LOOP ( 'NONE', ( #1064, #1249, #6452, #6435 ) ) ;
#1059 = CARTESIAN_POINT ( 'NONE',  ( 6.356127439199101836, 3.159999999999996145, 4.500000000000000888 ) ) ;
#1060 = DIRECTION ( 'NONE',  ( -1.927470528863119344E-15, -1.000000000000000000, -0.000000000000000000 ) ) ;
#1061 = LINE ( 'NONE', #3768, #4963 ) ;
#1062 = LINE ( 'NONE', #6450, #5231 ) ;
#1063 = CARTESIAN_POINT ( 'NONE',  ( -8.874999999999980460, -15.83999999999999986, 7.400893641477320983 ) ) ;
#1064 = ORIENTED_EDGE ( 'NONE', *, *, #7488, .F. ) ;
#1065 = EDGE_CURVE ( 'NONE', #7331, #2541, #2401, .T. ) ;
#1066 = LINE ( 'NONE', #1744, #521 ) ;
#1067 = ORIENTED_EDGE ( 'NONE', *, *, #1022, .F. ) ;
#1068 =( NAMED_UNIT ( * ) PLANE_ANGLE_UNIT ( ) SI_UNIT ( $, .RADIAN. ) );
#1069 = EDGE_CURVE ( 'NONE', #570, #5450, #7574, .T. ) ;
#1070 = CARTESIAN_POINT ( 'NONE',  ( 18.34364016720920532, -25.73900051991008908, 5.673772350581936408 ) ) ;
#1071 = ORIENTED_EDGE ( 'NONE', *, *, #2458, .T. ) ;
#1072 = CARTESIAN_POINT ( 'NONE',  ( -8.381248254719414582E-15, 21.50000000000002132, 1.000000000000000000 ) ) ;
#1073 = EDGE_CURVE ( 'NONE', #1393, #6359, #3178, .T. ) ;
#1074 = ORIENTED_EDGE ( 'NONE', *, *, #2175, .T. ) ;
#1075 = EDGE_CURVE ( 'NONE', #5646, #1038, #3207, .T. ) ;
#1076 = CARTESIAN_POINT ( 'NONE',  ( -1.473509277208072010, 3.502153497675973171, 4.369954511760777649 ) ) ;
#1077 = EDGE_CURVE ( 'NONE', #5313, #8630, #394, .T. ) ;
#1078 = ORIENTED_EDGE ( 'NONE', *, *, #8554, .F. ) ;
#1079 = CARTESIAN_POINT ( 'NONE',  ( 8.874999999999980460, -15.83999999999999986, 7.900893641477321871 ) ) ;
#1080 = VERTEX_POINT ( 'NONE', #5818 ) ;
#1081 = FACE_OUTER_BOUND ( 'NONE', #1885, .T. ) ;
#1082 = AXIS2_PLACEMENT_3D ( 'NONE', #7414, #2316, #1590 ) ;
#1083 = CYLINDRICAL_SURFACE ( 'NONE', #2265, 0.5000000000000000000 ) ;
#1084 = CARTESIAN_POINT ( 'NONE',  ( -12.72703579468598534, 3.244289786235253992, 4.500000000000000000 ) ) ;
#1085 = CARTESIAN_POINT ( 'NONE',  ( 14.00000000000001599, -15.34000000000000341, 7.900893641477321871 ) ) ;
#1086 = VECTOR ( 'NONE', #2192, 1000.000000000000000 ) ;
#1087 = COLOUR_RGB ( '',1.000000000000000000, 1.000000000000000000, 1.000000000000000000 ) ;
#1088 = DIRECTION ( 'NONE',  ( 3.469446951953611033E-15, -1.000000000000000000, 0.000000000000000000 ) ) ;
#1089 = CARTESIAN_POINT ( 'NONE',  ( 1.249999999999987121, 3.003749999999987264, 4.500000000000000888 ) ) ;
#1090 = CARTESIAN_POINT ( 'NONE',  ( -6.375000000000005329, 3.003749999999987264, 0.07192234969262845112 ) ) ;
#1091 = VERTEX_POINT ( 'NONE', #2530 ) ;
#1092 = DIRECTION ( 'NONE',  ( -1.000000000000000000, -1.559302000878028960E-16, 0.000000000000000000 ) ) ;
#1093 = CIRCLE ( 'NONE', #8445, 0.7999999999999917177 ) ;
#1094 = DIRECTION ( 'NONE',  ( -0.000000000000000000, -0.000000000000000000, 1.000000000000000000 ) ) ;
#1095 = LINE ( 'NONE', #3803, #999 ) ;
#1096 = VECTOR ( 'NONE', #2050, 999.9999999999998863 ) ;
#1097 = VECTOR ( 'NONE', #2349, 999.9999999999998863 ) ;
#1098 = EDGE_LOOP ( 'NONE', ( #6836, #8590, #7113, #5551 ) ) ;
#1099 = CARTESIAN_POINT ( 'NONE',  ( -19.49999999999999645, -17.94723012279311902, 7.005858774387835552 ) ) ;
#1100 = ORIENTED_EDGE ( 'NONE', *, *, #5339, .F. ) ;
#1101 = LINE ( 'NONE', #8497, #398 ) ;
#1102 = VERTEX_POINT ( 'NONE', #1628 ) ;
#1103 = CARTESIAN_POINT ( 'NONE',  ( -29.49999999999999289, 2.999999999999994227, -2.299999999999999822 ) ) ;
#1104 = VECTOR ( 'NONE', #2595, 1000.000000000000000 ) ;
#1105 = DIRECTION ( 'NONE',  ( 1.000000000000000000, 0.000000000000000000, 0.000000000000000000 ) ) ;
#1106 = DIRECTION ( 'NONE',  ( 0.000000000000000000, 0.000000000000000000, 1.000000000000000000 ) ) ;
#1107 = DIRECTION ( 'NONE',  ( 1.000000000000000000, 0.000000000000000000, 0.000000000000000000 ) ) ;
#1108 = VERTEX_POINT ( 'NONE', #4325 ) ;
#1109 = DIRECTION ( 'NONE',  ( 3.469446951953611033E-15, 1.000000000000000000, 0.000000000000000000 ) ) ;
#1110 = AXIS2_PLACEMENT_3D ( 'NONE', #6873, #8481, #389 ) ;
#1111 = VERTEX_POINT ( 'NONE', #958 ) ;
#1112 = FACE_OUTER_BOUND ( 'NONE', #6170, .T. ) ;
#1113 = LINE ( 'NONE', #7843, #1801 ) ;
#1114 = VERTEX_POINT ( 'NONE', #5034 ) ;
#1115 = LINE ( 'NONE', #1203, #23 ) ;
#1116 = PLANE ( 'NONE',  #1879 ) ;
#1117 = VECTOR ( 'NONE', #3644, 1000.000000000000000 ) ;
#1118 = EDGE_CURVE ( 'NONE', #7687, #8118, #1762, .T. ) ;
#1119 = ORIENTED_EDGE ( 'NONE', *, *, #2565, .T. ) ;
#1120 = SURFACE_STYLE_USAGE ( .BOTH. , #2433 ) ;
#1121 = ORIENTED_EDGE ( 'NONE', *, *, #6019, .T. ) ;
#1122 = FACE_OUTER_BOUND ( 'NONE', #7410, .T. ) ;
#1123 = ORIENTED_EDGE ( 'NONE', *, *, #5346, .T. ) ;
#1124 = CARTESIAN_POINT ( 'NONE',  ( -26.00000000000000355, 2.999999999999994671, -2.299999999999999822 ) ) ;
#1125 = CIRCLE ( 'NONE', #6908, 0.7999999999999933831 ) ;
#1126 = EDGE_CURVE ( 'NONE', #2098, #4830, #1670, .T. ) ;
#1127 = LINE ( 'NONE', #2397, #5160 ) ;
#1129 = EDGE_CURVE ( 'NONE', #5959, #8211, #3053, .T. ) ;
#1128 = FACE_OUTER_BOUND ( 'NONE', #1811, .T. ) ;
#1130 = ADVANCED_FACE ( 'NONE', ( #1719 ), #4413, .F. ) ;
#1131 = EDGE_CURVE ( 'NONE', #4830, #4434, #7437, .T. ) ;
#1132 = AXIS2_PLACEMENT_3D ( 'NONE', #4732, #1027, #8373 ) ;
#1133 = CARTESIAN_POINT ( 'NONE',  ( -16.49999999999989697, 16.50000000000002132, 0.5000000000000000000 ) ) ;
#1134 = DIRECTION ( 'NONE',  ( 1.000000000000000000, 0.000000000000000000, 0.000000000000000000 ) ) ;
#1135 = CYLINDRICAL_SURFACE ( 'NONE', #878, 0.4999999999999995559 ) ;
#1136 = VERTEX_POINT ( 'NONE', #4579 ) ;
#1137 = DIRECTION ( 'NONE',  ( 0.000000000000000000, -1.000000000000000000, 0.000000000000000000 ) ) ;
#1138 = CARTESIAN_POINT ( 'NONE',  ( 10.18750000000000178, -24.33999999999999986, 6.363636363636365090 ) ) ;
#1139 = CIRCLE ( 'NONE', #714, 0.5000000000000000000 ) ;
#1140 = AXIS2_PLACEMENT_3D ( 'NONE', #1424, #5439, #8197 ) ;
#1141 = SURFACE_SIDE_STYLE ('',( #2536 ) ) ;
#1142 = ADVANCED_FACE ( 'NONE', ( #119, #3883 ), #3923, .F. ) ;
#1143 = AXIS2_PLACEMENT_3D ( 'NONE', #4750, #1396, #81 ) ;
#1144 = VECTOR ( 'NONE', #3174, 1000.000000000000000 ) ;
#1145 = CARTESIAN_POINT ( 'NONE',  ( 5.718749999999994671, 3.659999999999996145, 4.000000000000000000 ) ) ;
#1146 = ORIENTED_EDGE ( 'NONE', *, *, #1470, .F. ) ;
#1147 = PLANE ( 'NONE',  #6307 ) ;
#1148 = ORIENTED_EDGE ( 'NONE', *, *, #6976, .T. ) ;
#1149 = CARTESIAN_POINT ( 'NONE',  ( -5.062499999999995559, -24.33999999999999986, 6.363636363636365090 ) ) ;
#1150 = AXIS2_PLACEMENT_3D ( 'NONE', #3966, #2619, #4502 ) ;
#1151 = LINE ( 'NONE', #5916, #3978 ) ;
#1152 = CARTESIAN_POINT ( 'NONE',  ( -64.26000000000000512, 18.69999999999999929, 1.000000000000000000 ) ) ;
#1153 = CARTESIAN_POINT ( 'NONE',  ( -5.718749999999994671, 3.659999999999996589, 4.000000000000000000 ) ) ;
#1154 = LINE ( 'NONE', #8545, #3100 ) ;
#1155 = VERTEX_POINT ( 'NONE', #6818 ) ;
#1156 = CIRCLE ( 'NONE', #1297, 1.249999999999996003 ) ;
#1157 = DIRECTION ( 'NONE',  ( -1.000000000000000000, 1.927470528863119739E-15, -0.000000000000000000 ) ) ;
#1158 = VECTOR ( 'NONE', #1349, 1000.000000000000000 ) ;
#1159 = ORIENTED_EDGE ( 'NONE', *, *, #5835, .T. ) ;
#1160 = CARTESIAN_POINT ( 'NONE',  ( -25.99999999999999289, -32.99999999999999289, -3.000000000000002665 ) ) ;
#1161 = CARTESIAN_POINT ( 'NONE',  ( 17.26678088154055501, -26.26541969493356277, 6.013560055466476761 ) ) ;
#1162 = ORIENTED_EDGE ( 'NONE', *, *, #8376, .F. ) ;
#1163 = DIRECTION ( 'NONE',  ( -0.000000000000000000, -0.000000000000000000, -1.000000000000000000 ) ) ;
#1164 = DIRECTION ( 'NONE',  ( -1.000000000000000000, 0.000000000000000000, 0.000000000000000000 ) ) ;
#1165 = DIRECTION ( 'NONE',  ( -1.711123809484818880E-06, -0.9999999999985359489, 0.000000000000000000 ) ) ;
#1166 = ORIENTED_EDGE ( 'NONE', *, *, #5559, .T. ) ;
#1167 = FILL_AREA_STYLE_COLOUR ( '', #1087 ) ;
#1168 = ORIENTED_EDGE ( 'NONE', *, *, #5680, .F. ) ;
#1169 = FACE_OUTER_BOUND ( 'NONE', #7800, .T. ) ;
#1170 = ORIENTED_EDGE ( 'NONE', *, *, #7009, .F. ) ;
#1171 = LINE ( 'NONE', #6470, #359 ) ;
#1172 = LINE ( 'NONE', #3879, #3550 ) ;
#1173 = FACE_OUTER_BOUND ( 'NONE', #2836, .T. ) ;
#1174 = LINE ( 'NONE', #1133, #7187 ) ;
#1175 = AXIS2_PLACEMENT_3D ( 'NONE', #1011, #186, #963 ) ;
#1176 = DIRECTION ( 'NONE',  ( -0.000000000000000000, -0.000000000000000000, -1.000000000000000000 ) ) ;
#1177 = EDGE_CURVE ( 'NONE', #1698, #2011, #4544, .T. ) ;
#1178 = FACE_OUTER_BOUND ( 'NONE', #942, .T. ) ;
#1179 = VERTEX_POINT ( 'NONE', #3479 ) ;
#1180 = CARTESIAN_POINT ( 'NONE',  ( 0.6600000000000008082, -11.74345596729059515, -0.5999999999999999778 ) ) ;
#1181 = DIRECTION ( 'NONE',  ( -1.000000000000000000, 0.000000000000000000, -0.000000000000000000 ) ) ;
#1182 = DIRECTION ( 'NONE',  ( 1.051347561198064958E-16, 1.000000000000000000, 0.000000000000000000 ) ) ;
#1183 = EDGE_CURVE ( 'NONE', #6336, #3718, #1385, .T. ) ;
#1184 = CARTESIAN_POINT ( 'NONE',  ( 5.139047323417643476, 3.321380907951518857, 4.478718870602345525 ) ) ;
#1185 = EDGE_CURVE ( 'NONE', #8008, #3877, #797, .T. ) ;
#1186 = EDGE_CURVE ( 'NONE', #7531, #3642, #2816, .T. ) ;
#1187 = ORIENTED_EDGE ( 'NONE', *, *, #1186, .T. ) ;
#1188 = LINE ( 'NONE', #6530, #4908 ) ;
#1189 = ORIENTED_EDGE ( 'NONE', *, *, #213, .F. ) ;
#1190 = CARTESIAN_POINT ( 'NONE',  ( -5.081372560800887506, 3.159999999999996145, 4.500000000000000888 ) ) ;
#1191 = DIRECTION ( 'NONE',  ( -1.000000000000000000, 0.000000000000000000, 0.000000000000000000 ) ) ;
#1192 = CARTESIAN_POINT ( 'NONE',  ( 7.624999999999998224, -24.33999999999999986, 7.900893641477321871 ) ) ;
#1193 = DIRECTION ( 'NONE',  ( 0.000000000000000000, 0.000000000000000000, 1.000000000000000000 ) ) ;
#1194 = AXIS2_PLACEMENT_3D ( 'NONE', #388, #7941, #8433 ) ;
#1195 = DIRECTION ( 'NONE',  ( 0.000000000000000000, 1.000000000000000000, 0.000000000000000000 ) ) ;
#1196 = CARTESIAN_POINT ( 'NONE',  ( 16.49999999999998224, -26.34000000000000341, 1.000000000000000000 ) ) ;
#1197 = ORIENTED_EDGE ( 'NONE', *, *, #3208, .F. ) ;
#1198 = FACE_OUTER_BOUND ( 'NONE', #4212, .T. ) ;
#1199 = ORIENTED_EDGE ( 'NONE', *, *, #625, .T. ) ;
#1200 = DIRECTION ( 'NONE',  ( 3.469446951953611033E-15, -1.000000000000000000, -5.204170427930416550E-15 ) ) ;
#1201 = CARTESIAN_POINT ( 'NONE',  ( 17.28524366270594470, -26.26191802601686121, 5.594542425414170239 ) ) ;
#1202 = ORIENTED_EDGE ( 'NONE', *, *, #3902, .F. ) ;
#1203 = CARTESIAN_POINT ( 'NONE',  ( -8.946495230037719186E-15, 12.75000000000004086, 1.000000000000000000 ) ) ;
#1204 = DIRECTION ( 'NONE',  ( -1.000000000000000000, 0.000000000000000000, 0.000000000000000000 ) ) ;
#1205 = ORIENTED_EDGE ( 'NONE', *, *, #4745, .F. ) ;
#1206 =( LENGTH_UNIT ( ) NAMED_UNIT ( * ) SI_UNIT ( .MILLI., .METRE. ) );
#1207 = VERTEX_POINT ( 'NONE', #2862 ) ;
#1208 = DIRECTION ( 'NONE',  ( 0.7071055712382640079, -0.7071079911327605716, 0.000000000000000000 ) ) ;
#1209 = ORIENTED_EDGE ( 'NONE', *, *, #1626, .T. ) ;
#1210 = CARTESIAN_POINT ( 'NONE',  ( -19.49999999999999645, 3.159999999999996145, 4.000000000000000000 ) ) ;
#1211 = DIRECTION ( 'NONE',  ( 0.000000000000000000, 1.000000000000000000, 0.000000000000000000 ) ) ;
#1212 =( GEOMETRIC_REPRESENTATION_CONTEXT ( 3 ) GLOBAL_UNCERTAINTY_ASSIGNED_CONTEXT ( ( #462 ) ) GLOBAL_UNIT_ASSIGNED_CONTEXT ( ( #3128, #3910, #3785 ) ) REPRESENTATION_CONTEXT ( 'NONE', 'WORKASPACE' ) );
#1213 = DIRECTION ( 'NONE',  ( -0.000000000000000000, -0.000000000000000000, 1.000000000000000000 ) ) ;
#1214 = EDGE_CURVE ( 'NONE', #821, #4676, #3929, .T. ) ;
#1215 = CARTESIAN_POINT ( 'NONE',  ( -23.00000000000000000, 33.00000000000000000, -2.200000000000000622 ) ) ;
#1216 = VECTOR ( 'NONE', #5521, 1000.000000000000000 ) ;
#1217 = CARTESIAN_POINT ( 'NONE',  ( 24.00000000000001066, 30.00000000000000711, -5.837274330926434551 ) ) ;
#1218 = CARTESIAN_POINT ( 'NONE',  ( -22.99999999999999289, -32.99999999999999289, 1.000000000000000000 ) ) ;
#1219 = VERTEX_POINT ( 'NONE', #813 ) ;
#1220 = CARTESIAN_POINT ( 'NONE',  ( -19.49999999999999645, -23.33999999999998209, 8.000000000000000000 ) ) ;
#1221 = CARTESIAN_POINT ( 'NONE',  ( 11.40693602603207779, 33.97078155222811802, -1.800000000000002931 ) ) ;
#1222 = FACE_OUTER_BOUND ( 'NONE', #3640, .T. ) ;
#1223 = VECTOR ( 'NONE', #8711, 1000.000000000000000 ) ;
#1224 = CIRCLE ( 'NONE', #5616, 0.5000000000000004441 ) ;
#1225 = CARTESIAN_POINT ( 'NONE',  ( 10.18750000000001954, -15.83999999999999986, 7.400893641477320983 ) ) ;
#1226 = EDGE_CURVE ( 'NONE', #3854, #70, #5497, .T. ) ;
#1227 = EDGE_CURVE ( 'NONE', #6658, #4258, #8206, .T. ) ;
#1228 = DIRECTION ( 'NONE',  ( -0.000000000000000000, -1.000000000000000000, -0.000000000000000000 ) ) ;
#1229 = VERTEX_POINT ( 'NONE', #4832 ) ;
#1230 =( BOUNDED_CURVE ( )  B_SPLINE_CURVE ( 3, ( #4155, #7506, #7418, #6837 ),
 .UNSPECIFIED., .F., .F. ) 
 B_SPLINE_CURVE_WITH_KNOTS ( ( 4, 4 ),
 ( 1.570796326794892117, 3.141592653589780682 ),
 .UNSPECIFIED. ) 
 CURVE ( )  GEOMETRIC_REPRESENTATION_ITEM ( )  RATIONAL_B_SPLINE_CURVE ( ( 1.000000000000000000, 0.8047378541243668248, 0.8047378541243668248, 1.000000000000000000 ) ) 
 REPRESENTATION_ITEM ( '' )  );
#1231 = AXIS2_PLACEMENT_3D ( 'NONE', #8321, #2975, #1499 ) ;
#1232 = CARTESIAN_POINT ( 'NONE',  ( 12.29999999999999893, 31.50000000000000000, 1.000000000000000000 ) ) ;
#1233 = ORIENTED_EDGE ( 'NONE', *, *, #3781, .F. ) ;
#1234 = DIRECTION ( 'NONE',  ( 1.734723475976805517E-15, 1.000000000000000000, 0.000000000000000000 ) ) ;
#1235 = CARTESIAN_POINT ( 'NONE',  ( -11.83822794951800716, -29.69780666561336346, 0.000000000000000000 ) ) ;
#1236 = EDGE_CURVE ( 'NONE', #6243, #5087, #7239, .T. ) ;
#1237 = DIRECTION ( 'NONE',  ( -3.854941057726238097E-16, 1.000000000000000000, 0.000000000000000000 ) ) ;
#1238 = EDGE_CURVE ( 'NONE', #2326, #6688, #2066, .T. ) ;
#1239 = VECTOR ( 'NONE', #5331, 1000.000000000000000 ) ;
#1240 = EDGE_CURVE ( 'NONE', #18, #613, #7477, .T. ) ;
#1241 = AXIS2_PLACEMENT_3D ( 'NONE', #8269, #6877, #5474 ) ;
#1242 = CARTESIAN_POINT ( 'NONE',  ( -25.32921656848661840, -29.19511388567677201, 0.000000000000000000 ) ) ;
#1243 = LINE ( 'NONE', #5919, #8466 ) ;
#1244 = ORIENTED_EDGE ( 'NONE', *, *, #2811, .F. ) ;
#1245 = DIRECTION ( 'NONE',  ( -0.000000000000000000, -0.000000000000000000, 1.000000000000000000 ) ) ;
#1246 = ORIENTED_EDGE ( 'NONE', *, *, #82, .T. ) ;
#1247 = DIRECTION ( 'NONE',  ( 0.7071079911327607936, 0.7071055712382638969, 0.000000000000000000 ) ) ;
#1248 = CYLINDRICAL_SURFACE ( 'NONE', #8149, 0.5000000000000000000 ) ;
#1249 = ORIENTED_EDGE ( 'NONE', *, *, #3996, .F. ) ;
#1250 = AXIS2_PLACEMENT_3D ( 'NONE', #292, #6323, #3607 ) ;
#1251 = LINE ( 'NONE', #3949, #7636 ) ;
#1252 = FACE_OUTER_BOUND ( 'NONE', #1969, .T. ) ;
#1253 = ADVANCED_FACE ( 'NONE', ( #72 ), #4175, .F. ) ;
#1254 = CARTESIAN_POINT ( 'NONE',  ( -10.18750000000000178, 3.003749999999987264, 0.07192234969262845112 ) ) ;
#1255 = VECTOR ( 'NONE', #7767, 1000.000000000000000 ) ;
#1256 = ORIENTED_EDGE ( 'NONE', *, *, #3237, .F. ) ;
#1257 =( NAMED_UNIT ( * ) PLANE_ANGLE_UNIT ( ) SI_UNIT ( $, .RADIAN. ) );
#1258 = EDGE_LOOP ( 'NONE', ( #4191, #3346, #5938, #5664 ) ) ;
#1259 = ORIENTED_EDGE ( 'NONE', *, *, #2353, .T. ) ;
#1260 = DIRECTION ( 'NONE',  ( 0.000000000000000000, 0.000000000000000000, -1.000000000000000000 ) ) ;
#1261 = VECTOR ( 'NONE', #5019, 1000.000000000000000 ) ;
#1262 = DIRECTION ( 'NONE',  ( 1.734723475976807341E-16, -1.000000000000000000, 0.000000000000000000 ) ) ;
#1263 = DIRECTION ( 'NONE',  ( -1.000000000000000000, 0.000000000000000000, -0.000000000000000000 ) ) ;
#1264 = DIRECTION ( 'NONE',  ( -0.000000000000000000, 1.000000000000000000, -0.000000000000000000 ) ) ;
#1265 = ORIENTED_EDGE ( 'NONE', *, *, #1073, .T. ) ;
#1266 = DIRECTION ( 'NONE',  ( -0.000000000000000000, -0.000000000000000000, 1.000000000000000000 ) ) ;
#1267 = ORIENTED_EDGE ( 'NONE', *, *, #2220, .T. ) ;
#1268 = DIRECTION ( 'NONE',  ( -1.000000000000000000, 5.551115123125699872E-15, 1.233581138472377771E-15 ) ) ;
#1269 = CARTESIAN_POINT ( 'NONE',  ( 20.40000000000000213, -38.20000000000000284, -1.488888888888891815 ) ) ;
#1270 = DIRECTION ( 'NONE',  ( 1.734723475976805517E-15, 1.000000000000000000, 0.000000000000000000 ) ) ;
#1271 = LINE ( 'NONE', #1989, #4259 ) ;
#1272 = MECHANICAL_DESIGN_GEOMETRIC_PRESENTATION_REPRESENTATION (  '', ( #3957 ), #4660 ) ;
#1273 = LINE ( 'NONE', #7413, #426 ) ;
#1274 = DIRECTION ( 'NONE',  ( -0.000000000000000000, -0.000000000000000000, 1.000000000000000000 ) ) ;
#1275 = AXIS2_PLACEMENT_3D ( 'NONE', #5400, #24, #8106 ) ;
#1276 = ORIENTED_EDGE ( 'NONE', *, *, #3678, .T. ) ;
#1277 = DIRECTION ( 'NONE',  ( 0.000000000000000000, 0.000000000000000000, -1.000000000000000000 ) ) ;
#1278 = EDGE_LOOP ( 'NONE', ( #2652, #3005, #7629, #7040 ) ) ;
#1279 = FACE_OUTER_BOUND ( 'NONE', #726, .T. ) ;
#1280 = LINE ( 'NONE', #3413, #3703 ) ;
#1281 = EDGE_CURVE ( 'NONE', #2253, #1836, #5899, .T. ) ;
#1282 = DIRECTION ( 'NONE',  ( 1.734723475976807341E-16, -1.000000000000000000, 0.000000000000000000 ) ) ;
#1283 = VECTOR ( 'NONE', #7096, 1000.000000000000000 ) ;
#1284 = DIRECTION ( 'NONE',  ( 0.000000000000000000, 0.000000000000000000, -1.000000000000000000 ) ) ;
#1285 = ORIENTED_EDGE ( 'NONE', *, *, #2829, .F. ) ;
#1286 = DIRECTION ( 'NONE',  ( 1.000000000000000000, 1.734723475976807883E-15, 0.000000000000000000 ) ) ;
#1287 = VERTEX_POINT ( 'NONE', #1905 ) ;
#1288 = CARTESIAN_POINT ( 'NONE',  ( 16.49999999999998579, -25.84000000000000341, 5.582711823295503528 ) ) ;
#1289 = CARTESIAN_POINT ( 'NONE',  ( -11.83822794951800716, -29.69780666561336346, -1.600000000000000089 ) ) ;
#1290 = VECTOR ( 'NONE', #6259, 1000.000000000000000 ) ;
#1291 = ADVANCED_FACE ( 'NONE', ( #2733 ), #2575, .F. ) ;
#1292 = ORIENTED_EDGE ( 'NONE', *, *, #1177, .T. ) ;
#1293 = EDGE_LOOP ( 'NONE', ( #1056, #8455, #6266, #2224 ) ) ;
#1294 = VECTOR ( 'NONE', #4533, 1000.000000000000114 ) ;
#1295 = ADVANCED_FACE ( 'NONE', ( #2108 ), #6768, .F. ) ;
#1296 = CARTESIAN_POINT ( 'NONE',  ( -29.49999999999999289, 2.999999999999994227, 1.000000000000000000 ) ) ;
#1297 = AXIS2_PLACEMENT_3D ( 'NONE', #5782, #356, #2454 ) ;
#1298 = AXIS2_PLACEMENT_3D ( 'NONE', #395, #1810, #6231 ) ;
#1299 = VERTEX_POINT ( 'NONE', #5638 ) ;
#1300 = DIRECTION ( 'NONE',  ( -0.000000000000000000, 0.000000000000000000, 1.000000000000000000 ) ) ;
#1301 = EDGE_CURVE ( 'NONE', #2774, #6095, #7721, .T. ) ;
#1302 = ORIENTED_EDGE ( 'NONE', *, *, #4541, .F. ) ;
#1303 = DIRECTION ( 'NONE',  ( -0.7071079911327606826, -0.7071055712382641190, 0.000000000000000000 ) ) ;
#1304 = EDGE_CURVE ( 'NONE', #1639, #3944, #4215, .T. ) ;
#1305 = ORIENTED_EDGE ( 'NONE', *, *, #636, .T. ) ;
#1306 = DIRECTION ( 'NONE',  ( -0.000000000000000000, -0.000000000000000000, -1.000000000000000000 ) ) ;
#1307 = EDGE_CURVE ( 'NONE', #866, #5974, #4611, .T. ) ;
#1308 = DIRECTION ( 'NONE',  ( -0.000000000000000000, 1.000000000000000000, -0.000000000000000000 ) ) ;
#1309 = ORIENTED_EDGE ( 'NONE', *, *, #5631, .T. ) ;
#1310 = ORIENTED_EDGE ( 'NONE', *, *, #5733, .T. ) ;
#1311 = ORIENTED_EDGE ( 'NONE', *, *, #7081, .F. ) ;
#1312 = CARTESIAN_POINT ( 'NONE',  ( -64.26000000000000512, 18.69999999999999929, -5.599999999999999645 ) ) ;
#1313 = ORIENTED_EDGE ( 'NONE', *, *, #381, .T. ) ;
#1314 = FACE_OUTER_BOUND ( 'NONE', #3385, .T. ) ;
#1315 = DIRECTION ( 'NONE',  ( -0.000000000000000000, -0.000000000000000000, -1.000000000000000000 ) ) ;
#1316 = CARTESIAN_POINT ( 'NONE',  ( -17.99999999999998579, 10.25000000000003730, 0.4999999999999792943 ) ) ;
#1317 = AXIS2_PLACEMENT_3D ( 'NONE', #285, #240, #2327 ) ;
#1318 = DIRECTION ( 'NONE',  ( 1.000000000000000000, 0.000000000000000000, 0.000000000000000000 ) ) ;
#1319 = VERTEX_POINT ( 'NONE', #297 ) ;
#1320 = DIRECTION ( 'NONE',  ( -1.000000000000000000, 0.000000000000000000, 0.000000000000000000 ) ) ;
#1321 = ORIENTED_EDGE ( 'NONE', *, *, #1025, .F. ) ;
#1322 = DIRECTION ( 'NONE',  ( -1.000000000000000000, 0.000000000000000000, 0.000000000000000000 ) ) ;
#1323 = PLANE ( 'NONE',  #4074 ) ;
#1324 = VERTEX_POINT ( 'NONE', #8292 ) ;
#1325 = CARTESIAN_POINT ( 'NONE',  ( -10.18750000000000178, -24.33999999999999986, 7.900893641477321871 ) ) ;
#1326 = ORIENTED_EDGE ( 'NONE', *, *, #2660, .F. ) ;
#1327 = CARTESIAN_POINT ( 'NONE',  ( 13.47321001922254702, 3.659999999999997478, 4.113001826541254680 ) ) ;
#1328 = CARTESIAN_POINT ( 'NONE',  ( 6.375000000000001776, -24.33999999999999986, 1.000000000000000000 ) ) ;
#1329 = VERTEX_POINT ( 'NONE', #5057 ) ;
#1330 = DIRECTION ( 'NONE',  ( 1.000000000000000000, -0.000000000000000000, -0.000000000000000000 ) ) ;
#1331 = CARTESIAN_POINT ( 'NONE',  ( -16.50000000000001421, 29.00000000000000000, 0.5000000000000000000 ) ) ;
#1332 = CARTESIAN_POINT ( 'NONE',  ( 16.50000000000000355, -15.33999999999999986, 7.400893641477320983 ) ) ;
#1333 = DIRECTION ( 'NONE',  ( -0.000000000000000000, -0.000000000000000000, 1.000000000000000000 ) ) ;
#1334 = ADVANCED_FACE ( 'NONE', ( #987 ), #7752, .F. ) ;
#1335 = ADVANCED_FACE ( 'NONE', ( #8337 ), #7666, .F. ) ;
#1336 = ORIENTED_EDGE ( 'NONE', *, *, #4271, .F. ) ;
#1337 = CARTESIAN_POINT ( 'NONE',  ( -10.18750000000000178, -24.33999999999999986, 1.000000000000000000 ) ) ;
#1338 = ORIENTED_EDGE ( 'NONE', *, *, #4427, .T. ) ;
#1339 = CARTESIAN_POINT ( 'NONE',  ( -23.00000000000000000, 33.00000000000000000, -2.200000000000000178 ) ) ;
#1340 = CIRCLE ( 'NONE', #7693, 2.599999999999998312 ) ;
#1341 = ORIENTED_EDGE ( 'NONE', *, *, #1527, .F. ) ;
#1342 = EDGE_CURVE ( 'NONE', #6331, #6371, #2252, .T. ) ;
#1343 = DIRECTION ( 'NONE',  ( -1.711123806482553586E-06, -0.9999999999985359489, 0.000000000000000000 ) ) ;
#1344 = EDGE_CURVE ( 'NONE', #8630, #1561, #5803, .T. ) ;
#1345 = ADVANCED_FACE ( 'NONE', ( #3651 ), #7708, .T. ) ;
#1346 = VERTEX_POINT ( 'NONE', #5682 ) ;
#1347 = VERTEX_POINT ( 'NONE', #2205 ) ;
#1348 = VERTEX_POINT ( 'NONE', #1652 ) ;
#1349 = DIRECTION ( 'NONE',  ( -1.000000000000000000, -1.559302000878028960E-16, 0.000000000000000000 ) ) ;
#1350 = EDGE_LOOP ( 'NONE', ( #1311, #4770, #6584, #3082, #7614, #2460, #1938, #1577 ) ) ;
#1351 = CARTESIAN_POINT ( 'NONE',  ( -16.49999999999997513, 24.00000000000000711, 0.5000000000000000000 ) ) ;
#1352 = CARTESIAN_POINT ( 'NONE',  ( -15.72460686094505711, 14.18480338457612788, -1.800000000000000266 ) ) ;
#1353 = DIRECTION ( 'NONE',  ( 1.000000000000000000, -0.000000000000000000, -0.000000000000000000 ) ) ;
#1354 = EDGE_CURVE ( 'NONE', #6719, #5755, #7091, .T. ) ;
#1355 = CARTESIAN_POINT ( 'NONE',  ( -13.98112743919909562, 3.159999999999996145, 0.07192234969262845112 ) ) ;
#1356 = EDGE_CURVE ( 'NONE', #4315, #4695, #3738, .T. ) ;
#1357 = DIRECTION ( 'NONE',  ( 0.000000000000000000, 0.000000000000000000, -1.000000000000000000 ) ) ;
#1358 = EDGE_LOOP ( 'NONE', ( #6529, #1265, #8019, #2770 ) ) ;
#1359 = CARTESIAN_POINT ( 'NONE',  ( 23.00000463502184544, -30.31024687809360074, -0.2478073316481836930 ) ) ;
#1360 = ORIENTED_EDGE ( 'NONE', *, *, #339, .T. ) ;
#1361 = AXIS2_PLACEMENT_3D ( 'NONE', #4163, #5309, #7426 ) ;
#1362 = CARTESIAN_POINT ( 'NONE',  ( -60.49999999999989342, 17.75000000000000000, 2.000000000000000000 ) ) ;
#1363 = CIRCLE ( 'NONE', #4904, 0.7999999999999933831 ) ;
#1364 = AXIS2_PLACEMENT_3D ( 'NONE', #3014, #6169, #8183 ) ;
#1365 = DIRECTION ( 'NONE',  ( 0.000000000000000000, 0.000000000000000000, 1.000000000000000000 ) ) ;
#1366 = AXIS2_PLACEMENT_3D ( 'NONE', #4445, #8377, #1518 ) ;
#1367 = ORIENTED_EDGE ( 'NONE', *, *, #277, .T. ) ;
#1368 = DIRECTION ( 'NONE',  ( 0.000000000000000000, -1.000000000000000000, 0.000000000000000000 ) ) ;
#1369 = EDGE_LOOP ( 'NONE', ( #7771, #7970 ) ) ;
#1370 = LINE ( 'NONE', #621, #3406 ) ;
#1371 = CARTESIAN_POINT ( 'NONE',  ( -13.99999999999999645, -24.33999999999999986, 6.363636363636365090 ) ) ;
#1372 = VERTEX_POINT ( 'NONE', #8381 ) ;
#1373 = CARTESIAN_POINT ( 'NONE',  ( 11.43749999999999822, -24.33999999999999986, 1.000000000000000000 ) ) ;
#1374 = AXIS2_PLACEMENT_3D ( 'NONE', #7489, #2915, #1444 ) ;
#1375 = FACE_OUTER_BOUND ( 'NONE', #888, .T. ) ;
#1376 = VECTOR ( 'NONE', #5995, 1000.000000000000000 ) ;
#1377 = DIRECTION ( 'NONE',  ( -0.000000000000000000, -0.000000000000000000, 1.000000000000000000 ) ) ;
#1378 = DIRECTION ( 'NONE',  ( 0.000000000000000000, -1.000000000000000000, 0.000000000000000000 ) ) ;
#1379 = CARTESIAN_POINT ( 'NONE',  ( -19.49999999999999645, -18.34000000000002473, 8.000000000000000000 ) ) ;
#1380 = VERTEX_POINT ( 'NONE', #4352 ) ;
#1381 = CARTESIAN_POINT ( 'NONE',  ( -5.718749999999994671, 3.003749999999987264, 4.500000000000000888 ) ) ;
#1382 = CIRCLE ( 'NONE', #3657, 2.599999999999998312 ) ;
#1383 = ORIENTED_EDGE ( 'NONE', *, *, #5722, .T. ) ;
#1384 = CARTESIAN_POINT ( 'NONE',  ( -16.49999999999989697, 16.50000000000002132, 2.500000000000000000 ) ) ;
#1385 = LINE ( 'NONE', #513, #4897 ) ;
#1386 = VERTEX_POINT ( 'NONE', #1521 ) ;
#1387 = DIRECTION ( 'NONE',  ( 0.000000000000000000, 0.000000000000000000, -1.000000000000000000 ) ) ;
#1388 = DIRECTION ( 'NONE',  ( 0.000000000000000000, 0.000000000000000000, -1.000000000000000000 ) ) ;
#1389 = EDGE_CURVE ( 'NONE', #1561, #3875, #376, .T. ) ;
#1390 = DIRECTION ( 'NONE',  ( 1.000000000000000000, 3.898255002195072399E-16, -0.000000000000000000 ) ) ;
#1391 = VECTOR ( 'NONE', #7521, 1000.000000000000000 ) ;
#1392 = EDGE_LOOP ( 'NONE', ( #3761, #1168 ) ) ;
#1393 = VERTEX_POINT ( 'NONE', #337 ) ;
#1394 = ORIENTED_EDGE ( 'NONE', *, *, #7792, .F. ) ;
#1395 = EDGE_CURVE ( 'NONE', #3749, #3144, #8002, .T. ) ;
#1396 = DIRECTION ( 'NONE',  ( -0.000000000000000000, -0.000000000000000000, 1.000000000000000000 ) ) ;
#1397 = VECTOR ( 'NONE', #6174, 1000.000000000000000 ) ;
#1398 = ORIENTED_EDGE ( 'NONE', *, *, #4361, .F. ) ;
#1399 = DIRECTION ( 'NONE',  ( 1.734723475976807341E-16, -1.000000000000000000, 0.000000000000000000 ) ) ;
#1400 = EDGE_CURVE ( 'NONE', #3463, #5103, #7572, .T. ) ;
#1401 = DIRECTION ( 'NONE',  ( 1.734723475976805517E-15, 1.000000000000000000, -5.204170427930416550E-15 ) ) ;
#1402 = EDGE_CURVE ( 'NONE', #7839, #3312, #6225, .T. ) ;
#1403 = CARTESIAN_POINT ( 'NONE',  ( -64.26000000000000512, 18.69999999999999929, -5.599999999999999645 ) ) ;
#1404 = AXIS2_PLACEMENT_3D ( 'NONE', #8023, #3483, #3529 ) ;
#1405 = ADVANCED_FACE ( 'NONE', ( #6624 ), #2600, .F. ) ;
#1406 = DIRECTION ( 'NONE',  ( 3.469446951953611033E-15, -1.000000000000000000, -5.204170427930416550E-15 ) ) ;
#1407 = VERTEX_POINT ( 'NONE', #7174 ) ;
#1408 = PLANE ( 'NONE',  #6586 ) ;
#1409 = VERTEX_POINT ( 'NONE', #5147 ) ;
#1410 = VECTOR ( 'NONE', #7110, 1000.000000000000000 ) ;
#1411 = CARTESIAN_POINT ( 'NONE',  ( 13.99999999999999822, -24.33999999999999986, 6.363636363636364202 ) ) ;
#1412 = ADVANCED_FACE ( 'NONE', ( #5271 ), #7901, .T. ) ;
#1413 = LINE ( 'NONE', #7507, #3836 ) ;
#1414 = CIRCLE ( 'NONE', #2289, 1.249999999999996003 ) ;
#1415 = FACE_OUTER_BOUND ( 'NONE', #3072, .T. ) ;
#1416 = ORIENTED_EDGE ( 'NONE', *, *, #4860, .F. ) ;
#1417 = DIRECTION ( 'NONE',  ( 1.734723475976805517E-15, -1.000000000000000000, 0.000000000000000000 ) ) ;
#1418 = ORIENTED_EDGE ( 'NONE', *, *, #679, .T. ) ;
#1419 = DIRECTION ( 'NONE',  ( 0.000000000000000000, 0.000000000000000000, -1.000000000000000000 ) ) ;
#1420 = CYLINDRICAL_SURFACE ( 'NONE', #6156, 1.500000000000001332 ) ;
#1421 = ORIENTED_EDGE ( 'NONE', *, *, #4318, .F. ) ;
#1422 = CYLINDRICAL_SURFACE ( 'NONE', #4409, 0.7999999999999933831 ) ;
#1423 = AXIS2_PLACEMENT_3D ( 'NONE', #8127, #6119, #780 ) ;
#1424 = CARTESIAN_POINT ( 'NONE',  ( 5.718749999999994671, 3.003749999999987264, 0.07192234969262845112 ) ) ;
#1425 = CARTESIAN_POINT ( 'NONE',  ( -18.01085693148419509, -25.96135916905102903, 5.640081646166550833 ) ) ;
#1426 = CARTESIAN_POINT ( 'NONE',  ( 16.82730823086904337, -15.92944271910623399, 7.892828596526138440 ) ) ;
#1427 = EDGE_LOOP ( 'NONE', ( #3658, #1621, #4182, #8727 ) ) ;
#1428 = CIRCLE ( 'NONE', #4125, 0.6562500000000109912 ) ;
#1429 = CARTESIAN_POINT ( 'NONE',  ( -5.718749999999994671, 3.003749999999987264, 1.000000000000000000 ) ) ;
#1430 = ORIENTED_EDGE ( 'NONE', *, *, #8101, .T. ) ;
#1431 = CARTESIAN_POINT ( 'NONE',  ( -61.41000000000000369, 18.69999999999999929, -5.599999999999999645 ) ) ;
#1432 = DIRECTION ( 'NONE',  ( -0.000000000000000000, 0.000000000000000000, 1.000000000000000000 ) ) ;
#1433 = ORIENTED_EDGE ( 'NONE', *, *, #5527, .T. ) ;
#1434 = CARTESIAN_POINT ( 'NONE',  ( -24.00000000000000000, -30.00000000000001421, -0.1788635809607192206 ) ) ;
#1435 = CARTESIAN_POINT ( 'NONE',  ( 5.062499999999993783, -24.33999999999999986, 7.900893641477321871 ) ) ;
#1436 = AXIS2_PLACEMENT_3D ( 'NONE', #901, #7090, #6283 ) ;
#1437 = DIRECTION ( 'NONE',  ( -0.000000000000000000, -0.000000000000000000, 1.000000000000000000 ) ) ;
#1438 = VERTEX_POINT ( 'NONE', #6456 ) ;
#1439 = ORIENTED_EDGE ( 'NONE', *, *, #1226, .T. ) ;
#1440 = ORIENTED_EDGE ( 'NONE', *, *, #177, .T. ) ;
#1441 = LINE ( 'NONE', #7534, #574 ) ;
#1442 = CARTESIAN_POINT ( 'NONE',  ( -60.49999999999985079, 0.000000000000000000, 2.000000000000000000 ) ) ;
#1443 = ORIENTED_EDGE ( 'NONE', *, *, #4788, .F. ) ;
#1444 = DIRECTION ( 'NONE',  ( -1.000000000000000000, 0.000000000000000000, -0.000000000000000000 ) ) ;
#1445 = CARTESIAN_POINT ( 'NONE',  ( 23.00000000000000000, -33.00000000000000711, -10.35391052434009040 ) ) ;
#1446 = LINE ( 'NONE', #178, #5381 ) ;
#1447 = CARTESIAN_POINT ( 'NONE',  ( -18.50000000000001066, 14.00000000000002842, 1.000000000000000000 ) ) ;
#1448 = ADVANCED_FACE ( 'NONE', ( #5842 ), #1248, .T. ) ;
#1449 = DIRECTION ( 'NONE',  ( 1.000000000000000000, 1.927470528863119739E-15, 0.000000000000000000 ) ) ;
#1450 = ORIENTED_EDGE ( 'NONE', *, *, #5992, .T. ) ;
#1451 = LINE ( 'NONE', #138, #816 ) ;
#1452 = VERTEX_POINT ( 'NONE', #8550 ) ;
#1453 = CARTESIAN_POINT ( 'NONE',  ( 14.00000000000000000, -26.83999999999999986, 5.909090909090911836 ) ) ;
#1454 = DIRECTION ( 'NONE',  ( 1.000000000000000000, 1.734723475976807883E-15, 0.000000000000000000 ) ) ;
#1455 = ADVANCED_FACE ( 'NONE', ( #418 ), #3203, .T. ) ;
#1456 = EDGE_CURVE ( 'NONE', #6095, #6181, #3164, .T. ) ;
#1457 = EDGE_CURVE ( 'NONE', #396, #1114, #1113, .T. ) ;
#1458 = CARTESIAN_POINT ( 'NONE',  ( 20.00000000000000355, 33.00000000000000711, -5.837274330926434551 ) ) ;
#1459 = ORIENTED_EDGE ( 'NONE', *, *, #6175, .F. ) ;
#1460 = DIRECTION ( 'NONE',  ( -1.559302000878028960E-16, 1.000000000000000000, -0.000000000000000000 ) ) ;
#1461 = EDGE_LOOP ( 'NONE', ( #6272, #5957, #5556, #1416, #7438 ) ) ;
#1462 = DIRECTION ( 'NONE',  ( 1.734723475976807883E-15, -1.000000000000000000, 0.000000000000000000 ) ) ;
#1463 = VECTOR ( 'NONE', #4343, 1000.000000000000000 ) ;
#1464 = CARTESIAN_POINT ( 'NONE',  ( 2.081899558550499491E-15, 29.00000000000000000, 1.000000000000000000 ) ) ;
#1465 = ORIENTED_EDGE ( 'NONE', *, *, #2769, .T. ) ;
#1466 = LINE ( 'NONE', #2981, #6646 ) ;
#1467 = DIRECTION ( 'NONE',  ( 1.000000000000000000, -8.326672684688667742E-15, 0.000000000000000000 ) ) ;
#1468 = CARTESIAN_POINT ( 'NONE',  ( -18.68446597413378996, -24.68849016218625891, 6.300274515966135525 ) ) ;
#1469 = CARTESIAN_POINT ( 'NONE',  ( -9.004969055070634844E-15, 16.50000000000003197, 1.000000000000000000 ) ) ;
#1470 = EDGE_CURVE ( 'NONE', #5595, #2974, #4520, .T. ) ;
#1471 = LINE ( 'NONE', #1379, #5222 ) ;
#1472 = CYLINDRICAL_SURFACE ( 'NONE', #5207, 2.599999999999998312 ) ;
#1473 = EDGE_LOOP ( 'NONE', ( #8125, #1608, #3818, #6063 ) ) ;
#1474 = FACE_BOUND ( 'NONE', #5, .T. ) ;
#1475 = ORIENTED_EDGE ( 'NONE', *, *, #7145, .F. ) ;
#1476 = DIRECTION ( 'NONE',  ( -0.000000000000000000, 0.000000000000000000, 1.000000000000000000 ) ) ;
#1477 = DIRECTION ( 'NONE',  ( -0.7071067811865486830, -0.000000000000000000, 0.7071067811865464625 ) ) ;
#1478 = ORIENTED_EDGE ( 'NONE', *, *, #6685, .F. ) ;
#1479 = DIRECTION ( 'NONE',  ( -1.000000000000000000, 0.000000000000000000, 0.000000000000000000 ) ) ;
#1480 = LINE ( 'NONE', #3391, #7755 ) ;
#1481 = VERTEX_POINT ( 'NONE', #7221 ) ;
#1482 = VERTEX_POINT ( 'NONE', #7262 ) ;
#1483 = VERTEX_POINT ( 'NONE', #5354 ) ;
#1484 = CARTESIAN_POINT ( 'NONE',  ( 19.50000000000000355, 3.159999999999996145, 4.500000000000000000 ) ) ;
#1485 = ORIENTED_EDGE ( 'NONE', *, *, #7450, .T. ) ;
#1486 = DIRECTION ( 'NONE',  ( -0.000000000000000000, -1.000000000000000000, -0.000000000000000000 ) ) ;
#1487 = CARTESIAN_POINT ( 'NONE',  ( -22.99999999999997868, -30.00000000000001421, -3.000000000000000000 ) ) ;
#1488 = CARTESIAN_POINT ( 'NONE',  ( 24.00000000000000711, -28.50000000000001066, -91.81441324469805920 ) ) ;
#1489 = DIRECTION ( 'NONE',  ( 1.711123806215672562E-06, 0.9999999999985359489, 0.000000000000000000 ) ) ;
#1490 = DIRECTION ( 'NONE',  ( 1.000000000000000000, -9.637352644315597708E-17, 0.000000000000000000 ) ) ;
#1491 = DIRECTION ( 'NONE',  ( 1.000000000000000000, -0.000000000000000000, -0.000000000000000000 ) ) ;
#1492 = ORIENTED_EDGE ( 'NONE', *, *, #5693, .F. ) ;
#1493 = CARTESIAN_POINT ( 'NONE',  ( -60.49999999999993605, 21.50000000000000000, 2.000000000000000000 ) ) ;
#1494 = ORIENTED_EDGE ( 'NONE', *, *, #448, .T. ) ;
#1495 = DIRECTION ( 'NONE',  ( 0.000000000000000000, 0.000000000000000000, 1.000000000000000000 ) ) ;
#1496 = CARTESIAN_POINT ( 'NONE',  ( -5.081372560800887506, 3.159999999999996145, 4.500000000000000888 ) ) ;
#1497 = CARTESIAN_POINT ( 'NONE',  ( 24.25000000000000000, 33.00000000000000711, 0.000000000000000000 ) ) ;
#1498 = ORIENTED_EDGE ( 'NONE', *, *, #1791, .T. ) ;
#1499 = DIRECTION ( 'NONE',  ( 0.000000000000000000, 0.000000000000000000, 1.000000000000000000 ) ) ;
#1500 = VECTOR ( 'NONE', #787, 1000.000000000000000 ) ;
#1501 = EDGE_LOOP ( 'NONE', ( #2577, #8153, #8081, #4590 ) ) ;
#1502 = CARTESIAN_POINT ( 'NONE',  ( 16.49999999999999289, -24.33999999999999986, 6.363636363636365090 ) ) ;
#1503 = EDGE_CURVE ( 'NONE', #1049, #2955, #3329, .T. ) ;
#1504 = DIRECTION ( 'NONE',  ( 0.000000000000000000, 0.000000000000000000, 1.000000000000000000 ) ) ;
#1505 = EDGE_CURVE ( 'NONE', #4311, #1155, #3989, .T. ) ;
#1506 = ORIENTED_EDGE ( 'NONE', *, *, #3350, .T. ) ;
#1507 = EDGE_CURVE ( 'NONE', #6990, #5376, #2242, .T. ) ;
#1508 = DIRECTION ( 'NONE',  ( -0.7071079911327565748, -0.7071055712382681158, 0.000000000000000000 ) ) ;
#1509 = EDGE_CURVE ( 'NONE', #909, #6979, #6806, .T. ) ;
#1511 = EDGE_CURVE ( 'NONE', #2870, #3524, #520, .T. ) ;
#1510 = LINE ( 'NONE', #4209, #3000 ) ;
#1512 = EDGE_CURVE ( 'NONE', #2774, #5974, #2141, .T. ) ;
#1513 = DIRECTION ( 'NONE',  ( 1.000000000000000000, 5.457557003073101359E-16, 0.000000000000000000 ) ) ;
#1514 = AXIS2_PLACEMENT_3D ( 'NONE', #4341, #7029, #843 ) ;
#1515 = CARTESIAN_POINT ( 'NONE',  ( -16.49999999999981881, 10.25000000000003730, 0.5000000000000000000 ) ) ;
#1516 = DIRECTION ( 'NONE',  ( -0.9999999999985359489, 1.711123806053224560E-06, 0.000000000000000000 ) ) ;
#1517 = ORIENTED_EDGE ( 'NONE', *, *, #1227, .F. ) ;
#1518 = DIRECTION ( 'NONE',  ( 1.000000000000000000, 0.000000000000000000, 0.000000000000000000 ) ) ;
#1519 = ORIENTED_EDGE ( 'NONE', *, *, #8595, .T. ) ;
#1520 = FACE_OUTER_BOUND ( 'NONE', #2683, .T. ) ;
#1521 = CARTESIAN_POINT ( 'NONE',  ( -67.91000000000001080, 18.69999999999999929, -5.599999999999999645 ) ) ;
#1522 = EDGE_LOOP ( 'NONE', ( #6807, #4701, #7473, #7001 ) ) ;
#1523 = VECTOR ( 'NONE', #4633, 1000.000000000000000 ) ;
#1524 =( BOUNDED_CURVE ( )  B_SPLINE_CURVE ( 3, ( #2578, #2079, #2742, #1908 ),
 .UNSPECIFIED., .F., .F. ) 
 B_SPLINE_CURVE_WITH_KNOTS ( ( 4, 4 ),
 ( 0.000000000000000000, 1.570796326794896558 ),
 .UNSPECIFIED. ) 
 CURVE ( )  GEOMETRIC_REPRESENTATION_ITEM ( )  RATIONAL_B_SPLINE_CURVE ( ( 1.000000000000000000, 0.8047378541243649375, 0.8047378541243649375, 1.000000000000000000 ) ) 
 REPRESENTATION_ITEM ( '' )  );
#1525 = VECTOR ( 'NONE', #98, 1000.000000000000000 ) ;
#1527 = EDGE_CURVE ( 'NONE', #4274, #6955, #6006, .T. ) ;
#1526 = DIRECTION ( 'NONE',  ( -1.000000000000000000, 0.000000000000000000, 0.000000000000000000 ) ) ;
#1528 = ADVANCED_FACE ( 'NONE', ( #5485, #622 ), #2672, .F. ) ;
#1529 = DIRECTION ( 'NONE',  ( 0.000000000000000000, 0.000000000000000000, -1.000000000000000000 ) ) ;
#1530 = VECTOR ( 'NONE', #5037, 1000.000000000000000 ) ;
#1531 = VERTEX_POINT ( 'NONE', #5966 ) ;
#1532 = ORIENTED_EDGE ( 'NONE', *, *, #4640, .T. ) ;
#1533 = VERTEX_POINT ( 'NONE', #6099 ) ;
#1534 = DIRECTION ( 'NONE',  ( -1.000000000000000000, 0.000000000000000000, -0.000000000000000000 ) ) ;
#1535 = ORIENTED_EDGE ( 'NONE', *, *, #2542, .T. ) ;
#1536 = DIRECTION ( 'NONE',  ( 0.000000000000000000, -1.000000000000000000, 0.000000000000000000 ) ) ;
#1537 = ORIENTED_EDGE ( 'NONE', *, *, #3469, .T. ) ;
#1538 = DIRECTION ( 'NONE',  ( -0.000000000000000000, -0.000000000000000000, 1.000000000000000000 ) ) ;
#1539 = AXIS2_PLACEMENT_3D ( 'NONE', #4470, #1829, #8463 ) ;
#1540 = DIRECTION ( 'NONE',  ( 0.9999999999985359489, -1.711123809484819939E-06, 0.000000000000000000 ) ) ;
#1541 = DIRECTION ( 'NONE',  ( -0.000000000000000000, -0.000000000000000000, 1.000000000000000000 ) ) ;
#1542 = CARTESIAN_POINT ( 'NONE',  ( -16.49999999999997513, 24.00000000000000711, 2.500000000000000000 ) ) ;
#1543 = LINE ( 'NONE', #4236, #8430 ) ;
#1544 = ORIENTED_EDGE ( 'NONE', *, *, #696, .F. ) ;
#1545 = DIRECTION ( 'NONE',  ( -0.000000000000000000, -0.000000000000000000, 1.000000000000000000 ) ) ;
#1546 = ORIENTED_EDGE ( 'NONE', *, *, #4895, .F. ) ;
#1547 = CARTESIAN_POINT ( 'NONE',  ( 1.268872560800895943, 3.159999999999996145, 4.500000000000000000 ) ) ;
#1548 = CARTESIAN_POINT ( 'NONE',  ( -10.18750000000001599, -15.34000000000000341, 7.400893641477320983 ) ) ;
#1549 = FACE_OUTER_BOUND ( 'NONE', #5214, .T. ) ;
#1550 = ORIENTED_EDGE ( 'NONE', *, *, #8437, .T. ) ;
#1551 = DIRECTION ( 'NONE',  ( 0.000000000000000000, 0.000000000000000000, -1.000000000000000000 ) ) ;
#1552 = AXIS2_PLACEMENT_3D ( 'NONE', #8151, #3474, #7432 ) ;
#1553 = VERTEX_POINT ( 'NONE', #2009 ) ;
#1554 = EDGE_CURVE ( 'NONE', #3443, #2271, #2757, .T. ) ;
#1555 = DIRECTION ( 'NONE',  ( 1.734723475976807883E-15, -1.000000000000000000, 0.000000000000000000 ) ) ;
#1556 = ORIENTED_EDGE ( 'NONE', *, *, #4108, .T. ) ;
#1557 = CARTESIAN_POINT ( 'NONE',  ( 15.64954525451680034, 15.58599798172133255, -1.800000000000000266 ) ) ;
#1558 = FACE_OUTER_BOUND ( 'NONE', #5148, .T. ) ;
#1559 = CARTESIAN_POINT ( 'NONE',  ( 19.49999999999999645, -18.34000000000002473, 4.500000000000000888 ) ) ;
#1560 = LINE ( 'NONE', #8332, #2539 ) ;
#1561 = VERTEX_POINT ( 'NONE', #1371 ) ;
#1562 = EDGE_CURVE ( 'NONE', #5090, #5022, #7345, .T. ) ;
#1563 = DIRECTION ( 'NONE',  ( -1.000000000000000000, 0.000000000000000000, 0.000000000000000000 ) ) ;
#1564 = EDGE_CURVE ( 'NONE', #949, #2869, #6576, .T. ) ;
#1565 = ORIENTED_EDGE ( 'NONE', *, *, #6905, .T. ) ;
#1566 = DIRECTION ( 'NONE',  ( -1.000000000000000000, 1.927470528863119739E-15, -0.000000000000000000 ) ) ;
#1567 = ADVANCED_FACE ( 'NONE', ( #8670 ), #1420, .F. ) ;
#1568 = CARTESIAN_POINT ( 'NONE',  ( 19.00000000000000355, -15.34000000000000341, 8.000000000000000000 ) ) ;
#1569 = AXIS2_PLACEMENT_3D ( 'NONE', #3374, #8053, #2800 ) ;
#1570 = VERTEX_POINT ( 'NONE', #1328 ) ;
#1571 = VECTOR ( 'NONE', #6184, 1000.000000000000000 ) ;
#1572 = DIRECTION ( 'NONE',  ( 1.000000000000000000, 0.000000000000000000, 0.000000000000000000 ) ) ;
#1573 = VECTOR ( 'NONE', #6796, 1000.000000000000000 ) ;
#1574 = AXIS2_PLACEMENT_3D ( 'NONE', #7807, #7759, #1709 ) ;
#1575 = EDGE_LOOP ( 'NONE', ( #3617, #1955, #6593, #3532 ) ) ;
#1576 = EDGE_CURVE ( 'NONE', #1053, #6665, #7431, .T. ) ;
#1577 = ORIENTED_EDGE ( 'NONE', *, *, #438, .T. ) ;
#1578 = EDGE_CURVE ( 'NONE', #8527, #2650, #6300, .T. ) ;
#1579 = ORIENTED_EDGE ( 'NONE', *, *, #7397, .T. ) ;
#1580 = DIRECTION ( 'NONE',  ( 0.000000000000000000, 0.9761870601839527373, 0.2169304578186561638 ) ) ;
#1581 = ORIENTED_EDGE ( 'NONE', *, *, #5666, .F. ) ;
#1582 = CARTESIAN_POINT ( 'NONE',  ( 24.25000000000000000, -33.00000000000000711, 0.000000000000000000 ) ) ;
#1583 = DIRECTION ( 'NONE',  ( 1.711123808989186657E-06, 0.9999999999985360599, 0.000000000000000000 ) ) ;
#1584 = COLOUR_RGB ( '',1.000000000000000000, 1.000000000000000000, 1.000000000000000000 ) ;
#1585 = DIRECTION ( 'NONE',  ( -1.896380255952778525E-15, -0.9838699100999075409, -0.1788854381999831766 ) ) ;
#1586 = CYLINDRICAL_SURFACE ( 'NONE', #4373, 3.500000000000003109 ) ;
#1587 = ADVANCED_FACE ( 'NONE', ( #4727 ), #758, .F. ) ;
#1588 = CIRCLE ( 'NONE', #8226, 1.500000000000001332 ) ;
#1589 = VECTOR ( 'NONE', #4369, 1000.000000000000000 ) ;
#1590 = DIRECTION ( 'NONE',  ( 0.000000000000000000, 0.000000000000000000, -1.000000000000000000 ) ) ;
#1591 = ORIENTED_EDGE ( 'NONE', *, *, #4282, .F. ) ;
#1592 = CARTESIAN_POINT ( 'NONE',  ( -66.85999999999999943, 18.69999999999999929, 1.000000000000000000 ) ) ;
#1593 = ORIENTED_EDGE ( 'NONE', *, *, #3993, .F. ) ;
#1594 = DIRECTION ( 'NONE',  ( -0.000000000000000000, -0.000000000000000000, 1.000000000000000000 ) ) ;
#1595 = DIRECTION ( 'NONE',  ( -0.000000000000000000, -0.000000000000000000, 1.000000000000000000 ) ) ;
#1596 = FACE_OUTER_BOUND ( 'NONE', #5494, .T. ) ;
#1597 = ORIENTED_EDGE ( 'NONE', *, *, #7824, .T. ) ;
#1598 = DIRECTION ( 'NONE',  ( 0.000000000000000000, -1.000000000000000000, 0.000000000000000000 ) ) ;
#1599 = ORIENTED_EDGE ( 'NONE', *, *, #6585, .F. ) ;
#1600 = ORIENTED_EDGE ( 'NONE', *, *, #4055, .F. ) ;
#1601 = CARTESIAN_POINT ( 'NONE',  ( 6.151490722791919552, 3.502153497675971838, 4.369954511760777649 ) ) ;
#1602 = CARTESIAN_POINT ( 'NONE',  ( 5.062499999999978684, -15.34000000000000341, 7.900893641477321871 ) ) ;
#1603 = LINE ( 'NONE', #8330, #4240 ) ;
#1604 = DIRECTION ( 'NONE',  ( -0.000000000000000000, 0.000000000000000000, 1.000000000000000000 ) ) ;
#1605 = VECTOR ( 'NONE', #5960, 1000.000000000000000 ) ;
#1606 = ORIENTED_EDGE ( 'NONE', *, *, #474, .T. ) ;
#1607 = DIRECTION ( 'NONE',  ( 1.000000000000000000, 0.000000000000000000, 0.000000000000000000 ) ) ;
#1608 = ORIENTED_EDGE ( 'NONE', *, *, #4639, .F. ) ;
#1609 = CARTESIAN_POINT ( 'NONE',  ( 26.00000000000001066, -15.83999999999999986, 7.400893641477320983 ) ) ;
#1610 = CARTESIAN_POINT ( 'NONE',  ( -10.01867518396746881, 3.450248910364980492, 4.413486547004838556 ) ) ;
#1611 = ORIENTED_EDGE ( 'NONE', *, *, #1740, .F. ) ;
#1612 = CYLINDRICAL_SURFACE ( 'NONE', #567, 1.249999999999995115 ) ;
#1613 = CIRCLE ( 'NONE', #206, 2.599999999999998312 ) ;
#1614 = EDGE_CURVE ( 'NONE', #822, #821, #6709, .T. ) ;
#1615 = EDGE_CURVE ( 'NONE', #4646, #6859, #711, .T. ) ;
#1616 = ORIENTED_EDGE ( 'NONE', *, *, #2456, .F. ) ;
#1617 = ORIENTED_EDGE ( 'NONE', *, *, #3307, .F. ) ;
#1618 = ORIENTED_EDGE ( 'NONE', *, *, #1118, .T. ) ;
#1619 = CARTESIAN_POINT ( 'NONE',  ( -16.49999999999993605, 20.25000000000001421, 2.500000000000000000 ) ) ;
#1620 = VECTOR ( 'NONE', #1585, 999.9999999999998863 ) ;
#1621 = ORIENTED_EDGE ( 'NONE', *, *, #3106, .T. ) ;
#1622 = CARTESIAN_POINT ( 'NONE',  ( -61.00000000000001421, 10.24999999999999822, 1.000000000000000000 ) ) ;
#1623 = CARTESIAN_POINT ( 'NONE',  ( 0.000000000000000000, 3.159999999999996145, 0.07192234969262845112 ) ) ;
#1625 = ADVANCED_FACE ( 'NONE', ( #238 ), #5047, .T. ) ;
#1624 = CYLINDRICAL_SURFACE ( 'NONE', #556, 2.999999999999999112 ) ;
#1626 = EDGE_CURVE ( 'NONE', #6016, #6979, #2894, .T. ) ;
#1627 = FACE_OUTER_BOUND ( 'NONE', #3149, .T. ) ;
#1628 = CARTESIAN_POINT ( 'NONE',  ( -10.18750000000000178, 3.003749999999987264, 4.500000000000000888 ) ) ;
#1629 = ORIENTED_EDGE ( 'NONE', *, *, #4087, .T. ) ;
#1630 = DIRECTION ( 'NONE',  ( -3.898255002195072399E-16, 1.000000000000000000, -0.000000000000000000 ) ) ;
#1631 = ORIENTED_EDGE ( 'NONE', *, *, #2978, .T. ) ;
#1632 = CARTESIAN_POINT ( 'NONE',  ( 12.85632481603250810, 3.450248910364980492, 4.413486547004838556 ) ) ;
#1633 = CARTESIAN_POINT ( 'NONE',  ( -18.50000000000000711, -3.209238430557094308E-15, 1.000000000000000000 ) ) ;
#1634 = CARTESIAN_POINT ( 'NONE',  ( 8.893872560800888394, 3.159999999999996145, 4.500000000000000888 ) ) ;
#1635 = EDGE_CURVE ( 'NONE', #3536, #1219, #3726, .T. ) ;
#1636 = DIRECTION ( 'NONE',  ( -5.457557003073101359E-16, 1.000000000000000000, 0.000000000000000000 ) ) ;
#1637 = VERTEX_POINT ( 'NONE', #8324 ) ;
#1638 = DIRECTION ( 'NONE',  ( -1.000000000000000000, -8.576161004829159278E-16, 0.000000000000000000 ) ) ;
#1639 = VERTEX_POINT ( 'NONE', #4296 ) ;
#1640 = DIRECTION ( 'NONE',  ( -0.000000000000000000, -0.000000000000000000, 1.000000000000000000 ) ) ;
#1641 = ORIENTED_EDGE ( 'NONE', *, *, #8602, .T. ) ;
#1642 = CARTESIAN_POINT ( 'NONE',  ( -60.99999999999993605, 21.50000000000000000, 1.000000000000000000 ) ) ;
#1643 = CARTESIAN_POINT ( 'NONE',  ( -16.49999999999997513, -15.34000000000000341, 1.000000000000000000 ) ) ;
#1644 = CARTESIAN_POINT ( 'NONE',  ( -13.99999999999999822, -24.33999999999999986, 1.000000000000000000 ) ) ;
#1645 = DIRECTION ( 'NONE',  ( -1.000000000000000000, -3.898255002195072399E-16, 0.000000000000000000 ) ) ;
#1646 = AXIS2_PLACEMENT_3D ( 'NONE', #3717, #3841, #1134 ) ;
#1647 = CARTESIAN_POINT ( 'NONE',  ( -16.49999999999997513, 24.00000000000000711, 0.5000000000000000000 ) ) ;
#1648 = ORIENTED_EDGE ( 'NONE', *, *, #2525, .F. ) ;
#1649 = CARTESIAN_POINT ( 'NONE',  ( -9.531249999999991118, 3.003749999999987264, 0.07192234969262845112 ) ) ;
#1650 = ORIENTED_EDGE ( 'NONE', *, *, #710, .T. ) ;
#1651 = DIRECTION ( 'NONE',  ( -1.000000000000000000, -0.000000000000000000, -0.000000000000000000 ) ) ;
#1652 = CARTESIAN_POINT ( 'NONE',  ( -10.18750000000001599, -15.92944271909999010, 7.892828596527274421 ) ) ;
#1653 = ORIENTED_EDGE ( 'NONE', *, *, #1185, .F. ) ;
#1654 = VECTOR ( 'NONE', #676, 1000.000000000000000 ) ;
#1655 = DIRECTION ( 'NONE',  ( 0.000000000000000000, 0.000000000000000000, -1.000000000000000000 ) ) ;
#1656 = CARTESIAN_POINT ( 'NONE',  ( 15.24999999999999645, -24.33999999999999986, 7.900893641477321871 ) ) ;
#1657 = ORIENTED_EDGE ( 'NONE', *, *, #1001, .T. ) ;
#1658 = ORIENTED_EDGE ( 'NONE', *, *, #7286, .T. ) ;
#1659 = VECTOR ( 'NONE', #2587, 1000.000000000000000 ) ;
#1660 = EDGE_LOOP ( 'NONE', ( #5676, #6393, #988, #1119 ) ) ;
#1661 = DIRECTION ( 'NONE',  ( 1.000000000000000000, -0.000000000000000000, -0.000000000000000000 ) ) ;
#1662 = CIRCLE ( 'NONE', #5471, 0.6562500000000109912 ) ;
#1663 = ORIENTED_EDGE ( 'NONE', *, *, #3534, .T. ) ;
#1664 = EDGE_CURVE ( 'NONE', #5612, #6263, #889, .T. ) ;
#1665 = CARTESIAN_POINT ( 'NONE',  ( -16.49999999999997158, 3.659999999999996145, 4.000000000000000000 ) ) ;
#1666 = CARTESIAN_POINT ( 'NONE',  ( -8.874999999999994671, -24.33999999999999986, 7.900893641477321871 ) ) ;
#1667 = LINE ( 'NONE', #1892, #449 ) ;
#1668 = CARTESIAN_POINT ( 'NONE',  ( -60.50000000000001421, 27.75000000000000000, 2.500000000000000000 ) ) ;
#1669 = CIRCLE ( 'NONE', #7887, 1.250000000000001110 ) ;
#1670 = CIRCLE ( 'NONE', #2784, 0.5000000000000004441 ) ;
#1671 = LINE ( 'NONE', #8225, #840 ) ;
#1672 = EDGE_CURVE ( 'NONE', #745, #202, #6360, .T. ) ;
#1673 = CARTESIAN_POINT ( 'NONE',  ( -20.39999999999999503, -32.99999999999999289, -0.3333333333333330373 ) ) ;
#1674 = EDGE_CURVE ( 'NONE', #5255, #49, #6938, .T. ) ;
#1675 = CARTESIAN_POINT ( 'NONE',  ( 1.249999999999996003, -24.33999999999999986, 7.900893641477321871 ) ) ;
#1676 = VECTOR ( 'NONE', #7099, 1000.000000000000000 ) ;
#1677 = ADVANCED_FACE ( 'NONE', ( #1688 ), #5707, .T. ) ;
#1678 = ORIENTED_EDGE ( 'NONE', *, *, #3403, .T. ) ;
#1679 = DIRECTION ( 'NONE',  ( 0.000000000000000000, -0.000000000000000000, -1.000000000000000000 ) ) ;
#1680 = CARTESIAN_POINT ( 'NONE',  ( 22.99999999999996803, 30.00000000000000711, 0.000000000000000000 ) ) ;
#1681 = CARTESIAN_POINT ( 'NONE',  ( 0.000000000000000000, 0.000000000000000000, -1.600000000000000089 ) ) ;
#1682 = CARTESIAN_POINT ( 'NONE',  ( 9.098519419095824290, 3.502162626495983311, 4.369946396850292736 ) ) ;
#1683 = VECTOR ( 'NONE', #3940, 1000.000000000000000 ) ;
#1684 = VERTEX_POINT ( 'NONE', #2283 ) ;
#1685 = DIRECTION ( 'NONE',  ( 0.000000000000000000, -0.000000000000000000, 1.000000000000000000 ) ) ;
#1686 = ADVANCED_FACE ( 'NONE', ( #2934 ), #3641, .F. ) ;
#1687 = VERTEX_POINT ( 'NONE', #192 ) ;
#1688 = FACE_OUTER_BOUND ( 'NONE', #8342, .T. ) ;
#1689 = ORIENTED_EDGE ( 'NONE', *, *, #3031, .F. ) ;
#1690 = VECTOR ( 'NONE', #5368, 1000.000000000000000 ) ;
#1691 = CARTESIAN_POINT ( 'NONE',  ( -17.99999999999999645, 28.99999999999999289, 0.5000000000000000000 ) ) ;
#1692 = CYLINDRICAL_SURFACE ( 'NONE', #2857, 1.249999999999996003 ) ;
#1693 = CYLINDRICAL_SURFACE ( 'NONE', #5238, 0.5000000000000004441 ) ;
#1694 = CARTESIAN_POINT ( 'NONE',  ( 0.000000000000000000, 3.159999999999996145, 4.500000000000000888 ) ) ;
#1695 = CARTESIAN_POINT ( 'NONE',  ( -20.00000000000000355, -33.00000000000001421, -0.8455302476273874879 ) ) ;
#1696 = AXIS2_PLACEMENT_3D ( 'NONE', #550, #5312, #464 ) ;
#1697 = DIRECTION ( 'NONE',  ( -0.000000000000000000, -0.000000000000000000, 1.000000000000000000 ) ) ;
#1698 = VERTEX_POINT ( 'NONE', #7652 ) ;
#1699 = CARTESIAN_POINT ( 'NONE',  ( -4.838201689288179175, -29.19511388567677557, 0.000000000000000000 ) ) ;
#1700 = ORIENTED_EDGE ( 'NONE', *, *, #4496, .F. ) ;
#1701 = DIRECTION ( 'NONE',  ( 1.000000000000000000, 0.000000000000000000, 0.000000000000000000 ) ) ;
#1702 = DIRECTION ( 'NONE',  ( 0.000000000000000000, 0.000000000000000000, -1.000000000000000000 ) ) ;
#1703 = EDGE_LOOP ( 'NONE', ( #3820, #4326, #5277, #3746 ) ) ;
#1704 = VECTOR ( 'NONE', #4538, 1000.000000000000000 ) ;
#1705 = VERTEX_POINT ( 'NONE', #6982 ) ;
#1706 = VERTEX_POINT ( 'NONE', #6317 ) ;
#1707 = VECTOR ( 'NONE', #4219, 1000.000000000000000 ) ;
#1708 = ORIENTED_EDGE ( 'NONE', *, *, #6847, .F. ) ;
#1709 = DIRECTION ( 'NONE',  ( -1.000000000000000000, 0.000000000000000000, 0.000000000000000000 ) ) ;
#1710 = VERTEX_POINT ( 'NONE', #6232 ) ;
#1711 = DIRECTION ( 'NONE',  ( -1.000000000000000000, 0.000000000000000000, 0.000000000000000000 ) ) ;
#1712 = DIRECTION ( 'NONE',  ( 1.000000000000000000, 0.000000000000000000, 0.000000000000000000 ) ) ;
#1713 = CARTESIAN_POINT ( 'NONE',  ( -9.043817252086517655, 3.450240184018303236, 4.413492270693931907 ) ) ;
#1714 = VECTOR ( 'NONE', #8085, 1000.000000000000000 ) ;
#1715 = DIRECTION ( 'NONE',  ( 0.000000000000000000, 1.000000000000000000, 0.000000000000000000 ) ) ;
#1716 = AXIS2_PLACEMENT_3D ( 'NONE', #4874, #6276, #2983 ) ;
#1717 = CARTESIAN_POINT ( 'NONE',  ( -25.59999999999999076, -32.99999999999999289, -0.3333333333333330373 ) ) ;
#1718 = CIRCLE ( 'NONE', #4400, 2.999999999999999112 ) ;
#1719 = FACE_OUTER_BOUND ( 'NONE', #4085, .T. ) ;
#1720 = DIRECTION ( 'NONE',  ( 0.000000000000000000, 0.000000000000000000, -1.000000000000000000 ) ) ;
#1721 = AXIS2_PLACEMENT_3D ( 'NONE', #1339, #6767, #8068 ) ;
#1722 = ORIENTED_EDGE ( 'NONE', *, *, #2357, .T. ) ;
#1723 = DIRECTION ( 'NONE',  ( 1.000000000000000000, 0.000000000000000000, -0.000000000000000000 ) ) ;
#1724 =( NAMED_UNIT ( * ) SI_UNIT ( $, .STERADIAN. ) SOLID_ANGLE_UNIT ( ) );
#1725 = VECTOR ( 'NONE', #2849, 1000.000000000000000 ) ;
#1726 = CARTESIAN_POINT ( 'NONE',  ( -16.49999999999985789, 14.00000000000003020, 2.500000000000000000 ) ) ;
#1727 = EDGE_CURVE ( 'NONE', #3383, #4226, #325, .T. ) ;
#1728 = VECTOR ( 'NONE', #5581, 1000.000000000000000 ) ;
#1729 = ADVANCED_FACE ( 'NONE', ( #799 ), #8367, .T. ) ;
#1730 = ORIENTED_EDGE ( 'NONE', *, *, #7118, .T. ) ;
#1731 = FACE_OUTER_BOUND ( 'NONE', #3211, .T. ) ;
#1732 = ORIENTED_EDGE ( 'NONE', *, *, #6964, .F. ) ;
#1733 = CARTESIAN_POINT ( 'NONE',  ( 7.933623247202887363, -17.31022109763069849, -1.699999999999999956 ) ) ;
#1734 = VERTEX_POINT ( 'NONE', #2325 ) ;
#1735 = CARTESIAN_POINT ( 'NONE',  ( 20.00000000000000355, 33.00000000000000711, -3.000000000000000000 ) ) ;
#1736 = EDGE_CURVE ( 'NONE', #7562, #910, #2235, .T. ) ;
#1737 = EDGE_CURVE ( 'NONE', #4522, #4460, #2527, .T. ) ;
#1738 = CYLINDRICAL_SURFACE ( 'NONE', #5115, 0.5000000000000004441 ) ;
#1739 = CARTESIAN_POINT ( 'NONE',  ( -16.49999999999993605, 21.50000000000001421, 2.000000000000000000 ) ) ;
#1740 = EDGE_CURVE ( 'NONE', #4676, #4460, #2847, .T. ) ;
#1741 = DIRECTION ( 'NONE',  ( 0.000000000000000000, 0.000000000000000000, -1.000000000000000000 ) ) ;
#1742 = DIRECTION ( 'NONE',  ( 1.000000000000000000, 1.734723475976807883E-15, 0.000000000000000000 ) ) ;
#1743 = ORIENTED_EDGE ( 'NONE', *, *, #5579, .T. ) ;
#1744 = CARTESIAN_POINT ( 'NONE',  ( -24.00000000000000000, -30.00000000000001421, -5.837274330926434551 ) ) ;
#1745 = ORIENTED_EDGE ( 'NONE', *, *, #4742, .F. ) ;
#1746 = PRESENTATION_STYLE_ASSIGNMENT (( #2426 ) ) ;
#1747 = CARTESIAN_POINT ( 'NONE',  ( 18.49916709992498909, -24.96580952510775475, 6.249852813616772806 ) ) ;
#1748 = EDGE_LOOP ( 'NONE', ( #683, #8042, #3599, #3535, #1797 ) ) ;
#1749 = ORIENTED_EDGE ( 'NONE', *, *, #4324, .T. ) ;
#1750 = EDGE_CURVE ( 'NONE', #5343, #3982, #8241, .T. ) ;
#1751 = ORIENTED_EDGE ( 'NONE', *, *, #8045, .T. ) ;
#1752 = DIRECTION ( 'NONE',  ( 1.000000000000000000, 0.000000000000000000, 0.000000000000000000 ) ) ;
#1753 = ORIENTED_EDGE ( 'NONE', *, *, #5627, .T. ) ;
#1754 = LINE ( 'NONE', #5727, #1283 ) ;
#1755 = VERTEX_POINT ( 'NONE', #4914 ) ;
#1756 = AXIS2_PLACEMENT_3D ( 'NONE', #3236, #4020, #6086 ) ;
#1757 = DIRECTION ( 'NONE',  ( -0.000000000000000000, -0.000000000000000000, -1.000000000000000000 ) ) ;
#1758 = CARTESIAN_POINT ( 'NONE',  ( -64.50000000000001421, 11.55402910725211463, -2.299999999999999822 ) ) ;
#1759 = CARTESIAN_POINT ( 'NONE',  ( -12.70637256080087951, 3.159999999999996145, 0.07192234969262845112 ) ) ;
#1760 = VECTOR ( 'NONE', #6561, 999.9999999999998863 ) ;
#1761 = DIRECTION ( 'NONE',  ( -1.000000000000000000, 0.000000000000000000, 0.000000000000000000 ) ) ;
#1762 = LINE ( 'NONE', #1006, #4189 ) ;
#1763 = CARTESIAN_POINT ( 'NONE',  ( 26.00000000000001066, -15.83999999999999986, 7.900893641477321871 ) ) ;
#1764 = VERTEX_POINT ( 'NONE', #6273 ) ;
#1765 = FACE_OUTER_BOUND ( 'NONE', #2549, .T. ) ;
#1766 = CARTESIAN_POINT ( 'NONE',  ( 10.18750000000001954, -15.34000000000000341, 7.900893641477321871 ) ) ;
#1767 = EDGE_CURVE ( 'NONE', #6288, #5255, #3601, .T. ) ;
#1768 = CARTESIAN_POINT ( 'NONE',  ( 24.00000000000000711, -30.00000000000001421, -3.000000000000000000 ) ) ;
#1769 = CARTESIAN_POINT ( 'NONE',  ( -16.50000000000001421, 27.75000000000000000, 2.000000000000000000 ) ) ;
#1770 = VECTOR ( 'NONE', #3009, 1000.000000000000000 ) ;
#1771 = CARTESIAN_POINT ( 'NONE',  ( -11.83821597160787853, -22.69778126557361020, -1.600000000000000089 ) ) ;
#1772 = VECTOR ( 'NONE', #3958, 1000.000000000000000 ) ;
#1773 = VERTEX_POINT ( 'NONE', #2415 ) ;
#1774 = CARTESIAN_POINT ( 'NONE',  ( 5.081372560800887506, 3.159999999999996145, 4.500000000000000888 ) ) ;
#1775 = ORIENTED_EDGE ( 'NONE', *, *, #8380, .F. ) ;
#1776 = CARTESIAN_POINT ( 'NONE',  ( 18.50000000000000355, 35.49999999999999289, 0.000000000000000000 ) ) ;
#1777 = ADVANCED_FACE ( 'NONE', ( #3190 ), #6403, .F. ) ;
#1778 = ORIENTED_EDGE ( 'NONE', *, *, #4800, .F. ) ;
#1779 = CARTESIAN_POINT ( 'NONE',  ( 5.062499999999980460, -15.83999999999999986, 7.400893641477320983 ) ) ;
#1780 = EDGE_CURVE ( 'NONE', #3259, #5241, #1093, .T. ) ;
#1781 = CARTESIAN_POINT ( 'NONE',  ( -17.00000000000001421, 27.75000000000000000, 2.000000000000000000 ) ) ;
#1782 = DIRECTION ( 'NONE',  ( 0.000000000000000000, 0.000000000000000000, -1.000000000000000000 ) ) ;
#1783 = CARTESIAN_POINT ( 'NONE',  ( -16.50000000000001421, 29.00000000000000000, 2.500000000000000000 ) ) ;
#1784 = ORIENTED_EDGE ( 'NONE', *, *, #4482, .T. ) ;
#1785 = CARTESIAN_POINT ( 'NONE',  ( -64.38251748251749973, 22.34794318301115368, -2.299999999999999822 ) ) ;
#1786 = VERTEX_POINT ( 'NONE', #5911 ) ;
#1787 = CARTESIAN_POINT ( 'NONE',  ( -24.00000000000000000, -30.00000000000001421, -3.000000000000000000 ) ) ;
#1788 = DIRECTION ( 'NONE',  ( 0.000000000000000000, -0.9761870601839527373, -0.2169304578186561638 ) ) ;
#1789 = ADVANCED_FACE ( 'NONE', ( #5170 ), #5131, .T. ) ;
#1790 = ORIENTED_EDGE ( 'NONE', *, *, #7729, .T. ) ;
#1791 = EDGE_CURVE ( 'NONE', #790, #994, #8622, .T. ) ;
#1792 = ADVANCED_FACE ( 'NONE', ( #1822 ), #5261, .F. ) ;
#1793 = CYLINDRICAL_SURFACE ( 'NONE', #7921, 0.5000000000000000000 ) ;
#1794 = VERTEX_POINT ( 'NONE', #5089 ) ;
#1795 = CYLINDRICAL_SURFACE ( 'NONE', #6143, 0.7999999999999917177 ) ;
#1796 = ADVANCED_FACE ( 'NONE', ( #5865 ), #4382, .F. ) ;
#1797 = ORIENTED_EDGE ( 'NONE', *, *, #2112, .F. ) ;
#1798 = DIRECTION ( 'NONE',  ( -1.000000000000000000, 0.000000000000000000, 0.000000000000000000 ) ) ;
#1799 = EDGE_LOOP ( 'NONE', ( #1745, #7124, #5327, #6678, #4960 ) ) ;
#1800 = CARTESIAN_POINT ( 'NONE',  ( 21.75000000000000000, 33.00000000000000711, -2.200000000000000178 ) ) ;
#1801 = VECTOR ( 'NONE', #7884, 1000.000000000000000 ) ;
#1802 = EDGE_CURVE ( 'NONE', #1764, #1570, #1188, .T. ) ;
#1803 = CARTESIAN_POINT ( 'NONE',  ( 13.99999999999999822, 3.003749999999987264, 0.07192234969262845112 ) ) ;
#1804 = LINE ( 'NONE', #2485, #5425 ) ;
#1805 = CARTESIAN_POINT ( 'NONE',  ( 13.99999999999999822, -24.33999999999999986, 6.363636363636364202 ) ) ;
#1806 = DIRECTION ( 'NONE',  ( -0.000000000000000000, -0.000000000000000000, -1.000000000000000000 ) ) ;
#1807 = PRESENTATION_LAYER_ASSIGNMENT (  '', '', ( #3358 ) ) ;
#1808 = LINE ( 'NONE', #4495, #6604 ) ;
#1809 = DIRECTION ( 'NONE',  ( 0.7071079911327570189, 0.7071055712382677827, 0.000000000000000000 ) ) ;
#1810 = DIRECTION ( 'NONE',  ( 1.000000000000000000, -0.000000000000000000, -0.000000000000000000 ) ) ;
#1811 = EDGE_LOOP ( 'NONE', ( #6428, #3309, #7577, #1009, #3734, #8722, #5820, #116 ) ) ;
#1812 = CARTESIAN_POINT ( 'NONE',  ( 23.00000000000000000, 33.00000000000000711, -2.200000000000000178 ) ) ;
#1813 = AXIS2_PLACEMENT_3D ( 'NONE', #4870, #1504, #149 ) ;
#1814 = DIRECTION ( 'NONE',  ( 1.000000000000000000, -0.000000000000000000, -0.000000000000000000 ) ) ;
#1815 =( BOUNDED_CURVE ( )  B_SPLINE_CURVE ( 3, ( #5297, #6655, #523, #8619 ),
 .UNSPECIFIED., .F., .F. ) 
 B_SPLINE_CURVE_WITH_KNOTS ( ( 4, 4 ),
 ( 4.712388980384689674, 7.853981633974482790 ),
 .UNSPECIFIED. ) 
 CURVE ( )  GEOMETRIC_REPRESENTATION_ITEM ( )  RATIONAL_B_SPLINE_CURVE ( ( 1.000000000000000000, 0.3333333333333333703, 0.3333333333333333703, 1.000000000000000000 ) ) 
 REPRESENTATION_ITEM ( '' )  );
#1816 = AXIS2_PLACEMENT_3D ( 'NONE', #2496, #7158, #7205 ) ;
#1817 = CARTESIAN_POINT ( 'NONE',  ( 8.951547323417640811, 3.321380907951520189, 4.478718870602345525 ) ) ;
#1818 = AXIS2_PLACEMENT_3D ( 'NONE', #7863, #3181, #5860 ) ;
#1819 = ORIENTED_EDGE ( 'NONE', *, *, #4596, .F. ) ;
#1820 = LINE ( 'NONE', #3852, #2950 ) ;
#1821 = ORIENTED_EDGE ( 'NONE', *, *, #5783, .F. ) ;
#1822 = FACE_OUTER_BOUND ( 'NONE', #8648, .T. ) ;
#1823 = ORIENTED_EDGE ( 'NONE', *, *, #7681, .F. ) ;
#1824 = DIRECTION ( 'NONE',  ( 1.734723475976805517E-15, -1.000000000000000000, 0.000000000000000000 ) ) ;
#1825 = VECTOR ( 'NONE', #3518, 1000.000000000000000 ) ;
#1826 = PLANE ( 'NONE',  #6642 ) ;
#1827 = CARTESIAN_POINT ( 'NONE',  ( -67.91000000000001080, 3.159999999999996145, 4.000000000000000000 ) ) ;
#1828 = DIRECTION ( 'NONE',  ( -1.000000000000000000, 1.927470528863119739E-15, -0.000000000000000000 ) ) ;
#1829 = DIRECTION ( 'NONE',  ( -0.000000000000000000, -0.000000000000000000, -1.000000000000000000 ) ) ;
#1830 = ORIENTED_EDGE ( 'NONE', *, *, #4328, .F. ) ;
#1831 = DIRECTION ( 'NONE',  ( 0.000000000000000000, 0.000000000000000000, -1.000000000000000000 ) ) ;
#1832 = AXIS2_PLACEMENT_3D ( 'NONE', #2314, #3093, #3714 ) ;
#1833 = VERTEX_POINT ( 'NONE', #3727 ) ;
#1834 = DIRECTION ( 'NONE',  ( 6.938893903907222067E-15, 1.000000000000000000, 0.000000000000000000 ) ) ;
#1835 = CARTESIAN_POINT ( 'NONE',  ( 18.93493168842264751, -24.08381243783973247, 6.410215920392776212 ) ) ;
#1836 = VERTEX_POINT ( 'NONE', #1776 ) ;
#1837 = ORIENTED_EDGE ( 'NONE', *, *, #8162, .F. ) ;
#1838 = PLANE ( 'NONE',  #7348 ) ;
#1839 = LINE ( 'NONE', #7265, #7787 ) ;
#1840 = VECTOR ( 'NONE', #25, 1000.000000000000000 ) ;
#1841 = LINE ( 'NONE', #4527, #4235 ) ;
#1842 = ADVANCED_FACE ( 'NONE', ( #3764 ), #2498, .F. ) ;
#1843 = ADVANCED_FACE ( 'NONE', ( #8456 ), #1147, .F. ) ;
#1844 = ADVANCED_FACE ( 'NONE', ( #5215 ), #7784, .F. ) ;
#1845 = VERTEX_POINT ( 'NONE', #1057 ) ;
#1846 = FACE_OUTER_BOUND ( 'NONE', #3495, .T. ) ;
#1847 = ORIENTED_EDGE ( 'NONE', *, *, #1511, .T. ) ;
#1848 = CARTESIAN_POINT ( 'NONE',  ( 0.6600000000000019185, 20.78345596729058542, -0.5999999999999999778 ) ) ;
#1849 = VERTEX_POINT ( 'NONE', #5790 ) ;
#1850 = CARTESIAN_POINT ( 'NONE',  ( 1.289536564453628742, 3.244292926283403489, 4.500000000000000888 ) ) ;
#1851 = VECTOR ( 'NONE', #7495, 1000.000000000000000 ) ;
#1852 = CYLINDRICAL_SURFACE ( 'NONE', #1194, 1.250000000000001110 ) ;
#1853 = CARTESIAN_POINT ( 'NONE',  ( 22.99999999999996803, 30.00000000000001421, 0.000000000000000000 ) ) ;
#1854 = DIRECTION ( 'NONE',  ( 5.457557003073101359E-16, -1.000000000000000000, 0.000000000000000000 ) ) ;
#1855 = EDGE_CURVE ( 'NONE', #7583, #2910, #1101, .T. ) ;
#1856 = EDGE_CURVE ( 'NONE', #8421, #8320, #6489, .T. ) ;
#1857 = VECTOR ( 'NONE', #1211, 1000.000000000000000 ) ;
#1858 = ADVANCED_FACE ( 'NONE', ( #8536 ), #1408, .T. ) ;
#1859 = CARTESIAN_POINT ( 'NONE',  ( -15.29999999999998650, 27.49999999999999645, 0.5000000000000000000 ) ) ;
#1860 = CARTESIAN_POINT ( 'NONE',  ( 26.00000000000001066, -15.92944271909999010, 7.892828596527274421 ) ) ;
#1861 = DIRECTION ( 'NONE',  ( 0.000000000000000000, 1.000000000000000000, 0.000000000000000000 ) ) ;
#1862 = ORIENTED_EDGE ( 'NONE', *, *, #65, .F. ) ;
#1863 = DIRECTION ( 'NONE',  ( -0.000000000000000000, 0.000000000000000000, -1.000000000000000000 ) ) ;
#1864 = CARTESIAN_POINT ( 'NONE',  ( -6.375000000000012434, -15.34000000000005670, 7.999999999999989342 ) ) ;
#1865 = VECTOR ( 'NONE', #7927, 1000.000000000000000 ) ;
#1866 = AXIS2_PLACEMENT_3D ( 'NONE', #7565, #2897, #934 ) ;
#1867 = CARTESIAN_POINT ( 'NONE',  ( -16.49999999999997513, -26.34000000000000341, 5.582711823295503528 ) ) ;
#1868 = EDGE_CURVE ( 'NONE', #8076, #5406, #4110, .T. ) ;
#1869 = CARTESIAN_POINT ( 'NONE',  ( -19.40108054020269890, -24.20227503857197249, 6.388677265714147957 ) ) ;
#1870 = VECTOR ( 'NONE', #749, 1000.000000000000000 ) ;
#1871 = AXIS2_PLACEMENT_3D ( 'NONE', #3260, #8723, #6681 ) ;
#1872 = CARTESIAN_POINT ( 'NONE',  ( 0.000000000000000000, 3.159999999999996145, 0.07192234969262845112 ) ) ;
#1873 = ORIENTED_EDGE ( 'NONE', *, *, #8606, .T. ) ;
#1874 =( BOUNDED_CURVE ( )  B_SPLINE_CURVE ( 3, ( #3402, #8132, #2081, #6786 ),
 .UNSPECIFIED., .F., .F. ) 
 B_SPLINE_CURVE_WITH_KNOTS ( ( 4, 4 ),
 ( 4.712388980384689674, 7.853981633974482790 ),
 .UNSPECIFIED. ) 
 CURVE ( )  GEOMETRIC_REPRESENTATION_ITEM ( )  RATIONAL_B_SPLINE_CURVE ( ( 1.000000000000000000, 0.3333333333333333703, 0.3333333333333333703, 1.000000000000000000 ) ) 
 REPRESENTATION_ITEM ( '' )  );
#1875 = CARTESIAN_POINT ( 'NONE',  ( 19.43360100257656953, -30.31024077553544416, -1.699999999999999956 ) ) ;
#1876 = VERTEX_POINT ( 'NONE', #5342 ) ;
#1877 = CARTESIAN_POINT ( 'NONE',  ( -60.50000000000001421, 27.75000000000000000, 2.500000000000000000 ) ) ;
#1878 = FACE_OUTER_BOUND ( 'NONE', #7938, .T. ) ;
#1879 = AXIS2_PLACEMENT_3D ( 'NONE', #4525, #3293, #1164 ) ;
#1880 = VECTOR ( 'NONE', #8252, 1000.000000000000000 ) ;
#1881 = DIRECTION ( 'NONE',  ( 3.469446951953611033E-15, -1.000000000000000000, 0.000000000000000000 ) ) ;
#1882 = FACE_OUTER_BOUND ( 'NONE', #6970, .T. ) ;
#1883 = CARTESIAN_POINT ( 'NONE',  ( -24.57323304310014578, -30.00000000000000711, -0.1788635809607189431 ) ) ;
#1884 = CARTESIAN_POINT ( 'NONE',  ( 9.789711460426731904, 3.623336801509736027, 4.225965562294261346 ) ) ;
#1885 = EDGE_LOOP ( 'NONE', ( #8322, #2093, #7445, #2741 ) ) ;
#1886 = CARTESIAN_POINT ( 'NONE',  ( 23.00000000000000000, 33.00000000000000711, -3.000000000000000000 ) ) ;
#1887 = VERTEX_POINT ( 'NONE', #7332 ) ;
#1888 = LINE ( 'NONE', #2509, #3828 ) ;
#1889 = CARTESIAN_POINT ( 'NONE',  ( 18.68446597413380061, -24.68849016218569759, 6.300274515966238553 ) ) ;
#1890 = VERTEX_POINT ( 'NONE', #8041 ) ;
#1891 = EDGE_CURVE ( 'NONE', #104, #49, #2043, .T. ) ;
#1892 = CARTESIAN_POINT ( 'NONE',  ( -16.49999999999993605, 20.25000000000001421, 0.5000000000000000000 ) ) ;
#1893 = CARTESIAN_POINT ( 'NONE',  ( -2.562500000000003997, -24.33999999999999986, 1.000000000000000000 ) ) ;
#1894 = VERTEX_POINT ( 'NONE', #1232 ) ;
#1895 = VERTEX_POINT ( 'NONE', #3364 ) ;
#1896 = FACE_OUTER_BOUND ( 'NONE', #2285, .T. ) ;
#1897 = ORIENTED_EDGE ( 'NONE', *, *, #1036, .T. ) ;
#1898 = LINE ( 'NONE', #470, #1144 ) ;
#1899 = CARTESIAN_POINT ( 'NONE',  ( -12.85631725208651588, 3.450240184018303236, 4.413492270693931907 ) ) ;
#1900 = ADVANCED_FACE ( 'NONE', ( #5997 ), #2787, .F. ) ;
#1901 = CARTESIAN_POINT ( 'NONE',  ( 5.062499999999984013, 3.003749999999987264, 1.000000000000000000 ) ) ;
#1902 = LINE ( 'NONE', #7277, #5487 ) ;
#1903 = VECTOR ( 'NONE', #2417, 1000.000000000000000 ) ;
#1904 = ADVANCED_FACE ( 'NONE', ( #6699, #7376 ), #6041, .F. ) ;
#1905 = CARTESIAN_POINT ( 'NONE',  ( -4.838190571568130594, -22.69779324348373706, 0.000000000000000000 ) ) ;
#1906 = CARTESIAN_POINT ( 'NONE',  ( -16.99999999999997868, 0.000000000000000000, 2.000000000000000000 ) ) ;
#1907 = EDGE_LOOP ( 'NONE', ( #7503, #8114, #6994, #3909 ) ) ;
#1908 = CARTESIAN_POINT ( 'NONE',  ( -19.49999999999999645, -23.34000000000000341, 6.037257277840958558 ) ) ;
#1909 = CARTESIAN_POINT ( 'NONE',  ( -16.49999999999999645, -23.34000000000000341, 1.000000000000000000 ) ) ;
#1910 = ADVANCED_FACE ( 'NONE', ( #5426 ), #3975, .T. ) ;
#1911 = CARTESIAN_POINT ( 'NONE',  ( -4.838190571568130594, -22.69779324348373706, -1.600000000000000089 ) ) ;
#1912 = ADVANCED_FACE ( 'NONE', ( #3454 ), #6084, .T. ) ;
#1913 = EDGE_CURVE ( 'NONE', #8270, #5753, #4754, .T. ) ;
#1914 = LINE ( 'NONE', #7204, #4792 ) ;
#1915 = DIRECTION ( 'NONE',  ( -1.000000000000000000, 0.000000000000000000, 0.000000000000000000 ) ) ;
#1916 = ADVANCED_FACE ( 'NONE', ( #2703 ), #3933, .F. ) ;
#1917 = ORIENTED_EDGE ( 'NONE', *, *, #2333, .T. ) ;
#1918 = VECTOR ( 'NONE', #5649, 1000.000000000000000 ) ;
#1919 = CARTESIAN_POINT ( 'NONE',  ( 22.99999999999999645, -35.50000000000000000, -91.81441324469805920 ) ) ;
#1920 = ORIENTED_EDGE ( 'NONE', *, *, #7684, .F. ) ;
#1921 = CARTESIAN_POINT ( 'NONE',  ( 6.206182747913467246, 3.450240184018304568, 4.413492270693931019 ) ) ;
#1922 = EDGE_CURVE ( 'NONE', #6859, #1553, #4345, .T. ) ;
#1923 = LINE ( 'NONE', #5175, #2442 ) ;
#1924 = DIRECTION ( 'NONE',  ( -0.000000000000000000, -0.000000000000000000, 1.000000000000000000 ) ) ;
#1925 =( BOUNDED_CURVE ( )  B_SPLINE_CURVE ( 3, ( #217, #2744, #7633, #2169 ),
 .UNSPECIFIED., .F., .F. ) 
 B_SPLINE_CURVE_WITH_KNOTS ( ( 4, 4 ),
 ( 3.141592653589783346, 4.712388980384697668 ),
 .UNSPECIFIED. ) 
 CURVE ( )  GEOMETRIC_REPRESENTATION_ITEM ( )  RATIONAL_B_SPLINE_CURVE ( ( 1.000000000000000000, 0.8047378541243608296, 0.8047378541243608296, 1.000000000000000000 ) ) 
 REPRESENTATION_ITEM ( '' )  );
#1926 = ORIENTED_EDGE ( 'NONE', *, *, #6965, .F. ) ;
#1927 = LINE ( 'NONE', #2094, #3087 ) ;
#1928 = VERTEX_POINT ( 'NONE', #6613 ) ;
#1929 = CARTESIAN_POINT ( 'NONE',  ( -60.49999999999997158, 0.000000000000000000, 2.000000000000000000 ) ) ;
#1930 = ORIENTED_EDGE ( 'NONE', *, *, #2722, .T. ) ;
#1931 = B_SPLINE_CURVE_WITH_KNOTS ( 'NONE', 3,
 ( #1634, #3016, #1817, #4503, #1682, #5823, #7201, #6438 ),
 .UNSPECIFIED., .F., .F.,
 ( 4, 2, 2, 4 ),
 ( 1.734723475976807094E-18, 0.0002558523244315542562, 0.0005117046488631067777, 0.001023409297726213989 ),
 .UNSPECIFIED. ) ;
#1932 = FACE_OUTER_BOUND ( 'NONE', #6207, .T. ) ;
#1933 = ORIENTED_EDGE ( 'NONE', *, *, #3306, .F. ) ;
#1934 = CARTESIAN_POINT ( 'NONE',  ( -18.99999999999999645, -18.42944271910001319, 7.438283141981816726 ) ) ;
#1935 = EDGE_CURVE ( 'NONE', #6234, #3180, #50, .T. ) ;
#1936 = EDGE_LOOP ( 'NONE', ( #6446, #7406, #4181, #4763 ) ) ;
#1937 = CARTESIAN_POINT ( 'NONE',  ( 16.49999999999993250, 3.159999999999996145, 4.000000000000000000 ) ) ;
#1938 = ORIENTED_EDGE ( 'NONE', *, *, #8447, .T. ) ;
#1939 = CARTESIAN_POINT ( 'NONE',  ( 24.00000000000000711, -28.50000000000001066, 0.000000000000000000 ) ) ;
#1940 = DIRECTION ( 'NONE',  ( -0.000000000000000000, -0.000000000000000000, 1.000000000000000000 ) ) ;
#1941 = PLANE ( 'NONE',  #6188 ) ;
#1942 = CARTESIAN_POINT ( 'NONE',  ( -64.26000000000000512, 18.69999999999999929, -2.200000000000000622 ) ) ;
#1943 = EDGE_CURVE ( 'NONE', #8270, #2910, #8135, .T. ) ;
#1944 = DIRECTION ( 'NONE',  ( 0.000000000000000000, 0.000000000000000000, -1.000000000000000000 ) ) ;
#1945 = ORIENTED_EDGE ( 'NONE', *, *, #7718, .F. ) ;
#1946 = CARTESIAN_POINT ( 'NONE',  ( 0.6600000000000008082, -11.74345596729059515, -0.5999999999999999778 ) ) ;
#1947 = DIRECTION ( 'NONE',  ( -0.7071067811865464625, -1.226634733346697585E-16, -0.7071067811865486830 ) ) ;
#1948 = VECTOR ( 'NONE', #6499, 1000.000000000000114 ) ;
#1949 = DIRECTION ( 'NONE',  ( 5.256737805990324790E-17, -1.000000000000000000, 0.000000000000000000 ) ) ;
#1950 = EDGE_CURVE ( 'NONE', #6952, #7579, #8661, .T. ) ;
#1951 = EDGE_CURVE ( 'NONE', #1380, #1773, #6449, .T. ) ;
#1952 = EDGE_CURVE ( 'NONE', #6952, #8621, #946, .T. ) ;
#1953 = CYLINDRICAL_SURFACE ( 'NONE', #3769, 10.00000000000000178 ) ;
#1954 = AXIS2_PLACEMENT_3D ( 'NONE', #3064, #3894, #527 ) ;
#1955 = ORIENTED_EDGE ( 'NONE', *, *, #6289, .F. ) ;
#1956 = AXIS2_PLACEMENT_3D ( 'NONE', #4956, #8365, #8191 ) ;
#1957 = DIRECTION ( 'NONE',  ( -1.000000000000000000, 0.000000000000000000, 0.000000000000000000 ) ) ;
#1958 = EDGE_LOOP ( 'NONE', ( #1830, #8097, #6398, #6251 ) ) ;
#1959 = DIRECTION ( 'NONE',  ( -1.000000000000000000, 5.551115123125700661E-15, 0.000000000000000000 ) ) ;
#1960 = AXIS2_PLACEMENT_3D ( 'NONE', #5028, #3791, #6468 ) ;
#1961 = CARTESIAN_POINT ( 'NONE',  ( 0.000000000000000000, 0.000000000000000000, 4.500000000000000888 ) ) ;
#1962 = ADVANCED_FACE ( 'NONE', ( #4192 ), #4327, .T. ) ;
#1963 = CARTESIAN_POINT ( 'NONE',  ( -61.00000000000001421, 28.99999999999999289, 2.000000000000000000 ) ) ;
#1964 = ORIENTED_EDGE ( 'NONE', *, *, #7107, .F. ) ;
#1965 = CARTESIAN_POINT ( 'NONE',  ( 22.72062516584436764, 22.65705369410401460, -1.800000000000000266 ) ) ;
#1966 = ORIENTED_EDGE ( 'NONE', *, *, #751, .F. ) ;
#1967 = CARTESIAN_POINT ( 'NONE',  ( 8.874999999999994671, -24.33999999999999986, 7.900893641477321871 ) ) ;
#1968 = DIRECTION ( 'NONE',  ( -0.000000000000000000, -0.000000000000000000, 1.000000000000000000 ) ) ;
#1969 = EDGE_LOOP ( 'NONE', ( #126, #4706, #6579, #4841 ) ) ;
#1970 = SURFACE_STYLE_FILL_AREA ( #8553 ) ;
#1971 = CARTESIAN_POINT ( 'NONE',  ( -8.874999999999976907, -15.34000000000000341, 1.000000000000000000 ) ) ;
#1972 = VECTOR ( 'NONE', #3308, 1000.000000000000000 ) ;
#1973 = ORIENTED_EDGE ( 'NONE', *, *, #4096, .T. ) ;
#1974 = EDGE_LOOP ( 'NONE', ( #1657, #8251, #6917, #1492, #4350, #6689 ) ) ;
#1975 = DIRECTION ( 'NONE',  ( 0.000000000000000000, -1.000000000000000000, 0.000000000000000000 ) ) ;
#1976 = ORIENTED_EDGE ( 'NONE', *, *, #7671, .F. ) ;
#1977 = AXIS2_PLACEMENT_3D ( 'NONE', #7236, #1213, #3919 ) ;
#1978 = DIRECTION ( 'NONE',  ( 1.000000000000000000, -9.637352644315597708E-17, 0.000000000000000000 ) ) ;
#1979 = EDGE_CURVE ( 'NONE', #5844, #4311, #5882, .T. ) ;
#1980 = ORIENTED_EDGE ( 'NONE', *, *, #7670, .T. ) ;
#1981 = EDGE_LOOP ( 'NONE', ( #6720, #6023, #2347, #1313 ) ) ;
#1982 = CIRCLE ( 'NONE', #8618, 0.7999999999999933831 ) ;
#1983 = ORIENTED_EDGE ( 'NONE', *, *, #8581, .T. ) ;
#1984 = CARTESIAN_POINT ( 'NONE',  ( -23.00000000000000000, 33.00000000000000000, -9.553910524340087917 ) ) ;
#1985 = ORIENTED_EDGE ( 'NONE', *, *, #7776, .F. ) ;
#1986 = CARTESIAN_POINT ( 'NONE',  ( -16.49999999999997513, -15.34000000000000163, 7.400893641477320983 ) ) ;
#1987 = DIRECTION ( 'NONE',  ( -1.000000000000000000, 0.000000000000000000, 0.000000000000000000 ) ) ;
#1988 = DIRECTION ( 'NONE',  ( -1.000000000000000000, 0.000000000000000000, 0.000000000000000000 ) ) ;
#1989 = CARTESIAN_POINT ( 'NONE',  ( -61.00000000000001421, 11.55402910725211463, -4.599999999999999645 ) ) ;
#1990 = VECTOR ( 'NONE', #3284, 1000.000000000000000 ) ;
#1991 = EDGE_CURVE ( 'NONE', #5239, #2490, #833, .T. ) ;
#1992 = CARTESIAN_POINT ( 'NONE',  ( 2.035710019222793932, 3.659999999999997478, 4.113001826540978456 ) ) ;
#1993 = AXIS2_PLACEMENT_3D ( 'NONE', #6691, #1944, #2034 ) ;
#1994 = CARTESIAN_POINT ( 'NONE',  ( 22.99999999999999645, 35.99999999999999289, -3.000000000000002665 ) ) ;
#1995 = AXIS2_PLACEMENT_3D ( 'NONE', #5540, #3564, #3687 ) ;
#1996 = VERTEX_POINT ( 'NONE', #3673 ) ;
#1997 = DIRECTION ( 'NONE',  ( 0.000000000000000000, 0.000000000000000000, -1.000000000000000000 ) ) ;
#1998 = ORIENTED_EDGE ( 'NONE', *, *, #8084, .T. ) ;
#1999 = CARTESIAN_POINT ( 'NONE',  ( -60.99999999999985079, 12.74999999999999822, 1.000000000000000000 ) ) ;
#2000 = DIRECTION ( 'NONE',  ( 0.000000000000000000, 0.1788854381999798460, -0.9838699100999082070 ) ) ;
#2001 = ADVANCED_FACE ( 'NONE', ( #4807 ), #3548, .T. ) ;
#2002 = VECTOR ( 'NONE', #6385, 1000.000000000000000 ) ;
#2003 = VECTOR ( 'NONE', #2436, 1000.000000000000000 ) ;
#2004 = CARTESIAN_POINT ( 'NONE',  ( -11.83822794951800716, -29.69780666561336346, -1.600000000000000089 ) ) ;
#2005 = VERTEX_POINT ( 'NONE', #4948 ) ;
#2006 = FACE_OUTER_BOUND ( 'NONE', #2668, .T. ) ;
#2007 = EDGE_LOOP ( 'NONE', ( #7618, #4657, #7698, #5840 ) ) ;
#2008 = DIRECTION ( 'NONE',  ( 0.000000000000000000, 0.000000000000000000, 1.000000000000000000 ) ) ;
#2009 = CARTESIAN_POINT ( 'NONE',  ( 25.50000000000000711, -28.50000000000001066, -3.000000000000002665 ) ) ;
#2010 = AXIS2_PLACEMENT_3D ( 'NONE', #8035, #8694, #3357 ) ;
#2011 = VERTEX_POINT ( 'NONE', #789 ) ;
#2012 = CIRCLE ( 'NONE', #4261, 0.4999999999999995559 ) ;
#2013 = ADVANCED_FACE ( 'NONE', ( #6349 ), #8312, .F. ) ;
#2014 = FILL_AREA_STYLE ('',( #8713 ) ) ;
#2015 = ADVANCED_FACE ( 'NONE', ( #2835 ), #2924, .T. ) ;
#2017 = EDGE_CURVE ( 'NONE', #821, #4522, #2272, .T. ) ;
#2016 = CARTESIAN_POINT ( 'NONE',  ( -12.68749999999999467, -24.33999999999999986, 1.000000000000000000 ) ) ;
#2018 = DIRECTION ( 'NONE',  ( 1.000000000000000000, 0.000000000000000000, 0.000000000000000000 ) ) ;
#2019 = AXIS2_PLACEMENT_3D ( 'NONE', #6703, #4067, #793 ) ;
#2020 = AXIS2_PLACEMENT_3D ( 'NONE', #2635, #5308, #3121 ) ;
#2021 = ORIENTED_EDGE ( 'NONE', *, *, #4476, .T. ) ;
#2022 = CARTESIAN_POINT ( 'NONE',  ( 23.00000000000000000, 33.00000000000000711, 0.000000000000000000 ) ) ;
#2023 = ORIENTED_EDGE ( 'NONE', *, *, #8704, .T. ) ;
#2024 = CARTESIAN_POINT ( 'NONE',  ( -1.249999999999979128, -15.34000000000000341, 7.900893641477321871 ) ) ;
#2025 = ORIENTED_EDGE ( 'NONE', *, *, #7441, .F. ) ;
#2026 = DIRECTION ( 'NONE',  ( 0.7071055712382683378, -0.7071079911327564638, 0.000000000000000000 ) ) ;
#2027 = ADVANCED_FACE ( 'NONE', ( #3496 ), #2129, .F. ) ;
#2028 = LINE ( 'NONE', #35, #7404 ) ;
#2029 = EDGE_CURVE ( 'NONE', #5341, #1710, #1451, .T. ) ;
#2030 = CYLINDRICAL_SURFACE ( 'NONE', #2119, 2.599999999999998312 ) ;
#2031 = VERTEX_POINT ( 'NONE', #1592 ) ;
#2032 = ORIENTED_EDGE ( 'NONE', *, *, #8046, .F. ) ;
#2033 = ORIENTED_EDGE ( 'NONE', *, *, #7496, .F. ) ;
#2034 = DIRECTION ( 'NONE',  ( -1.000000000000000000, 0.000000000000000000, 0.000000000000000000 ) ) ;
#2035 = ORIENTED_EDGE ( 'NONE', *, *, #6034, .T. ) ;
#2036 = CARTESIAN_POINT ( 'NONE',  ( -16.49999999999997513, 25.25000000000000711, 2.500000000000000000 ) ) ;
#2037 = CARTESIAN_POINT ( 'NONE',  ( 13.99999999999999822, 3.003749999999987264, 1.000000000000000000 ) ) ;
#2038 = CARTESIAN_POINT ( 'NONE',  ( 1.249999999999976019, -15.34000000000000341, 7.400893641477320983 ) ) ;
#2039 = VECTOR ( 'NONE', #2370, 1000.000000000000000 ) ;
#2040 = FACE_OUTER_BOUND ( 'NONE', #2970, .T. ) ;
#2041 = EDGE_CURVE ( 'NONE', #8621, #528, #5524, .T. ) ;
#2042 = VERTEX_POINT ( 'NONE', #8230 ) ;
#2043 = LINE ( 'NONE', #1359, #8159 ) ;
#2044 = VERTEX_POINT ( 'NONE', #2179 ) ;
#2045 = CARTESIAN_POINT ( 'NONE',  ( -17.96446609406725869, -25.92944271909998832, 6.074646778345456966 ) ) ;
#2046 = CARTESIAN_POINT ( 'NONE',  ( 19.50000000000000355, -18.34000000000002473, 6.946348186931863289 ) ) ;
#2047 = VECTOR ( 'NONE', #8083, 1000.000000000000000 ) ;
#2048 = DIRECTION ( 'NONE',  ( 3.469446951953611033E-15, -1.000000000000000000, 0.000000000000000000 ) ) ;
#2049 = ORIENTED_EDGE ( 'NONE', *, *, #7672, .F. ) ;
#2050 = DIRECTION ( 'NONE',  ( -1.896380255952778525E-15, -0.9838699100999075409, -0.1788854381999831766 ) ) ;
#2051 = ORIENTED_EDGE ( 'NONE', *, *, #3416, .F. ) ;
#2052 = CARTESIAN_POINT ( 'NONE',  ( 2.562500000000019540, -15.34000000000000341, 7.900893641477321871 ) ) ;
#2053 = EDGE_CURVE ( 'NONE', #7157, #3854, #4285, .T. ) ;
#2054 = DIRECTION ( 'NONE',  ( 7.016859003951130319E-16, -1.000000000000000000, -0.000000000000000000 ) ) ;
#2055 = EDGE_LOOP ( 'NONE', ( #8182, #6287, #8347, #4772 ) ) ;
#2056 = LINE ( 'NONE', #6055, #2455 ) ;
#2057 =( GEOMETRIC_REPRESENTATION_CONTEXT ( 3 ) GLOBAL_UNCERTAINTY_ASSIGNED_CONTEXT ( ( #5150 ) ) GLOBAL_UNIT_ASSIGNED_CONTEXT ( ( #7401, #7529, #2256 ) ) REPRESENTATION_CONTEXT ( 'NONE', 'WORKASPACE' ) );
#2058 = CARTESIAN_POINT ( 'NONE',  ( 22.99999999999999645, -36.00000000000000000, -1.000000000000000000 ) ) ;
#2059 = DIRECTION ( 'NONE',  ( -0.000000000000000000, -0.000000000000000000, 1.000000000000000000 ) ) ;
#2060 = ORIENTED_EDGE ( 'NONE', *, *, #6187, .F. ) ;
#2061 = EDGE_CURVE ( 'NONE', #5741, #1438, #8271, .T. ) ;
#2062 = CYLINDRICAL_SURFACE ( 'NONE', #2244, 0.6562500000000109912 ) ;
#2063 = EDGE_CURVE ( 'NONE', #949, #6097, #4238, .T. ) ;
#2064 = VERTEX_POINT ( 'NONE', #271 ) ;
#2065 = DIRECTION ( 'NONE',  ( 1.927470528863119739E-15, -1.000000000000000000, 0.000000000000000000 ) ) ;
#2066 = LINE ( 'NONE', #5449, #8572 ) ;
#2067 = ORIENTED_EDGE ( 'NONE', *, *, #2243, .F. ) ;
#2068 = CYLINDRICAL_SURFACE ( 'NONE', #5522, 2.999999999999999112 ) ;
#2069 = FACE_OUTER_BOUND ( 'NONE', #2317, .T. ) ;
#2070 = CARTESIAN_POINT ( 'NONE',  ( -16.49999999999993605, 20.25000000000001421, 2.500000000000000000 ) ) ;
#2071 = ADVANCED_FACE ( 'NONE', ( #3591 ), #2969, .F. ) ;
#2072 = ORIENTED_EDGE ( 'NONE', *, *, #8233, .T. ) ;
#2073 = VERTEX_POINT ( 'NONE', #7819 ) ;
#2074 = EDGE_CURVE ( 'NONE', #1347, #6181, #7772, .T. ) ;
#2075 = EDGE_LOOP ( 'NONE', ( #995, #8335 ) ) ;
#2076 = CARTESIAN_POINT ( 'NONE',  ( 23.00000000000000000, -33.00000000000000711, 0.000000000000000000 ) ) ;
#2077 = VERTEX_POINT ( 'NONE', #478 ) ;
#2078 = STYLED_ITEM ( 'NONE', ( #2478 ), #2 ) ;
#2079 = CARTESIAN_POINT ( 'NONE',  ( -18.25735931288071257, -26.33999999999999986, 5.582711823295504416 ) ) ;
#2080 = LINE ( 'NONE', #608, #2047 ) ;
#2081 = CARTESIAN_POINT ( 'NONE',  ( 25.59999999999999787, -27.80000000000001137, 0.8222222222222186350 ) ) ;
#2082 = AXIS2_PLACEMENT_3D ( 'NONE', #6791, #6969, #7500 ) ;
#2083 = CARTESIAN_POINT ( 'NONE',  ( -19.49999999999999645, -23.34000000000000341, 6.037257277840958558 ) ) ;
#2084 = EDGE_LOOP ( 'NONE', ( #1641, #1498, #525, #4808 ) ) ;
#2085 = CARTESIAN_POINT ( 'NONE',  ( -1.249999999999987121, 3.003749999999987264, 0.07192234969262845112 ) ) ;
#2086 = VERTEX_POINT ( 'NONE', #5209 ) ;
#2087 = AXIS2_PLACEMENT_3D ( 'NONE', #6906, #856, #6245 ) ;
#2088 = FACE_OUTER_BOUND ( 'NONE', #1981, .T. ) ;
#2089 = DIRECTION ( 'NONE',  ( -1.559302000878028960E-16, 1.000000000000000000, -0.000000000000000000 ) ) ;
#2090 = VECTOR ( 'NONE', #5582, 1000.000000000000000 ) ;
#2091 = CARTESIAN_POINT ( 'NONE',  ( 2.562500000000019540, -15.34000000000000341, 7.900893641477321871 ) ) ;
#2092 = CIRCLE ( 'NONE', #3080, 0.6562500000000109912 ) ;
#2093 = ORIENTED_EDGE ( 'NONE', *, *, #4812, .F. ) ;
#2094 = CARTESIAN_POINT ( 'NONE',  ( -5.062499999999995559, -24.33999999999999986, 7.900893641477321871 ) ) ;
#2095 = VERTEX_POINT ( 'NONE', #8444 ) ;
#2096 = CARTESIAN_POINT ( 'NONE',  ( -60.50000000000001421, 8.999999999999998224, 2.500000000000000000 ) ) ;
#2097 = DIRECTION ( 'NONE',  ( 0.000000000000000000, 0.000000000000000000, -1.000000000000000000 ) ) ;
#2098 = VERTEX_POINT ( 'NONE', #2405 ) ;
#2099 = VECTOR ( 'NONE', #3090, 1000.000000000000000 ) ;
#2100 = CARTESIAN_POINT ( 'NONE',  ( -16.49999999999985789, 14.00000000000003020, 0.5000000000000000000 ) ) ;
#2101 = AXIS2_PLACEMENT_3D ( 'NONE', #3462, #2754, #4769 ) ;
#2102 = CARTESIAN_POINT ( 'NONE',  ( -17.28524366270633905, -26.26191802601669423, 5.594542425414194220 ) ) ;
#2103 = CARTESIAN_POINT ( 'NONE',  ( -61.00000000000001421, 28.99999999999999289, 2.500000000000000000 ) ) ;
#2104 = CARTESIAN_POINT ( 'NONE',  ( 26.00000000000001066, -15.83999999999999986, 7.400893641477320983 ) ) ;
#2105 = VERTEX_POINT ( 'NONE', #5164 ) ;
#2106 = CARTESIAN_POINT ( 'NONE',  ( -13.34374999999998757, 3.003749999999987264, 0.07192234969262845112 ) ) ;
#2107 = ORIENTED_EDGE ( 'NONE', *, *, #849, .T. ) ;
#2108 = FACE_OUTER_BOUND ( 'NONE', #4179, .T. ) ;
#2109 = VERTEX_POINT ( 'NONE', #397 ) ;
#2110 = DIRECTION ( 'NONE',  ( -0.000000000000000000, -0.000000000000000000, 1.000000000000000000 ) ) ;
#2112 = EDGE_CURVE ( 'NONE', #3570, #6859, #1050, .T. ) ;
#2111 = CARTESIAN_POINT ( 'NONE',  ( 26.00000000000000711, 32.99999999999999289, 1.000000000000000000 ) ) ;
#2113 = AXIS2_PLACEMENT_3D ( 'NONE', #1942, #7902, #7320 ) ;
#2114 = ADVANCED_FACE ( 'NONE', ( #8401 ), #436, .T. ) ;
#2115 = ORIENTED_EDGE ( 'NONE', *, *, #2241, .T. ) ;
#2116 = VERTEX_POINT ( 'NONE', #5700 ) ;
#2117 = VERTEX_POINT ( 'NONE', #8569 ) ;
#2118 = DIRECTION ( 'NONE',  ( 0.000000000000000000, 0.000000000000000000, -1.000000000000000000 ) ) ;
#2119 = AXIS2_PLACEMENT_3D ( 'NONE', #2773, #5412, #4789 ) ;
#2120 = ORIENTED_EDGE ( 'NONE', *, *, #2053, .F. ) ;
#2121 = PLANE ( 'NONE',  #3513 ) ;
#2122 = DIRECTION ( 'NONE',  ( 0.000000000000000000, 1.000000000000000000, 0.000000000000000000 ) ) ;
#2123 = FACE_OUTER_BOUND ( 'NONE', #7651, .T. ) ;
#2124 = EDGE_CURVE ( 'NONE', #6614, #1031, #1669, .T. ) ;
#2125 = ADVANCED_FACE ( 'NONE', ( #1765 ), #7908, .F. ) ;
#2126 = DIRECTION ( 'NONE',  ( -1.855190384030752645E-15, 1.000000000000000000, 0.000000000000000000 ) ) ;
#2127 = CARTESIAN_POINT ( 'NONE',  ( 19.99999999999999645, 32.99999999999999289, 0.000000000000000000 ) ) ;
#2128 = ORIENTED_EDGE ( 'NONE', *, *, #2884, .F. ) ;
#2129 = PLANE ( 'NONE',  #1364 ) ;
#2130 = ORIENTED_EDGE ( 'NONE', *, *, #5185, .F. ) ;
#2131 = CARTESIAN_POINT ( 'NONE',  ( 20.00000000000000355, 33.00000000000000711, -3.000000000000000000 ) ) ;
#2132 = EDGE_CURVE ( 'NONE', #2236, #1347, #6480, .T. ) ;
#2133 = CARTESIAN_POINT ( 'NONE',  ( -60.61000000000001364, 18.69999999999999929, -2.299999999999999822 ) ) ;
#2134 = DIRECTION ( 'NONE',  ( -0.000000000000000000, -1.000000000000000000, -0.000000000000000000 ) ) ;
#2135 = VECTOR ( 'NONE', #379, 1000.000000000000000 ) ;
#2136 = DIRECTION ( 'NONE',  ( -0.000000000000000000, -0.000000000000000000, 1.000000000000000000 ) ) ;
#2137 = ORIENTED_EDGE ( 'NONE', *, *, #6202, .T. ) ;
#2138 = DIRECTION ( 'NONE',  ( 0.000000000000000000, 0.000000000000000000, 1.000000000000000000 ) ) ;
#2139 = ORIENTED_EDGE ( 'NONE', *, *, #917, .F. ) ;
#2140 = PLANE ( 'NONE',  #22 ) ;
#2141 = LINE ( 'NONE', #3423, #251 ) ;
#2142 = ORIENTED_EDGE ( 'NONE', *, *, #5690, .T. ) ;
#2143 = CARTESIAN_POINT ( 'NONE',  ( -17.00000000000001421, 27.75000000000000000, 2.500000000000000000 ) ) ;
#2144 = AXIS2_PLACEMENT_3D ( 'NONE', #1124, #3833, #345 ) ;
#2145 = DIRECTION ( 'NONE',  ( -0.000000000000000000, 1.000000000000000000, -0.000000000000000000 ) ) ;
#2146 = FACE_OUTER_BOUND ( 'NONE', #7197, .T. ) ;
#2147 = FACE_OUTER_BOUND ( 'NONE', #4698, .T. ) ;
#2148 = DIRECTION ( 'NONE',  ( 0.7071067811865479058, 0.7071067811865472397, 0.000000000000000000 ) ) ;
#2149 = FACE_OUTER_BOUND ( 'NONE', #2007, .T. ) ;
#2150 = EDGE_LOOP ( 'NONE', ( #4708, #6157, #1650, #2162 ) ) ;
#2151 = CIRCLE ( 'NONE', #728, 0.4999999999999995559 ) ;
#2152 = CARTESIAN_POINT ( 'NONE',  ( -2.393675183967478581, 3.450248910364980048, 4.413486547004837668 ) ) ;
#2153 = VECTOR ( 'NONE', #4429, 1000.000000000000000 ) ;
#2154 = ORIENTED_EDGE ( 'NONE', *, *, #5501, .T. ) ;
#2155 = CARTESIAN_POINT ( 'NONE',  ( -29.49999999999999289, -0.5000000000000056621, -2.299999999999999822 ) ) ;
#2156 = DIRECTION ( 'NONE',  ( 0.000000000000000000, 1.000000000000000000, 0.000000000000000000 ) ) ;
#2157 = ORIENTED_EDGE ( 'NONE', *, *, #8038, .T. ) ;
#2158 = DIRECTION ( 'NONE',  ( 0.000000000000000000, 0.000000000000000000, 1.000000000000000000 ) ) ;
#2159 =( GEOMETRIC_REPRESENTATION_CONTEXT ( 3 ) GLOBAL_UNCERTAINTY_ASSIGNED_CONTEXT ( ( #4355 ) ) GLOBAL_UNIT_ASSIGNED_CONTEXT ( ( #4075, #3468, #5438 ) ) REPRESENTATION_CONTEXT ( 'NONE', 'WORKASPACE' ) );
#2160 = DIRECTION ( 'NONE',  ( 1.000000000000000000, 0.000000000000000000, 0.000000000000000000 ) ) ;
#2161 = VECTOR ( 'NONE', #7939, 1000.000000000000000 ) ;
#2162 = ORIENTED_EDGE ( 'NONE', *, *, #6400, .F. ) ;
#2163 = ORIENTED_EDGE ( 'NONE', *, *, #7246, .T. ) ;
#2164 = LINE ( 'NONE', #3618, #28 ) ;
#2165 = VERTEX_POINT ( 'NONE', #6436 ) ;
#2166 = ADVANCED_FACE ( 'NONE', ( #3102 ), #3145, .F. ) ;
#2167 = CYLINDRICAL_SURFACE ( 'NONE', #4759, 2.999999999999999112 ) ;
#2168 = CARTESIAN_POINT ( 'NONE',  ( -61.00000000000001421, 2.999999999999990674, -2.299999999999999822 ) ) ;
#2169 = CARTESIAN_POINT ( 'NONE',  ( -18.99999999999999645, -18.42944271910001319, 7.438283141981816726 ) ) ;
#2170 = CARTESIAN_POINT ( 'NONE',  ( 16.49999999999999289, -24.33999999999999986, 7.900893641477321871 ) ) ;
#2171 = CARTESIAN_POINT ( 'NONE',  ( -16.49999999999997513, 24.00000000000000711, 2.500000000000000000 ) ) ;
#2172 = EDGE_CURVE ( 'NONE', #3932, #3077, #657, .T. ) ;
#2173 = ADVANCED_FACE ( 'NONE', ( #2450 ), #5124, .T. ) ;
#2174 = CARTESIAN_POINT ( 'NONE',  ( 24.75735931288071967, -36.00000000000000000, -0.9999999999999995559 ) ) ;
#2175 = EDGE_CURVE ( 'NONE', #2095, #6196, #6878, .T. ) ;
#2176 = EDGE_CURVE ( 'NONE', #7381, #7715, #3844, .T. ) ;
#2177 = VERTEX_POINT ( 'NONE', #1180 ) ;
#2178 = ADVANCED_FACE ( 'NONE', ( #2533 ), #3885, .F. ) ;
#2179 = CARTESIAN_POINT ( 'NONE',  ( 25.59999999999999787, -33.00000000000000711, -2.200000000000000622 ) ) ;
#2180 = ORIENTED_EDGE ( 'NONE', *, *, #7661, .T. ) ;
#2181 = DIRECTION ( 'NONE',  ( 1.000000000000000000, 1.855190384030753040E-15, 0.000000000000000000 ) ) ;
#2182 = DIRECTION ( 'NONE',  ( -0.000000000000000000, 0.000000000000000000, 1.000000000000000000 ) ) ;
#2183 = EDGE_CURVE ( 'NONE', #7028, #7783, #6167, .T. ) ;
#2184 = CARTESIAN_POINT ( 'NONE',  ( -8.874999999999976907, -15.34000000000000341, 4.500000000000000888 ) ) ;
#2185 = ORIENTED_EDGE ( 'NONE', *, *, #751, .T. ) ;
#2186 = DIRECTION ( 'NONE',  ( 0.000000000000000000, 0.000000000000000000, 1.000000000000000000 ) ) ;
#2187 = EDGE_CURVE ( 'NONE', #6463, #4871, #5059, .T. ) ;
#2188 = ORIENTED_EDGE ( 'NONE', *, *, #3520, .T. ) ;
#2189 = DIRECTION ( 'NONE',  ( 0.000000000000000000, 0.1788854381999834819, -0.9838699100999074298 ) ) ;
#2190 = VECTOR ( 'NONE', #701, 1000.000000000000114 ) ;
#2191 = EDGE_CURVE ( 'NONE', #6465, #8382, #4623, .T. ) ;
#2192 = DIRECTION ( 'NONE',  ( 0.000000000000000000, 1.000000000000000000, 0.000000000000000000 ) ) ;
#2193 = ORIENTED_EDGE ( 'NONE', *, *, #432, .F. ) ;
#2194 = DIRECTION ( 'NONE',  ( -0.000000000000000000, -0.000000000000000000, 1.000000000000000000 ) ) ;
#2195 = DIRECTION ( 'NONE',  ( 0.000000000000000000, -0.000000000000000000, 1.000000000000000000 ) ) ;
#2196 = CARTESIAN_POINT ( 'NONE',  ( -16.99999999999993605, 21.50000000000001421, 2.500000000000000000 ) ) ;
#2197 = DIRECTION ( 'NONE',  ( 1.000000000000000000, 0.000000000000000000, 0.000000000000000000 ) ) ;
#2198 = VECTOR ( 'NONE', #2122, 1000.000000000000000 ) ;
#2199 = DIRECTION ( 'NONE',  ( 1.000000000000000000, 0.000000000000000000, 0.000000000000000000 ) ) ;
#2200 = DIRECTION ( 'NONE',  ( -0.000000000000000000, -0.000000000000000000, 1.000000000000000000 ) ) ;
#2201 = VERTEX_POINT ( 'NONE', #6780 ) ;
#2202 = FACE_OUTER_BOUND ( 'NONE', #7454, .T. ) ;
#2203 = ORIENTED_EDGE ( 'NONE', *, *, #4838, .T. ) ;
#2204 = CARTESIAN_POINT ( 'NONE',  ( 5.718749999999994671, 3.003749999999987264, 4.500000000000000888 ) ) ;
#2205 = CARTESIAN_POINT ( 'NONE',  ( -60.99999999999997158, 25.25000000000000000, 1.000000000000000000 ) ) ;
#2206 = ORIENTED_EDGE ( 'NONE', *, *, #2191, .F. ) ;
#2207 = DIRECTION ( 'NONE',  ( -1.000000000000000000, 0.000000000000000000, 0.000000000000000000 ) ) ;
#2208 = CARTESIAN_POINT ( 'NONE',  ( 19.43360291069673806, -29.19511388567677557, -0.000000000000000000 ) ) ;
#2209 = VECTOR ( 'NONE', #1308, 1000.000000000000000 ) ;
#2210 = ORIENTED_EDGE ( 'NONE', *, *, #7776, .T. ) ;
#2211 = VERTEX_POINT ( 'NONE', #691 ) ;
#2212 = EDGE_LOOP ( 'NONE', ( #6605, #938, #3662, #731 ) ) ;
#2213 = VERTEX_POINT ( 'NONE', #5419 ) ;
#2214 = LINE ( 'NONE', #7582, #5934 ) ;
#2215 = ORIENTED_EDGE ( 'NONE', *, *, #4589, .F. ) ;
#2216 = FACE_OUTER_BOUND ( 'NONE', #7704, .T. ) ;
#2217 = CARTESIAN_POINT ( 'NONE',  ( -16.49999999999985789, 14.00000000000003020, 2.500000000000000000 ) ) ;
#2218 = CARTESIAN_POINT ( 'NONE',  ( 13.99999999999999822, -24.33999999999999986, 7.900893641477321871 ) ) ;
#2219 = PLANE ( 'NONE',  #3816 ) ;
#2220 = EDGE_CURVE ( 'NONE', #6955, #4570, #7325, .T. ) ;
#2221 = LINE ( 'NONE', #3546, #4741 ) ;
#2222 = VERTEX_POINT ( 'NONE', #4012 ) ;
#2223 = DIRECTION ( 'NONE',  ( -0.000000000000000000, -0.000000000000000000, 1.000000000000000000 ) ) ;
#2224 = ORIENTED_EDGE ( 'NONE', *, *, #2309, .T. ) ;
#2225 = LINE ( 'NONE', #4902, #4709 ) ;
#2226 = DIRECTION ( 'NONE',  ( 1.000000000000000000, 0.000000000000000000, 0.000000000000000000 ) ) ;
#2227 = CARTESIAN_POINT ( 'NONE',  ( -22.99999999999999289, -32.99999999999999289, -2.200000000000000622 ) ) ;
#2228 = EDGE_CURVE ( 'NONE', #2343, #5279, #6693, .T. ) ;
#2229 = EDGE_CURVE ( 'NONE', #1706, #613, #4752, .T. ) ;
#2230 = EDGE_CURVE ( 'NONE', #4830, #834, #1524, .T. ) ;
#2231 = ORIENTED_EDGE ( 'NONE', *, *, #7303, .T. ) ;
#2232 = DIRECTION ( 'NONE',  ( 1.000000000000000000, 0.000000000000000000, 0.000000000000000000 ) ) ;
#2233 = CIRCLE ( 'NONE', #6595, 0.7999999999999917177 ) ;
#2234 = ORIENTED_EDGE ( 'NONE', *, *, #4629, .T. ) ;
#2235 = LINE ( 'NONE', #2368, #3361 ) ;
#2236 = VERTEX_POINT ( 'NONE', #7281 ) ;
#2237 = LINE ( 'NONE', #6319, #2889 ) ;
#2238 = DIRECTION ( 'NONE',  ( -0.000000000000000000, -0.000000000000000000, -1.000000000000000000 ) ) ;
#2239 = CARTESIAN_POINT ( 'NONE',  ( -17.26678088154093516, -26.26541969493339934, 6.013560055466504295 ) ) ;
#2240 = CARTESIAN_POINT ( 'NONE',  ( 19.42191802610755857, -17.55475633751301956, 7.065324499429964433 ) ) ;
#2241 = EDGE_CURVE ( 'NONE', #2177, #2637, #5256, .T. ) ;
#2242 = CIRCLE ( 'NONE', #4479, 0.5000000000000004441 ) ;
#2243 = EDGE_CURVE ( 'NONE', #1452, #3757, #6074, .T. ) ;
#2244 = AXIS2_PLACEMENT_3D ( 'NONE', #2106, #8718, #3298 ) ;
#2245 = DIRECTION ( 'NONE',  ( 0.000000000000000000, 0.000000000000000000, -1.000000000000000000 ) ) ;
#2246 = EDGE_CURVE ( 'NONE', #7093, #4817, #3225, .T. ) ;
#2247 = LINE ( 'NONE', #937, #3930 ) ;
#2248 = ORIENTED_EDGE ( 'NONE', *, *, #4001, .F. ) ;
#2249 = LINE ( 'NONE', #5635, #2385 ) ;
#2250 = ORIENTED_EDGE ( 'NONE', *, *, #3043, .T. ) ;
#2251 = CARTESIAN_POINT ( 'NONE',  ( 26.00000000000001066, -15.83999999999999986, 7.900893641477321871 ) ) ;
#2252 = LINE ( 'NONE', #1033, #5044 ) ;
#2253 = VERTEX_POINT ( 'NONE', #3965 ) ;
#2254 = VECTOR ( 'NONE', #1545, 1000.000000000000000 ) ;
#2255 = AXIS2_PLACEMENT_3D ( 'NONE', #3420, #1286, #1417 ) ;
#2256 =( NAMED_UNIT ( * ) SI_UNIT ( $, .STERADIAN. ) SOLID_ANGLE_UNIT ( ) );
#2257 = CARTESIAN_POINT ( 'NONE',  ( -60.99999999999985079, 13.99999999999999822, 2.500000000000000000 ) ) ;
#2258 = CYLINDRICAL_SURFACE ( 'NONE', #4645, 1.249999999999997558 ) ;
#2259 = VECTOR ( 'NONE', #4669, 1000.000000000000000 ) ;
#2260 = ORIENTED_EDGE ( 'NONE', *, *, #3531, .F. ) ;
#2261 = ORIENTED_EDGE ( 'NONE', *, *, #3035, .T. ) ;
#2262 = ORIENTED_EDGE ( 'NONE', *, *, #485, .F. ) ;
#2263 = VERTEX_POINT ( 'NONE', #642 ) ;
#2264 = CARTESIAN_POINT ( 'NONE',  ( 16.49999999999997513, -15.34000000000000341, 1.000000000000000000 ) ) ;
#2265 = AXIS2_PLACEMENT_3D ( 'NONE', #5590, #982, #4170 ) ;
#2266 = DIRECTION ( 'NONE',  ( -0.000000000000000000, 0.9838699100999074298, 0.1788854381999831489 ) ) ;
#2267 = CARTESIAN_POINT ( 'NONE',  ( -16.49999999999993605, 21.50000000000001421, 2.500000000000000000 ) ) ;
#2268 = DIRECTION ( 'NONE',  ( 0.000000000000000000, 0.000000000000000000, -1.000000000000000000 ) ) ;
#2269 = VECTOR ( 'NONE', #2398, 1000.000000000000000 ) ;
#2270 = CARTESIAN_POINT ( 'NONE',  ( -64.50000000000001421, 25.84597089274788217, 1.000000000000000000 ) ) ;
#2271 = VERTEX_POINT ( 'NONE', #7948 ) ;
#2272 = LINE ( 'NONE', #317, #2389 ) ;
#2273 = ORIENTED_EDGE ( 'NONE', *, *, #3020, .T. ) ;
#2274 = DIRECTION ( 'NONE',  ( -0.000000000000000000, -0.000000000000000000, -1.000000000000000000 ) ) ;
#2275 = CARTESIAN_POINT ( 'NONE',  ( 23.00000000000000000, 33.00000000000000711, -9.553910524340087917 ) ) ;
#2276 = EDGE_CURVE ( 'NONE', #2874, #1299, #4099, .T. ) ;
#2277 = CIRCLE ( 'NONE', #7195, 0.6562500000000109912 ) ;
#2278 = DIRECTION ( 'NONE',  ( -0.000000000000000000, -0.000000000000000000, -1.000000000000000000 ) ) ;
#2279 = EDGE_LOOP ( 'NONE', ( #8212, #495, #755, #2049 ) ) ;
#2280 = CARTESIAN_POINT ( 'NONE',  ( -15.24999999999999645, -24.33999999999999986, 1.000000000000000000 ) ) ;
#2281 = VECTOR ( 'NONE', #4654, 1000.000000000000000 ) ;
#2282 = ORIENTED_EDGE ( 'NONE', *, *, #8435, .F. ) ;
#2283 = CARTESIAN_POINT ( 'NONE',  ( -1.249999999999996003, -24.33999999999999986, 6.363636363636365090 ) ) ;
#2284 = EDGE_CURVE ( 'NONE', #2955, #4464, #3353, .T. ) ;
#2285 = EDGE_LOOP ( 'NONE', ( #4632, #1658, #4286, #5920 ) ) ;
#2286 = DIRECTION ( 'NONE',  ( 1.711123809484818245E-06, 0.9999999999985359489, 0.000000000000000000 ) ) ;
#2287 = ADVANCED_FACE ( 'NONE', ( #5986 ), #7370, .F. ) ;
#2288 = FACE_OUTER_BOUND ( 'NONE', #4659, .T. ) ;
#2289 = AXIS2_PLACEMENT_3D ( 'NONE', #5712, #6369, #2420 ) ;
#2290 = DIRECTION ( 'NONE',  ( 0.000000000000000000, 0.000000000000000000, -1.000000000000000000 ) ) ;
#2291 = CARTESIAN_POINT ( 'NONE',  ( -10.18750000000000178, 3.003749999999987264, 1.000000000000000000 ) ) ;
#2292 = EDGE_CURVE ( 'NONE', #2958, #2748, #7315, .T. ) ;
#2293 = ORIENTED_EDGE ( 'NONE', *, *, #7932, .T. ) ;
#2294 = DIRECTION ( 'NONE',  ( 0.000000000000000000, 0.000000000000000000, -1.000000000000000000 ) ) ;
#2295 = EDGE_LOOP ( 'NONE', ( #2282, #8425, #7172, #8712 ) ) ;
#2296 = DIRECTION ( 'NONE',  ( -0.7071067811865464625, -1.226634733346697585E-16, -0.7071067811865486830 ) ) ;
#2297 = CARTESIAN_POINT ( 'NONE',  ( -16.49999999999997513, -15.34000000000000163, 7.400893641477320983 ) ) ;
#2298 = VECTOR ( 'NONE', #6805, 1000.000000000000000 ) ;
#2299 = ADVANCED_FACE ( 'NONE', ( #1314 ), #3313, .F. ) ;
#2300 = EDGE_LOOP ( 'NONE', ( #1244, #3947, #7872, #6441, #2203, #4143, #4237, #6596, #6879, #1778, #324, #7467, #4980 ) ) ;
#2301 = CIRCLE ( 'NONE', #1716, 0.5000000000000004441 ) ;
#2302 = EDGE_CURVE ( 'NONE', #6903, #6729, #8690, .T. ) ;
#2303 = CIRCLE ( 'NONE', #3275, 1.500000000000001332 ) ;
#2304 = ORIENTED_EDGE ( 'NONE', *, *, #4734, .F. ) ;
#2305 = VERTEX_POINT ( 'NONE', #5954 ) ;
#2306 = ORIENTED_EDGE ( 'NONE', *, *, #2887, .F. ) ;
#2307 = CARTESIAN_POINT ( 'NONE',  ( -11.83821597160787853, -22.69778126557361020, -1.600000000000000089 ) ) ;
#2308 = EDGE_LOOP ( 'NONE', ( #3013, #8366, #4598, #2060, #4806, #1653, #4664, #7930 ) ) ;
#2309 = EDGE_CURVE ( 'NONE', #767, #6843, #2618, .T. ) ;
#2310 = CARTESIAN_POINT ( 'NONE',  ( 19.99999999999999645, -34.00000000000000711, -1.067752469849607033 ) ) ;
#2311 = VECTOR ( 'NONE', #86, 1000.000000000000000 ) ;
#2312 = VECTOR ( 'NONE', #4000, 1000.000000000000000 ) ;
#2313 = FACE_BOUND ( 'NONE', #4060, .T. ) ;
#2314 = CARTESIAN_POINT ( 'NONE',  ( -64.50000000000001421, 11.55402910725211463, 1.000000000000000000 ) ) ;
#2315 = CIRCLE ( 'NONE', #3711, 0.5000000000000000000 ) ;
#2316 = DIRECTION ( 'NONE',  ( 1.000000000000000000, 0.000000000000000000, 0.000000000000000000 ) ) ;
#2317 = EDGE_LOOP ( 'NONE', ( #1730, #5023, #7958, #2067 ) ) ;
#2318 = DIRECTION ( 'NONE',  ( -1.000000000000000000, 0.000000000000000000, 0.000000000000000000 ) ) ;
#2319 = VERTEX_POINT ( 'NONE', #1351 ) ;
#2320 = FACE_OUTER_BOUND ( 'NONE', #8069, .T. ) ;
#2321 = CARTESIAN_POINT ( 'NONE',  ( -61.00000000000001421, 6.499999999999992006, 1.000000000000000000 ) ) ;
#2322 = VERTEX_POINT ( 'NONE', #4050 ) ;
#2323 = DIRECTION ( 'NONE',  ( -1.000000000000000000, 0.000000000000000000, -0.000000000000000000 ) ) ;
#2324 = ORIENTED_EDGE ( 'NONE', *, *, #3104, .T. ) ;
#2325 = CARTESIAN_POINT ( 'NONE',  ( 7.933623247202887363, -17.31022109763070205, -0.000000000000000000 ) ) ;
#2326 = VERTEX_POINT ( 'NONE', #2875 ) ;
#2327 = DIRECTION ( 'NONE',  ( -1.000000000000000000, 0.000000000000000000, 0.000000000000000000 ) ) ;
#2328 = CARTESIAN_POINT ( 'NONE',  ( -16.49999999999997513, -15.34000000000000341, 8.000000000000000000 ) ) ;
#2329 = CARTESIAN_POINT ( 'NONE',  ( 19.51184633620541220, -18.03422371828033732, 7.510141142131205427 ) ) ;
#2330 = LINE ( 'NONE', #3070, #4102 ) ;
#2331 = DIRECTION ( 'NONE',  ( 0.9999999999985360599, -1.711123806215672562E-06, 0.000000000000000000 ) ) ;
#2332 = AXIS2_PLACEMENT_3D ( 'NONE', #7832, #7959, #2589 ) ;
#2333 = EDGE_CURVE ( 'NONE', #455, #5384, #4230, .T. ) ;
#2334 = ORIENTED_EDGE ( 'NONE', *, *, #2876, .T. ) ;
#2335 = CARTESIAN_POINT ( 'NONE',  ( 23.00000000000000000, 33.00000000000000711, -3.000000000000000000 ) ) ;
#2336 = ORIENTED_EDGE ( 'NONE', *, *, #3403, .F. ) ;
#2337 = CARTESIAN_POINT ( 'NONE',  ( -16.99999999999997868, 24.00000000000000711, 2.000000000000000000 ) ) ;
#2338 = ORIENTED_EDGE ( 'NONE', *, *, #213, .T. ) ;
#2339 = AXIS2_PLACEMENT_3D ( 'NONE', #5379, #4713, #4052 ) ;
#2340 = ADVANCED_FACE ( 'NONE', ( #2216 ), #2121, .F. ) ;
#2341 = EDGE_CURVE ( 'NONE', #8320, #4707, #5648, .T. ) ;
#2342 = ORIENTED_EDGE ( 'NONE', *, *, #5970, .T. ) ;
#2343 = VERTEX_POINT ( 'NONE', #3620 ) ;
#2344 = EDGE_LOOP ( 'NONE', ( #898, #983, #7808, #7924 ) ) ;
#2345 = DIRECTION ( 'NONE',  ( -0.000000000000000000, -0.000000000000000000, -1.000000000000000000 ) ) ;
#2346 = VECTOR ( 'NONE', #2828, 1000.000000000000000 ) ;
#2347 = ORIENTED_EDGE ( 'NONE', *, *, #179, .F. ) ;
#2348 = DIRECTION ( 'NONE',  ( -0.000000000000000000, 0.000000000000000000, 1.000000000000000000 ) ) ;
#2349 = DIRECTION ( 'NONE',  ( -1.706742230357500909E-15, 0.9838699100999075409, 0.1788854381999831766 ) ) ;
#2350 = DIRECTION ( 'NONE',  ( -1.000000000000000000, 0.000000000000000000, 0.000000000000000000 ) ) ;
#2351 = LINE ( 'NONE', #5814, #3138 ) ;
#2352 = DIRECTION ( 'NONE',  ( 1.000000000000000000, 0.000000000000000000, 0.000000000000000000 ) ) ;
#2353 = EDGE_CURVE ( 'NONE', #3827, #778, #265, .T. ) ;
#2354 = AXIS2_PLACEMENT_3D ( 'NONE', #8480, #2569, #5243 ) ;
#2355 = CARTESIAN_POINT ( 'NONE',  ( -22.99999999999998224, 30.00000000000002132, -3.000000000000000000 ) ) ;
#2356 = LINE ( 'NONE', #4047, #6089 ) ;
#2357 = EDGE_CURVE ( 'NONE', #3786, #2863, #6161, .T. ) ;
#2358 = PLANE ( 'NONE',  #4079 ) ;
#2359 = CARTESIAN_POINT ( 'NONE',  ( -4.838202549478259229, -29.69781864352349032, -1.600000000000000089 ) ) ;
#2360 = DIRECTION ( 'NONE',  ( -0.000000000000000000, -1.000000000000000000, 0.000000000000000000 ) ) ;
#2361 = ORIENTED_EDGE ( 'NONE', *, *, #6139, .F. ) ;
#2362 = CARTESIAN_POINT ( 'NONE',  ( -22.99999999999996803, 30.00000000000002132, -5.837274330926434551 ) ) ;
#2363 = DIRECTION ( 'NONE',  ( -1.000000000000000000, 0.000000000000000000, 0.000000000000000000 ) ) ;
#2364 = CARTESIAN_POINT ( 'NONE',  ( -67.91000000000001080, 3.159999999999996145, 4.000000000000000000 ) ) ;
#2365 = ORIENTED_EDGE ( 'NONE', *, *, #4636, .F. ) ;
#2366 = DIRECTION ( 'NONE',  ( 1.000000000000000000, 0.000000000000000000, 0.000000000000000000 ) ) ;
#2367 = ORIENTED_EDGE ( 'NONE', *, *, #1780, .F. ) ;
#2368 = CARTESIAN_POINT ( 'NONE',  ( 20.00000000000000355, 33.00000000000000711, -5.837274330926434551 ) ) ;
#2369 = ORIENTED_EDGE ( 'NONE', *, *, #65, .T. ) ;
#2370 = DIRECTION ( 'NONE',  ( 1.000000000000000000, 0.000000000000000000, -0.000000000000000000 ) ) ;
#2371 = DIRECTION ( 'NONE',  ( 0.7071079911327566858, 0.7071055712382681158, 0.000000000000000000 ) ) ;
#2372 = CARTESIAN_POINT ( 'NONE',  ( -1.249999999999979128, -15.34000000000000341, 7.900893641477321871 ) ) ;
#2373 = DIRECTION ( 'NONE',  ( -0.9999999999984637844, 1.711123808989062990E-06, 3.802497353309029220E-07 ) ) ;
#2374 = VECTOR ( 'NONE', #3222, 1000.000000000000000 ) ;
#2375 = DIRECTION ( 'NONE',  ( 1.734723475976807883E-15, -1.000000000000000000, 0.000000000000000000 ) ) ;
#2376 = ORIENTED_EDGE ( 'NONE', *, *, #7013, .F. ) ;
#2377 = DIRECTION ( 'NONE',  ( 1.000000000000000000, 0.000000000000000000, 0.000000000000000000 ) ) ;
#2378 = ORIENTED_EDGE ( 'NONE', *, *, #6522, .T. ) ;
#2379 = CARTESIAN_POINT ( 'NONE',  ( -10.18749999999999822, -24.33999999999999986, 6.363636363636365090 ) ) ;
#2380 = DIRECTION ( 'NONE',  ( -1.000000000000000000, 0.000000000000000000, 0.000000000000000000 ) ) ;
#2381 = ORIENTED_EDGE ( 'NONE', *, *, #127, .T. ) ;
#2382 = ORIENTED_EDGE ( 'NONE', *, *, #1856, .T. ) ;
#2383 = AXIS2_PLACEMENT_3D ( 'NONE', #8195, #2054, #3290 ) ;
#2384 = CARTESIAN_POINT ( 'NONE',  ( -60.99999999999989342, 17.75000000000000000, 2.000000000000000000 ) ) ;
#2385 = VECTOR ( 'NONE', #5545, 1000.000000000000000 ) ;
#2386 = EDGE_CURVE ( 'NONE', #7377, #4202, #7584, .T. ) ;
#2387 = ORIENTED_EDGE ( 'NONE', *, *, #2029, .T. ) ;
#2388 = ORIENTED_EDGE ( 'NONE', *, *, #7115, .T. ) ;
#2389 = VECTOR ( 'NONE', #6305, 1000.000000000000000 ) ;
#2390 = EDGE_LOOP ( 'NONE', ( #3674, #5887, #5143, #8636, #4425, #2477, #4471, #2412 ) ) ;
#2391 = CARTESIAN_POINT ( 'NONE',  ( 8.874999999999994671, -24.33999999999999986, 6.363636363636365090 ) ) ;
#2392 = AXIS2_PLACEMENT_3D ( 'NONE', #5578, #5482, #4818 ) ;
#2393 = ORIENTED_EDGE ( 'NONE', *, *, #1281, .T. ) ;
#2394 = CARTESIAN_POINT ( 'NONE',  ( 2.562500000000020428, -15.34000000000000341, 7.400893641477320983 ) ) ;
#2395 = LINE ( 'NONE', #427, #2403 ) ;
#2396 = EDGE_CURVE ( 'NONE', #8211, #2322, #8348, .T. ) ;
#2397 = CARTESIAN_POINT ( 'NONE',  ( -8.874999999999976907, -15.34000000000000341, 4.500000000000000888 ) ) ;
#2398 = DIRECTION ( 'NONE',  ( 0.000000000000000000, 0.000000000000000000, -1.000000000000000000 ) ) ;
#2399 = VECTOR ( 'NONE', #6736, 1000.000000000000114 ) ;
#2400 = CARTESIAN_POINT ( 'NONE',  ( -61.00000000000001421, 2.999999999999990674, -2.299999999999999822 ) ) ;
#2401 = LINE ( 'NONE', #3098, #936 ) ;
#2402 = CARTESIAN_POINT ( 'NONE',  ( 26.00000000000000711, 32.99999999999999289, -3.000000000000002665 ) ) ;
#2403 = VECTOR ( 'NONE', #3133, 1000.000000000000000 ) ;
#2404 = VERTEX_POINT ( 'NONE', #261 ) ;
#2405 = CARTESIAN_POINT ( 'NONE',  ( -16.49999999999997513, -25.92944271909999188, 6.074646778345456966 ) ) ;
#2406 = EDGE_CURVE ( 'NONE', #7383, #6558, #5889, .T. ) ;
#2407 =( LENGTH_UNIT ( ) NAMED_UNIT ( * ) SI_UNIT ( .MILLI., .METRE. ) );
#2408 = EDGE_CURVE ( 'NONE', #7014, #6949, #6919, .T. ) ;
#2409 = CYLINDRICAL_SURFACE ( 'NONE', #7068, 0.5000000000000004441 ) ;
#2410 = DIRECTION ( 'NONE',  ( -1.000000000000000000, 0.000000000000000000, 0.000000000000000000 ) ) ;
#2411 = VECTOR ( 'NONE', #559, 1000.000000000000000 ) ;
#2412 = ORIENTED_EDGE ( 'NONE', *, *, #8692, .T. ) ;
#2413 = DIRECTION ( 'NONE',  ( -0.000000000000000000, 0.000000000000000000, 1.000000000000000000 ) ) ;
#2414 = ORIENTED_EDGE ( 'NONE', *, *, #6364, .F. ) ;
#2415 = CARTESIAN_POINT ( 'NONE',  ( 24.25000000000000000, 33.00000000000000711, -3.000000000000000000 ) ) ;
#2416 = EDGE_LOOP ( 'NONE', ( #1964, #5390, #377, #7576 ) ) ;
#2417 = DIRECTION ( 'NONE',  ( 0.000000000000000000, 0.000000000000000000, -1.000000000000000000 ) ) ;
#2418 = DIRECTION ( 'NONE',  ( 0.000000000000000000, -1.000000000000000000, 0.000000000000000000 ) ) ;
#2419 = CARTESIAN_POINT ( 'NONE',  ( -16.49999999999997513, 25.25000000000000711, 2.500000000000000000 ) ) ;
#2420 = DIRECTION ( 'NONE',  ( 1.000000000000000000, 0.000000000000000000, 0.000000000000000000 ) ) ;
#2421 = CIRCLE ( 'NONE', #2568, 2.599999999999998312 ) ;
#2422 = CARTESIAN_POINT ( 'NONE',  ( 23.00000000000000000, -33.00000000000000711, 0.000000000000000000 ) ) ;
#2423 = EDGE_LOOP ( 'NONE', ( #3439, #4518, #3330, #233 ) ) ;
#2424 = LINE ( 'NONE', #7126, #7443 ) ;
#2425 = EDGE_LOOP ( 'NONE', ( #553, #4080, #4063, #2737 ) ) ;
#2426 = SURFACE_STYLE_USAGE ( .BOTH. , #296 ) ;
#2427 = CARTESIAN_POINT ( 'NONE',  ( 17.97777798704021635, -25.97923878673924492, 6.065592947865752649 ) ) ;
#2428 = ORIENTED_EDGE ( 'NONE', *, *, #2386, .T. ) ;
#2429 = VECTOR ( 'NONE', #8544, 1000.000000000000000 ) ;
#2430 = CARTESIAN_POINT ( 'NONE',  ( -5.062499999999976907, -15.83999999999999986, 7.900893641477321871 ) ) ;
#2431 = ORIENTED_EDGE ( 'NONE', *, *, #5397, .F. ) ;
#2432 = B_SPLINE_CURVE_WITH_KNOTS ( 'NONE', 3,
 ( #2470, #6497, #1884, #4561, #494, #7216, #454, #3029 ),
 .UNSPECIFIED., .F., .F.,
 ( 4, 2, 2, 4 ),
 ( -5.123487958507391257E-06, 0.0005103980730239806489, 0.0007681588535152246563, 0.001025919634006468555 ),
 .UNSPECIFIED. ) ;
#2433 = SURFACE_SIDE_STYLE ('',( #3083 ) ) ;
#2434 = AXIS2_PLACEMENT_3D ( 'NONE', #8715, #3379, #4775 ) ;
#2435 = VERTEX_POINT ( 'NONE', #1622 ) ;
#2436 = DIRECTION ( 'NONE',  ( 1.000000000000000000, -5.551115123125700661E-15, 0.000000000000000000 ) ) ;
#2437 = ORIENTED_EDGE ( 'NONE', *, *, #6301, .T. ) ;
#2438 = CARTESIAN_POINT ( 'NONE',  ( 25.59999999999999787, -33.00000000000000711, -10.35391052434009040 ) ) ;
#2439 = CARTESIAN_POINT ( 'NONE',  ( -11.48193471520352382, 32.56957243571595484, -1.800000000000002931 ) ) ;
#2440 = DIRECTION ( 'NONE',  ( -1.734723475976807341E-16, 1.000000000000000000, 0.000000000000000000 ) ) ;
#2441 = AXIS2_PLACEMENT_3D ( 'NONE', #6778, #6254, #4227 ) ;
#2442 = VECTOR ( 'NONE', #3068, 1000.000000000000000 ) ;
#2443 = EDGE_CURVE ( 'NONE', #1179, #7229, #2453, .T. ) ;
#2444 = DIRECTION ( 'NONE',  ( 0.000000000000000000, 0.000000000000000000, -1.000000000000000000 ) ) ;
#2445 = VECTOR ( 'NONE', #5421, 1000.000000000000114 ) ;
#2446 = DIRECTION ( 'NONE',  ( -0.9999999999985359489, 1.711123808989186445E-06, 0.000000000000000000 ) ) ;
#2447 = CARTESIAN_POINT ( 'NONE',  ( 19.43360100257656953, -30.31024077553544416, -1.699999999999999956 ) ) ;
#2448 = AXIS2_PLACEMENT_3D ( 'NONE', #3086, #5764, #3831 ) ;
#2449 = EDGE_LOOP ( 'NONE', ( #5486, #732 ) ) ;
#2450 = FACE_OUTER_BOUND ( 'NONE', #6071, .T. ) ;
#2451 = DIRECTION ( 'NONE',  ( -1.000000000000000000, 1.927470528863119739E-15, -0.000000000000000000 ) ) ;
#2452 = DIRECTION ( 'NONE',  ( -1.734723475976807341E-16, 1.000000000000000000, 0.000000000000000000 ) ) ;
#2453 =( BOUNDED_CURVE ( )  B_SPLINE_CURVE ( 3, ( #2310, #915, #4317, #173 ),
 .UNSPECIFIED., .F., .F. ) 
 B_SPLINE_CURVE_WITH_KNOTS ( ( 4, 4 ),
 ( 1.570796326794905884, 3.141592653589793116 ),
 .UNSPECIFIED. ) 
 CURVE ( )  GEOMETRIC_REPRESENTATION_ITEM ( )  RATIONAL_B_SPLINE_CURVE ( ( 1.000000000000000000, 0.8047378541243671579, 0.8047378541243671579, 1.000000000000000000 ) ) 
 REPRESENTATION_ITEM ( '' )  );
#2454 = DIRECTION ( 'NONE',  ( 1.000000000000000000, 0.000000000000000000, 0.000000000000000000 ) ) ;
#2455 = VECTOR ( 'NONE', #5538, 1000.000000000000000 ) ;
#2456 = EDGE_CURVE ( 'NONE', #7839, #1102, #4208, .T. ) ;
#2457 = VECTOR ( 'NONE', #6647, 1000.000000000000000 ) ;
#2458 = EDGE_CURVE ( 'NONE', #671, #79, #3447, .T. ) ;
#2459 = ADVANCED_FACE ( 'NONE', ( #84 ), #2781, .F. ) ;
#2460 = ORIENTED_EDGE ( 'NONE', *, *, #8323, .F. ) ;
#2461 = CARTESIAN_POINT ( 'NONE',  ( -16.82730823086860639, -15.92944271910623399, 7.892828596526138440 ) ) ;
#2462 = VERTEX_POINT ( 'NONE', #4185 ) ;
#2463 = DIRECTION ( 'NONE',  ( 0.000000000000000000, 1.000000000000000000, 0.000000000000000000 ) ) ;
#2464 = ORIENTED_EDGE ( 'NONE', *, *, #1511, .F. ) ;
#2465 = LINE ( 'NONE', #8538, #1605 ) ;
#2466 = CARTESIAN_POINT ( 'NONE',  ( -67.91000000000001080, 3.159999999999996145, 4.500000000000000000 ) ) ;
#2467 = EDGE_CURVE ( 'NONE', #4707, #3944, #826, .T. ) ;
#2468 = CARTESIAN_POINT ( 'NONE',  ( -16.50000000000001421, 27.75000000000000000, 0.5000000000000000000 ) ) ;
#2469 = EDGE_CURVE ( 'NONE', #4394, #4226, #782, .T. ) ;
#2470 = CARTESIAN_POINT ( 'NONE',  ( 9.531249999999991118, 3.659999999999996589, 4.000000000000000000 ) ) ;
#2471 = ORIENTED_EDGE ( 'NONE', *, *, #6527, .T. ) ;
#2472 = DIRECTION ( 'NONE',  ( 1.000000000000000000, -0.000000000000000000, -0.000000000000000000 ) ) ;
#2473 = ORIENTED_EDGE ( 'NONE', *, *, #8437, .F. ) ;
#2474 = LINE ( 'NONE', #5146, #6941 ) ;
#2475 = CARTESIAN_POINT ( 'NONE',  ( 16.88281805785525336, -26.33999999999772612, 5.999999999998442135 ) ) ;
#2476 = VERTEX_POINT ( 'NONE', #3540 ) ;
#2477 = ORIENTED_EDGE ( 'NONE', *, *, #5031, .T. ) ;
#2478 = PRESENTATION_STYLE_ASSIGNMENT (( #1120 ) ) ;
#2479 = VERTEX_POINT ( 'NONE', #8217 ) ;
#2480 = CARTESIAN_POINT ( 'NONE',  ( -25.99999999999999289, -32.99999999999999289, -3.000000000000002665 ) ) ;
#2481 = ORIENTED_EDGE ( 'NONE', *, *, #1736, .F. ) ;
#2482 = CARTESIAN_POINT ( 'NONE',  ( -23.99999999999999289, 30.00000000000001421, 0.000000000000000000 ) ) ;
#2483 = AXIS2_PLACEMENT_3D ( 'NONE', #2743, #739, #3315 ) ;
#2484 = DIRECTION ( 'NONE',  ( 1.000000000000000000, 1.734723475976807883E-15, 0.000000000000000000 ) ) ;
#2485 = CARTESIAN_POINT ( 'NONE',  ( 22.99999999999996803, -30.00000000000001421, -0.1788635809607192206 ) ) ;
#2486 = LINE ( 'NONE', #4990, #2718 ) ;
#2487 = LINE ( 'NONE', #3753, #4367 ) ;
#2488 = ADVANCED_FACE ( 'NONE', ( #3583 ), #2167, .T. ) ;
#2489 = CARTESIAN_POINT ( 'NONE',  ( 18.50000000000000355, 35.49999999999999289, -3.000000000000002665 ) ) ;
#2490 = VERTEX_POINT ( 'NONE', #8518 ) ;
#2491 = DIRECTION ( 'NONE',  ( -1.711123806482553374E-06, -0.9999999999985359489, 0.000000000000000000 ) ) ;
#2492 = LINE ( 'NONE', #8617, #5837 ) ;
#2493 = LINE ( 'NONE', #7691, #5520 ) ;
#2494 = EDGE_CURVE ( 'NONE', #7956, #7207, #8583, .T. ) ;
#2495 = ORIENTED_EDGE ( 'NONE', *, *, #8602, .F. ) ;
#2496 = CARTESIAN_POINT ( 'NONE',  ( 26.00000000000001066, -15.83999999999999986, 7.400893641477320983 ) ) ;
#2497 = VERTEX_POINT ( 'NONE', #4363 ) ;
#2498 = PLANE ( 'NONE',  #3084 ) ;
#2499 = EDGE_LOOP ( 'NONE', ( #2506, #4751, #2193, #5404 ) ) ;
#2500 = LINE ( 'NONE', #6616, #6673 ) ;
#2501 = EDGE_CURVE ( 'NONE', #2479, #2490, #4918, .T. ) ;
#2503 = EDGE_CURVE ( 'NONE', #42, #1348, #5069, .T. ) ;
#2502 = DIRECTION ( 'NONE',  ( 0.000000000000000000, 0.000000000000000000, -1.000000000000000000 ) ) ;
#2504 = EDGE_CURVE ( 'NONE', #8278, #2116, #7144, .T. ) ;
#2505 = CARTESIAN_POINT ( 'NONE',  ( -16.49999999999997513, 25.25000000000000711, 2.000000000000000000 ) ) ;
#2506 = ORIENTED_EDGE ( 'NONE', *, *, #7254, .F. ) ;
#2507 = DIRECTION ( 'NONE',  ( -1.000000000000000000, 1.927470528863119739E-15, -0.000000000000000000 ) ) ;
#2508 = ORIENTED_EDGE ( 'NONE', *, *, #4053, .F. ) ;
#2509 = CARTESIAN_POINT ( 'NONE',  ( 12.11404159727034724, 33.26367356109535933, -1.800000000000000266 ) ) ;
#2510 = CARTESIAN_POINT ( 'NONE',  ( 16.82730823086887284, -25.92944271909549414, 6.074646778346274978 ) ) ;
#2511 = EDGE_CURVE ( 'NONE', #5646, #1894, #387, .T. ) ;
#2512 = ORIENTED_EDGE ( 'NONE', *, *, #1065, .F. ) ;
#2513 = ORIENTED_EDGE ( 'NONE', *, *, #2501, .T. ) ;
#2514 = EDGE_CURVE ( 'NONE', #6097, #6357, #7022, .T. ) ;
#2515 = EDGE_CURVE ( 'NONE', #4265, #8155, #7186, .T. ) ;
#2516 = AXIS2_PLACEMENT_3D ( 'NONE', #6148, #3526, #4084 ) ;
#2517 = LINE ( 'NONE', #5193, #8043 ) ;
#2518 = ORIENTED_EDGE ( 'NONE', *, *, #1507, .T. ) ;
#2519 = CARTESIAN_POINT ( 'NONE',  ( -16.49999999999989697, 17.75000000000002132, 0.5000000000000000000 ) ) ;
#2520 = VERTEX_POINT ( 'NONE', #2439 ) ;
#2521 = PLANE ( 'NONE',  #4127 ) ;
#2522 = VERTEX_POINT ( 'NONE', #5729 ) ;
#2523 = CARTESIAN_POINT ( 'NONE',  ( 7.624999999999998224, -24.33999999999999986, 1.000000000000000000 ) ) ;
#2524 = VECTOR ( 'NONE', #7905, 1000.000000000000114 ) ;
#2525 = EDGE_CURVE ( 'NONE', #6465, #4886, #4408, .T. ) ;
#2526 = CARTESIAN_POINT ( 'NONE',  ( -60.99999999999997158, 25.25000000000000000, 2.000000000000000000 ) ) ;
#2527 = CIRCLE ( 'NONE', #1813, 10.00000000000000178 ) ;
#2528 = AXIS2_PLACEMENT_3D ( 'NONE', #6718, #6815, #7523 ) ;
#2529 = CARTESIAN_POINT ( 'NONE',  ( 25.50000000000000711, -28.50000000000001066, -91.81441324469805920 ) ) ;
#2530 = CARTESIAN_POINT ( 'NONE',  ( 22.72062516584436764, 22.65705369410401460, 0.000000000000000000 ) ) ;
#2531 = CARTESIAN_POINT ( 'NONE',  ( -22.99999999999999289, -36.00000000000000000, -1.000000000000000000 ) ) ;
#2532 = ORIENTED_EDGE ( 'NONE', *, *, #588, .T. ) ;
#2533 = FACE_OUTER_BOUND ( 'NONE', #712, .T. ) ;
#2534 = DIRECTION ( 'NONE',  ( 1.000000000000000000, 0.000000000000000000, 0.000000000000000000 ) ) ;
#2535 = VECTOR ( 'NONE', #1399, 1000.000000000000000 ) ;
#2536 = SURFACE_STYLE_FILL_AREA ( #479 ) ;
#2537 = AXIS2_PLACEMENT_3D ( 'NONE', #5532, #972, #3680 ) ;
#2538 = LINE ( 'NONE', #7247, #6482 ) ;
#2539 = VECTOR ( 'NONE', #4211, 1000.000000000000000 ) ;
#2540 = CARTESIAN_POINT ( 'NONE',  ( -16.49999999999999289, -15.33999999999999986, 7.400893641477320983 ) ) ;
#2541 = VERTEX_POINT ( 'NONE', #1665 ) ;
#2542 = EDGE_CURVE ( 'NONE', #3383, #6512, #6429, .T. ) ;
#2543 = ORIENTED_EDGE ( 'NONE', *, *, #5871, .F. ) ;
#2544 = CARTESIAN_POINT ( 'NONE',  ( -5.231317252086522984, 3.450240184018304568, 4.413492270693931019 ) ) ;
#2545 = VECTOR ( 'NONE', #4118, 1000.000000000000000 ) ;
#2546 = CARTESIAN_POINT ( 'NONE',  ( 23.00000000000000000, -33.00000000000000711, -3.000000000000000000 ) ) ;
#2547 = FACE_OUTER_BOUND ( 'NONE', #4402, .T. ) ;
#2548 = DIRECTION ( 'NONE',  ( -1.000000000000000000, 0.000000000000000000, 0.000000000000000000 ) ) ;
#2549 = EDGE_LOOP ( 'NONE', ( #2664, #7965, #2157, #3446 ) ) ;
#2550 = DIRECTION ( 'NONE',  ( 0.000000000000000000, 0.000000000000000000, -1.000000000000000000 ) ) ;
#2551 = ORIENTED_EDGE ( 'NONE', *, *, #5630, .F. ) ;
#2552 = CARTESIAN_POINT ( 'NONE',  ( -22.99999999999996803, 30.00000000000002132, 0.000000000000000000 ) ) ;
#2553 = CARTESIAN_POINT ( 'NONE',  ( 23.00000000000000711, -32.89153477109066870, -0.8214268634253103496 ) ) ;
#2554 = ORIENTED_EDGE ( 'NONE', *, *, #5459, .T. ) ;
#2555 = DIRECTION ( 'NONE',  ( -8.576161004829159278E-16, 1.000000000000000000, -0.000000000000000000 ) ) ;
#2556 = EDGE_CURVE ( 'NONE', #4011, #597, #2395, .T. ) ;
#2557 = CARTESIAN_POINT ( 'NONE',  ( -16.49999999999989697, 17.75000000000002132, 2.500000000000000000 ) ) ;
#2558 = ADVANCED_FACE ( 'NONE', ( #5810 ), #7004, .F. ) ;
#2559 = ORIENTED_EDGE ( 'NONE', *, *, #5369, .F. ) ;
#2560 = EDGE_CURVE ( 'NONE', #5004, #3153, #5767, .T. ) ;
#2561 = DIRECTION ( 'NONE',  ( 0.000000000000000000, 0.000000000000000000, 1.000000000000000000 ) ) ;
#2562 = ADVANCED_FACE ( 'NONE', ( #1043 ), #3663, .F. ) ;
#2563 = ORIENTED_EDGE ( 'NONE', *, *, #7407, .T. ) ;
#2564 = FACE_OUTER_BOUND ( 'NONE', #2601, .T. ) ;
#2565 = EDGE_CURVE ( 'NONE', #4142, #5325, #8479, .T. ) ;
#2566 = ORIENTED_EDGE ( 'NONE', *, *, #2832, .T. ) ;
#2567 = DIRECTION ( 'NONE',  ( -1.000000000000000000, 0.000000000000000000, 0.000000000000000000 ) ) ;
#2568 = AXIS2_PLACEMENT_3D ( 'NONE', #3760, #3889, #7954 ) ;
#2569 = DIRECTION ( 'NONE',  ( -1.000000000000000000, 0.000000000000000000, 0.000000000000000000 ) ) ;
#2570 = LINE ( 'NONE', #2611, #2837 ) ;
#2571 = CARTESIAN_POINT ( 'NONE',  ( -24.25000000000000000, 33.00000000000000000, -2.200000000000000178 ) ) ;
#2572 = AXIS2_PLACEMENT_3D ( 'NONE', #2104, #111, #4078 ) ;
#2573 = ADVANCED_FACE ( 'NONE', ( #4450 ), #1083, .T. ) ;
#2574 = ADVANCED_FACE ( 'NONE', ( #2149 ), #2810, .T. ) ;
#2575 = PLANE ( 'NONE',  #655 ) ;
#2576 = DIRECTION ( 'NONE',  ( 0.000000000000000000, 0.000000000000000000, -1.000000000000000000 ) ) ;
#2577 = ORIENTED_EDGE ( 'NONE', *, *, #6528, .T. ) ;
#2578 = CARTESIAN_POINT ( 'NONE',  ( -16.49999999999997513, -26.34000000000000341, 5.582711823295502640 ) ) ;
#2579 = CARTESIAN_POINT ( 'NONE',  ( 16.92345596729059309, 4.519999999999997797, -0.5999999999999999778 ) ) ;
#2580 = CIRCLE ( 'NONE', #5936, 3.650000000000000355 ) ;
#2581 = DIRECTION ( 'NONE',  ( -0.7071067811865474617, 0.7071067811865474617, 0.000000000000000000 ) ) ;
#2582 = DIRECTION ( 'NONE',  ( 0.000000000000000000, 1.000000000000000000, 0.000000000000000000 ) ) ;
#2583 = VECTOR ( 'NONE', #5264, 1000.000000000000000 ) ;
#2584 = AXIS2_PLACEMENT_3D ( 'NONE', #1152, #1193, #1105 ) ;
#2585 = DIRECTION ( 'NONE',  ( -0.000000000000000000, -0.000000000000000000, -1.000000000000000000 ) ) ;
#2586 = ORIENTED_EDGE ( 'NONE', *, *, #6851, .F. ) ;
#2587 = DIRECTION ( 'NONE',  ( -1.000000000000000000, 0.000000000000000000, 0.000000000000000000 ) ) ;
#2588 = EDGE_LOOP ( 'NONE', ( #6282, #250, #6827, #2693 ) ) ;
#2589 = DIRECTION ( 'NONE',  ( -1.000000000000000000, 0.000000000000000000, 0.000000000000000000 ) ) ;
#2590 = CARTESIAN_POINT ( 'NONE',  ( -57.50000000000000711, 36.00000000000000000, 1.000000000000000000 ) ) ;
#2591 = AXIS2_PLACEMENT_3D ( 'NONE', #107, #2724, #2898 ) ;
#2592 = VECTOR ( 'NONE', #8604, 1000.000000000000000 ) ;
#2593 = CARTESIAN_POINT ( 'NONE',  ( 9.531249999999991118, 3.659999999999996589, 4.000000000000000000 ) ) ;
#2594 = DIRECTION ( 'NONE',  ( -1.927470528863119344E-15, -1.000000000000000000, 0.000000000000000000 ) ) ;
#2595 = DIRECTION ( 'NONE',  ( 0.000000000000000000, 1.000000000000000000, 0.000000000000000000 ) ) ;
#2596 = VERTEX_POINT ( 'NONE', #2989 ) ;
#2597 = FACE_OUTER_BOUND ( 'NONE', #502, .T. ) ;
#2598 = ORIENTED_EDGE ( 'NONE', *, *, #4757, .F. ) ;
#2599 = DIRECTION ( 'NONE',  ( 1.734723475976807341E-16, -1.000000000000000000, 0.000000000000000000 ) ) ;
#2600 = PLANE ( 'NONE',  #3638 ) ;
#2601 = EDGE_LOOP ( 'NONE', ( #1926, #2738, #5171, #7456 ) ) ;
#2602 = DIRECTION ( 'NONE',  ( 0.000000000000000000, 0.000000000000000000, -1.000000000000000000 ) ) ;
#2603 = ADVANCED_FACE ( 'NONE', ( #895 ), #5675, .F. ) ;
#2604 = DIRECTION ( 'NONE',  ( -0.000000000000000000, -0.000000000000000000, -1.000000000000000000 ) ) ;
#2605 = ORIENTED_EDGE ( 'NONE', *, *, #5294, .F. ) ;
#2606 = CARTESIAN_POINT ( 'NONE',  ( -1.326544574982074787, 3.321375232574444336, 4.478720436846128194 ) ) ;
#2607 = ORIENTED_EDGE ( 'NONE', *, *, #5555, .T. ) ;
#2608 = ORIENTED_EDGE ( 'NONE', *, *, #1240, .F. ) ;
#2609 = CARTESIAN_POINT ( 'NONE',  ( 1.777748500369298990, 3.659999999999996589, 4.112165163103642662 ) ) ;
#2610 = CARTESIAN_POINT ( 'NONE',  ( 2.081899558550499491E-15, 29.00000000000000000, 0.5000000000000000000 ) ) ;
#2611 = CARTESIAN_POINT ( 'NONE',  ( -18.50000000000000355, 35.50000000000000000, -91.81441324469805920 ) ) ;
#2612 = EDGE_CURVE ( 'NONE', #7074, #7715, #6600, .T. ) ;
#2613 = ADVANCED_FACE ( 'NONE', ( #8374 ), #4347, .F. ) ;
#2614 = LINE ( 'NONE', #8653, #3107 ) ;
#2615 = AXIS2_PLACEMENT_3D ( 'NONE', #2838, #6171, #3499 ) ;
#2616 = DIRECTION ( 'NONE',  ( 1.000000000000000000, 0.000000000000000000, 0.000000000000000000 ) ) ;
#2617 = ORIENTED_EDGE ( 'NONE', *, *, #8038, .F. ) ;
#2618 = LINE ( 'NONE', #5291, #269 ) ;
#2619 = DIRECTION ( 'NONE',  ( 0.000000000000000000, 0.000000000000000000, 1.000000000000000000 ) ) ;
#2620 = CARTESIAN_POINT ( 'NONE',  ( 10.18750000000001954, -15.34000000000000341, 1.000000000000000000 ) ) ;
#2621 = EDGE_CURVE ( 'NONE', #73, #7364, #5633, .T. ) ;
#2622 = MECHANICAL_DESIGN_GEOMETRIC_PRESENTATION_REPRESENTATION (  '', ( #3458 ), #5142 ) ;
#2623 = DIRECTION ( 'NONE',  ( -1.000000000000000000, 0.000000000000000000, 0.000000000000000000 ) ) ;
#2624 = CARTESIAN_POINT ( 'NONE',  ( 19.99999999999999645, -34.00000000000000711, -3.000000000000000000 ) ) ;
#2625 = ORIENTED_EDGE ( 'NONE', *, *, #4374, .F. ) ;
#2626 = CARTESIAN_POINT ( 'NONE',  ( -60.99999999999993605, 21.50000000000000000, 2.500000000000000000 ) ) ;
#2627 = ORIENTED_EDGE ( 'NONE', *, *, #339, .F. ) ;
#2628 = EDGE_CURVE ( 'NONE', #5715, #5087, #1560, .T. ) ;
#2629 = CARTESIAN_POINT ( 'NONE',  ( -25.49999999999999645, -28.50000000000001066, 0.000000000000000000 ) ) ;
#2630 = CARTESIAN_POINT ( 'NONE',  ( -12.68749999999997513, -15.34000000000000341, 7.400893641477320983 ) ) ;
#2631 = LINE ( 'NONE', #2752, #284 ) ;
#2632 = ORIENTED_EDGE ( 'NONE', *, *, #8117, .F. ) ;
#2633 = LINE ( 'NONE', #4685, #1096 ) ;
#2634 = ORIENTED_EDGE ( 'NONE', *, *, #127, .F. ) ;
#2635 = CARTESIAN_POINT ( 'NONE',  ( 18.50000000000000355, 33.99999999999998579, -3.000000000000002665 ) ) ;
#2636 = CARTESIAN_POINT ( 'NONE',  ( -11.43749999999999822, -24.33999999999999986, 7.900893641477321871 ) ) ;
#2637 = VERTEX_POINT ( 'NONE', #8248 ) ;
#2638 = LINE ( 'NONE', #7517, #2842 ) ;
#2639 = CARTESIAN_POINT ( 'NONE',  ( -23.99999999999998579, 28.50000000000001066, 0.000000000000000000 ) ) ;
#2640 = EDGE_LOOP ( 'NONE', ( #3511, #8026, #2713, #2907 ) ) ;
#2641 = DIRECTION ( 'NONE',  ( 0.000000000000000000, 0.000000000000000000, -1.000000000000000000 ) ) ;
#2642 = ORIENTED_EDGE ( 'NONE', *, *, #7009, .T. ) ;
#2643 = CARTESIAN_POINT ( 'NONE',  ( -10.18750000000001599, -15.34000000000000341, 4.500000000000000888 ) ) ;
#2644 = VERTEX_POINT ( 'NONE', #3566 ) ;
#2645 = LINE ( 'NONE', #8022, #3185 ) ;
#2646 = DIRECTION ( 'NONE',  ( 1.855190384030753040E-15, -1.000000000000000000, 0.000000000000000000 ) ) ;
#2647 = ORIENTED_EDGE ( 'NONE', *, *, #7993, .F. ) ;
#2648 = ORIENTED_EDGE ( 'NONE', *, *, #707, .F. ) ;
#2649 = VECTOR ( 'NONE', #2446, 1000.000000000000114 ) ;
#2650 = VERTEX_POINT ( 'NONE', #4256 ) ;
#2651 = EDGE_CURVE ( 'NONE', #6243, #1080, #6899, .T. ) ;
#2652 = ORIENTED_EDGE ( 'NONE', *, *, #5086, .F. ) ;
#2653 = CARTESIAN_POINT ( 'NONE',  ( -22.99999999999996803, 30.00000000000001066, 0.000000000000000000 ) ) ;
#2654 = AXIS2_PLACEMENT_3D ( 'NONE', #2337, #5548, #2380 ) ;
#2655 = CARTESIAN_POINT ( 'NONE',  ( 26.00000000000000711, 32.99999999999999289, -3.000000000000002665 ) ) ;
#2656 = ADVANCED_FACE ( 'NONE', ( #243 ), #198, .F. ) ;
#2657 = LINE ( 'NONE', #7453, #8448 ) ;
#2658 = EDGE_CURVE ( 'NONE', #3388, #7207, #8287, .T. ) ;
#2659 = AXIS2_PLACEMENT_3D ( 'NONE', #6971, #2223, #4996 ) ;
#2660 = EDGE_CURVE ( 'NONE', #8333, #2319, #7036, .T. ) ;
#2661 = ORIENTED_EDGE ( 'NONE', *, *, #1979, .F. ) ;
#2662 = AXIS2_PLACEMENT_3D ( 'NONE', #8708, #1368, #6621 ) ;
#2663 = CARTESIAN_POINT ( 'NONE',  ( 23.00000000000000711, -32.99999999999999289, 1.000000000000000000 ) ) ;
#2664 = ORIENTED_EDGE ( 'NONE', *, *, #1456, .F. ) ;
#2665 = CARTESIAN_POINT ( 'NONE',  ( 26.00000000000001066, -15.83999999999999986, 7.400893641477320983 ) ) ;
#2666 = CARTESIAN_POINT ( 'NONE',  ( 16.50000000000000355, -15.34000000000000341, 7.400893641477320983 ) ) ;
#2667 = CARTESIAN_POINT ( 'NONE',  ( -17.00000000000001421, 0.000000000000000000, 2.500000000000000000 ) ) ;
#2668 = EDGE_LOOP ( 'NONE', ( #5843, #4947, #212, #3856 ) ) ;
#2669 = CARTESIAN_POINT ( 'NONE',  ( -5.977192789413255269, 3.623345629987757555, 4.225949607708941791 ) ) ;
#2670 = ORIENTED_EDGE ( 'NONE', *, *, #5346, .F. ) ;
#2671 = CARTESIAN_POINT ( 'NONE',  ( -16.49999999999997868, -15.84000000000000341, 7.400893641477320095 ) ) ;
#2672 = PLANE ( 'NONE',  #1361 ) ;
#2673 = VERTEX_POINT ( 'NONE', #2291 ) ;
#2674 = VECTOR ( 'NONE', #4302, 999.9999999999998863 ) ;
#2675 = CARTESIAN_POINT ( 'NONE',  ( 22.99999999999996803, -30.00000000000001421, -0.1788635809607192206 ) ) ;
#2676 = CARTESIAN_POINT ( 'NONE',  ( -15.72460686094505711, 14.18480338457612788, 0.000000000000000000 ) ) ;
#2677 = DIRECTION ( 'NONE',  ( -0.000000000000000000, -0.000000000000000000, -1.000000000000000000 ) ) ;
#2678 = VECTOR ( 'NONE', #6214, 1000.000000000000000 ) ;
#2679 = EDGE_LOOP ( 'NONE', ( #5789, #1556, #4955, #185, #3789, #7754, #5280 ) ) ;
#2680 = FACE_OUTER_BOUND ( 'NONE', #3063, .T. ) ;
#2681 = ORIENTED_EDGE ( 'NONE', *, *, #8045, .F. ) ;
#2682 = CYLINDRICAL_SURFACE ( 'NONE', #4401, 0.4999999999999994449 ) ;
#2683 = EDGE_LOOP ( 'NONE', ( #3999, #7417, #6252, #2691 ) ) ;
#2684 = CARTESIAN_POINT ( 'NONE',  ( 1.268872560800895943, 3.159999999999996145, 4.500000000000000000 ) ) ;
#2685 = AXIS2_PLACEMENT_3D ( 'NONE', #108, #8060, #2853 ) ;
#2686 =( NAMED_UNIT ( * ) SI_UNIT ( $, .STERADIAN. ) SOLID_ANGLE_UNIT ( ) );
#2687 = DIRECTION ( 'NONE',  ( 1.000000000000000000, 0.000000000000000000, 0.000000000000000000 ) ) ;
#2688 = ORIENTED_EDGE ( 'NONE', *, *, #4629, .F. ) ;
#2689 = EDGE_LOOP ( 'NONE', ( #1360, #7536, #1189, #6134 ) ) ;
#2690 = CIRCLE ( 'NONE', #700, 0.5000000000000004441 ) ;
#2691 = ORIENTED_EDGE ( 'NONE', *, *, #4197, .F. ) ;
#2692 = DIRECTION ( 'NONE',  ( 1.927470528863119739E-15, 1.000000000000000000, 0.000000000000000000 ) ) ;
#2693 = ORIENTED_EDGE ( 'NONE', *, *, #2041, .F. ) ;
#2694 = CARTESIAN_POINT ( 'NONE',  ( -60.99999999999989342, 16.49999999999999645, 2.500000000000000000 ) ) ;
#2695 = FACE_OUTER_BOUND ( 'NONE', #4995, .T. ) ;
#2696 = AXIS2_PLACEMENT_3D ( 'NONE', #5589, #670, #2018 ) ;
#2697 = DIRECTION ( 'NONE',  ( 0.7071067811865486830, 6.064261603062343996E-16, -0.7071067811865464625 ) ) ;
#2698 = EDGE_CURVE ( 'NONE', #4206, #7252, #2247, .T. ) ;
#2699 = AXIS2_PLACEMENT_3D ( 'NONE', #1967, #4647, #8549 ) ;
#2700 = CARTESIAN_POINT ( 'NONE',  ( -61.00000000000001421, 11.55402910725211640, 1.000000000000000000 ) ) ;
#2701 = CIRCLE ( 'NONE', #1866, 1.500000000000001332 ) ;
#2702 = ORIENTED_EDGE ( 'NONE', *, *, #7854, .F. ) ;
#2703 = FACE_OUTER_BOUND ( 'NONE', #7879, .T. ) ;
#2704 = ORIENTED_EDGE ( 'NONE', *, *, #4696, .F. ) ;
#2705 = CARTESIAN_POINT ( 'NONE',  ( -18.99999999999999645, -24.89390881316725412, 6.262925670333227224 ) ) ;
#2706 = LINE ( 'NONE', #7379, #8635 ) ;
#2707 = ADVANCED_FACE ( 'NONE', ( #5543 ), #4923, .F. ) ;
#2708 = EDGE_CURVE ( 'NONE', #3744, #2044, #7319, .T. ) ;
#2709 = AXIS2_PLACEMENT_3D ( 'NONE', #561, #7946, #5375 ) ;
#2710 = EDGE_CURVE ( 'NONE', #8333, #8709, #7660, .T. ) ;
#2711 = ADVANCED_FACE ( 'NONE', ( #6989 ), #1472, .F. ) ;
#2712 = CARTESIAN_POINT ( 'NONE',  ( -16.49999999999997513, 3.659999999999997033, 4.500000000000000888 ) ) ;
#2713 = ORIENTED_EDGE ( 'NONE', *, *, #5909, .T. ) ;
#2714 = DIRECTION ( 'NONE',  ( 0.000000000000000000, 0.000000000000000000, -1.000000000000000000 ) ) ;
#2715 = ORIENTED_EDGE ( 'NONE', *, *, #7710, .T. ) ;
#2716 = CARTESIAN_POINT ( 'NONE',  ( -20.00000000000000355, 33.99999999999999289, -5.837274330926434551 ) ) ;
#2717 = DIRECTION ( 'NONE',  ( -0.000000000000000000, 0.000000000000000000, 1.000000000000000000 ) ) ;
#2718 = VECTOR ( 'NONE', #263, 999.9999999999998863 ) ;
#2719 = EDGE_LOOP ( 'NONE', ( #6108, #3962, #6881, #3340, #1475, #2702, #5364, #5572 ) ) ;
#2720 = AXIS2_PLACEMENT_3D ( 'NONE', #6244, #7399, #4036 ) ;
#2721 = CARTESIAN_POINT ( 'NONE',  ( -16.49999999999997513, -15.34000000000000163, 7.400893641477320983 ) ) ;
#2722 = EDGE_CURVE ( 'NONE', #3144, #7571, #3198, .T. ) ;
#2723 = DIRECTION ( 'NONE',  ( -1.734723475976807489E-15, 1.000000000000000000, 0.000000000000000000 ) ) ;
#2724 = DIRECTION ( 'NONE',  ( 0.7071067811865471286, -0.7071067811865479058, 0.000000000000000000 ) ) ;
#2725 = CARTESIAN_POINT ( 'NONE',  ( 16.50000000000000355, -15.92944271909999010, 7.892828596527274421 ) ) ;
#2726 = ADVANCED_FACE ( 'NONE', ( #6409 ), #3770, .T. ) ;
#2727 = DIRECTION ( 'NONE',  ( 0.000000000000000000, -1.000000000000000000, 0.000000000000000000 ) ) ;
#2728 = AXIS2_PLACEMENT_3D ( 'NONE', #6492, #2418, #490 ) ;
#2729 = VECTOR ( 'NONE', #7220, 1000.000000000000000 ) ;
#2730 = ORIENTED_EDGE ( 'NONE', *, *, #7774, .T. ) ;
#2731 = DIRECTION ( 'NONE',  ( -0.000000000000000000, -0.000000000000000000, -1.000000000000000000 ) ) ;
#2732 = VERTEX_POINT ( 'NONE', #7838 ) ;
#2733 = FACE_OUTER_BOUND ( 'NONE', #254, .T. ) ;
#2734 = ORIENTED_EDGE ( 'NONE', *, *, #924, .T. ) ;
#2735 = DIRECTION ( 'NONE',  ( 1.000000000000000000, 0.000000000000000000, 0.000000000000000000 ) ) ;
#2736 = CARTESIAN_POINT ( 'NONE',  ( -16.49999999999989697, 17.75000000000002132, 2.500000000000000000 ) ) ;
#2737 = ORIENTED_EDGE ( 'NONE', *, *, #1183, .T. ) ;
#2738 = ORIENTED_EDGE ( 'NONE', *, *, #4216, .T. ) ;
#2739 = DIRECTION ( 'NONE',  ( -0.000000000000000000, -1.000000000000000000, -0.000000000000000000 ) ) ;
#2740 = DIRECTION ( 'NONE',  ( 1.000000000000000000, -1.927470528863119739E-15, 0.000000000000000000 ) ) ;
#2741 = ORIENTED_EDGE ( 'NONE', *, *, #6190, .F. ) ;
#2742 = CARTESIAN_POINT ( 'NONE',  ( -19.49999999999999289, -25.09735931288071953, 5.770990715283272898 ) ) ;
#2743 = CARTESIAN_POINT ( 'NONE',  ( 16.50000000000000355, -23.34000000000000341, 1.000000000000000000 ) ) ;
#2744 = CARTESIAN_POINT ( 'NONE',  ( -17.96446609406725514, -15.92944271909997589, 7.892828596527277973 ) ) ;
#2745 = CARTESIAN_POINT ( 'NONE',  ( -16.49999999999981881, 9.000000000000035527, 0.5000000000000000000 ) ) ;
#2746 = ORIENTED_EDGE ( 'NONE', *, *, #7670, .F. ) ;
#2747 = CARTESIAN_POINT ( 'NONE',  ( 0.000000000000000000, 3.159999999999996145, 1.000000000000000000 ) ) ;
#2748 = VERTEX_POINT ( 'NONE', #5874 ) ;
#2749 = DIRECTION ( 'NONE',  ( -5.457557003073101359E-16, 1.000000000000000000, -0.000000000000000000 ) ) ;
#2750 = CARTESIAN_POINT ( 'NONE',  ( -67.11000000000001364, 18.69999999999999929, -4.599999999999999645 ) ) ;
#2751 = AXIS2_PLACEMENT_3D ( 'NONE', #44, #6652, #7371 ) ;
#2752 = CARTESIAN_POINT ( 'NONE',  ( -16.50000000000001421, 29.00000000000000000, 2.500000000000000000 ) ) ;
#2753 = ORIENTED_EDGE ( 'NONE', *, *, #1943, .T. ) ;
#2754 = DIRECTION ( 'NONE',  ( 3.898255002195072399E-16, -1.000000000000000000, -0.000000000000000000 ) ) ;
#2755 = ORIENTED_EDGE ( 'NONE', *, *, #1214, .T. ) ;
#2756 = CARTESIAN_POINT ( 'NONE',  ( 13.98112743919909562, 3.159999999999996145, 4.500000000000000888 ) ) ;
#2757 = LINE ( 'NONE', #1289, #4748 ) ;
#2758 = EDGE_CURVE ( 'NONE', #4276, #6410, #410, .T. ) ;
#2759 = ORIENTED_EDGE ( 'NONE', *, *, #7193, .F. ) ;
#2760 = CARTESIAN_POINT ( 'NONE',  ( 26.00000000000000711, -27.00000000000003908, 1.000000000000000000 ) ) ;
#2761 = AXIS2_PLACEMENT_3D ( 'NONE', #1210, #4089, #1388 ) ;
#2762 = LINE ( 'NONE', #669, #837 ) ;
#2763 = CARTESIAN_POINT ( 'NONE',  ( 1.906249999999998224, 3.659999999999996589, 4.000000000000000000 ) ) ;
#2764 = ORIENTED_EDGE ( 'NONE', *, *, #6522, .F. ) ;
#2765 = EDGE_CURVE ( 'NONE', #2322, #6802, #8459, .T. ) ;
#2766 = CYLINDRICAL_SURFACE ( 'NONE', #6866, 1.250000000000001110 ) ;
#2767 = ORIENTED_EDGE ( 'NONE', *, *, #1951, .F. ) ;
#2768 = DIRECTION ( 'NONE',  ( -1.000000000000000000, 0.000000000000000000, 0.000000000000000000 ) ) ;
#2769 = EDGE_CURVE ( 'NONE', #2044, #3744, #1382, .T. ) ;
#2770 = ORIENTED_EDGE ( 'NONE', *, *, #4526, .T. ) ;
#2771 = ADVANCED_FACE ( 'NONE', ( #3117 ), #5223, .T. ) ;
#2772 = CYLINDRICAL_SURFACE ( 'NONE', #77, 1.249999999999996003 ) ;
#2773 = CARTESIAN_POINT ( 'NONE',  ( 23.00000000000000000, 33.00000000000000711, -9.553910524340087917 ) ) ;
#2774 = VERTEX_POINT ( 'NONE', #7122 ) ;
#2775 = ORIENTED_EDGE ( 'NONE', *, *, #2132, .T. ) ;
#2776 = ADVANCED_FACE ( 'NONE', ( #7923 ), #4391, .F. ) ;
#2777 = ORIENTED_EDGE ( 'NONE', *, *, #6088, .F. ) ;
#2778 = DIRECTION ( 'NONE',  ( -1.000000000000000000, 0.000000000000000000, 0.000000000000000000 ) ) ;
#2779 = FACE_OUTER_BOUND ( 'NONE', #2588, .T. ) ;
#2780 = EDGE_LOOP ( 'NONE', ( #5691, #4272, #1035, #6680, #4600, #3467, #515, #1367, #239, #7737, #5577, #3507, #2376, #7804, #7760, #1187, #8239, #4152, #3210, #4046, #6328, #3579, #6540, #8146, #3684, #3652, #5002, #8204, #4843, #1945, #3777, #1743, #3884, #4444, #7625, #7869, #5525, #8418, #2764, #2273, #8369, #5940 ) ) ;
#2781 = PLANE ( 'NONE',  #1374 ) ;
#2782 = DIRECTION ( 'NONE',  ( 1.000000000000000000, -1.927470528863119739E-15, 0.000000000000000000 ) ) ;
#2783 = DIRECTION ( 'NONE',  ( -1.734723475976807341E-16, 1.000000000000000000, 0.000000000000000000 ) ) ;
#2784 = AXIS2_PLACEMENT_3D ( 'NONE', #6391, #351, #4455 ) ;
#2785 = CARTESIAN_POINT ( 'NONE',  ( -2.562500000000015987, -15.83999999999999986, 7.400893641477320983 ) ) ;
#2786 = ORIENTED_EDGE ( 'NONE', *, *, #4331, .F. ) ;
#2787 = CYLINDRICAL_SURFACE ( 'NONE', #8012, 1.249999999999996003 ) ;
#2788 = ORIENTED_EDGE ( 'NONE', *, *, #1126, .T. ) ;
#2789 = VECTOR ( 'NONE', #3387, 1000.000000000000000 ) ;
#2790 = DIRECTION ( 'NONE',  ( -8.576161004829159278E-16, 1.000000000000000000, 0.000000000000000000 ) ) ;
#2791 = CARTESIAN_POINT ( 'NONE',  ( -13.83117518396746881, 3.450248910364980492, 4.413486547004838556 ) ) ;
#2792 = VECTOR ( 'NONE', #8017, 1000.000000000000000 ) ;
#2793 = AXIS2_PLACEMENT_3D ( 'NONE', #650, #8700, #6 ) ;
#2794 = CARTESIAN_POINT ( 'NONE',  ( -23.00000000000000000, 33.00000000000000000, 0.000000000000000000 ) ) ;
#2795 = CIRCLE ( 'NONE', #2101, 0.5000000000000004441 ) ;
#2796 = EDGE_CURVE ( 'NONE', #2895, #3982, #7597, .T. ) ;
#2797 = ORIENTED_EDGE ( 'NONE', *, *, #4328, .T. ) ;
#2798 = LINE ( 'NONE', #6980, #3229 ) ;
#2799 = ORIENTED_EDGE ( 'NONE', *, *, #7511, .F. ) ;
#2800 = DIRECTION ( 'NONE',  ( -1.000000000000000000, 0.000000000000000000, 0.000000000000000000 ) ) ;
#2801 = CARTESIAN_POINT ( 'NONE',  ( -23.00000000000000000, 33.00000000000000000, -2.200000000000000178 ) ) ;
#2802 = ORIENTED_EDGE ( 'NONE', *, *, #5234, .T. ) ;
#2803 = CARTESIAN_POINT ( 'NONE',  ( -12.68749999999997691, -15.34000000000000341, 4.500000000000000888 ) ) ;
#2804 = VECTOR ( 'NONE', #1092, 1000.000000000000000 ) ;
#2805 = DIRECTION ( 'NONE',  ( -0.000000000000000000, -1.000000000000000000, -0.000000000000000000 ) ) ;
#2806 = AXIS2_PLACEMENT_3D ( 'NONE', #8228, #268, #6124 ) ;
#2807 = CARTESIAN_POINT ( 'NONE',  ( -18.49916709992497843, -24.96580952510776186, 6.249852813616771918 ) ) ;
#2808 = CARTESIAN_POINT ( 'NONE',  ( 18.01085693148516853, -15.71864083094937037, 7.343523818606273679 ) ) ;
#2809 = PLANE ( 'NONE',  #1552 ) ;
#2810 = CYLINDRICAL_SURFACE ( 'NONE', #1250, 2.999999999999999112 ) ;
#2811 = EDGE_CURVE ( 'NONE', #6377, #4666, #3071, .T. ) ;
#2812 = ORIENTED_EDGE ( 'NONE', *, *, #5284, .F. ) ;
#2813 = LINE ( 'NONE', #1337, #3779 ) ;
#2814 = ORIENTED_EDGE ( 'NONE', *, *, #1614, .F. ) ;
#2815 = CARTESIAN_POINT ( 'NONE',  ( 19.00000000000000355, -22.99455728089999340, 6.100065044950050641 ) ) ;
#2816 = LINE ( 'NONE', #1860, #7736 ) ;
#2817 = ORIENTED_EDGE ( 'NONE', *, *, #6965, .T. ) ;
#2818 = FACE_OUTER_BOUND ( 'NONE', #83, .T. ) ;
#2819 = VECTOR ( 'NONE', #2783, 1000.000000000000000 ) ;
#2820 = ADVANCED_FACE ( 'NONE', ( #4515 ), #5794, .F. ) ;
#2821 = EDGE_CURVE ( 'NONE', #7289, #8615, #2432, .T. ) ;
#2822 = ORIENTED_EDGE ( 'NONE', *, *, #3471, .T. ) ;
#2823 = EDGE_LOOP ( 'NONE', ( #1309, #3995, #8594, #939 ) ) ;
#2824 =( BOUNDED_CURVE ( )  B_SPLINE_CURVE ( 3, ( #1149, #3766, #3114, #8499 ),
 .UNSPECIFIED., .F., .F. ) 
 B_SPLINE_CURVE_WITH_KNOTS ( ( 4, 4 ),
 ( 4.712388980384689674, 7.853981633974482790 ),
 .UNSPECIFIED. ) 
 CURVE ( )  GEOMETRIC_REPRESENTATION_ITEM ( )  RATIONAL_B_SPLINE_CURVE ( ( 1.000000000000000000, 0.3333333333333333703, 0.3333333333333333703, 1.000000000000000000 ) ) 
 REPRESENTATION_ITEM ( '' )  );
#2825 = DIRECTION ( 'NONE',  ( -0.000000000000000000, -0.000000000000000000, 1.000000000000000000 ) ) ;
#2826 = VECTOR ( 'NONE', #6686, 1000.000000000000000 ) ;
#2827 = ORIENTED_EDGE ( 'NONE', *, *, #7192, .F. ) ;
#2828 = DIRECTION ( 'NONE',  ( -1.000000000000000000, 0.000000000000000000, 0.000000000000000000 ) ) ;
#2829 = EDGE_CURVE ( 'NONE', #6117, #4532, #7257, .T. ) ;
#2830 = LINE ( 'NONE', #5519, #8 ) ;
#2831 = AXIS2_PLACEMENT_3D ( 'NONE', #2639, #2854, #8247 ) ;
#2832 = EDGE_CURVE ( 'NONE', #2236, #7826, #1154, .T. ) ;
#2833 = DIRECTION ( 'NONE',  ( 1.000000000000000000, -0.000000000000000000, -0.000000000000000000 ) ) ;
#2834 = ORIENTED_EDGE ( 'NONE', *, *, #1183, .F. ) ;
#2835 = FACE_OUTER_BOUND ( 'NONE', #6565, .T. ) ;
#2836 = EDGE_LOOP ( 'NONE', ( #5167, #5717, #5533, #4133 ) ) ;
#2837 = VECTOR ( 'NONE', #3918, 1000.000000000000000 ) ;
#2838 = CARTESIAN_POINT ( 'NONE',  ( -22.99999999999999645, -33.00000000000000000, 0.000000000000000000 ) ) ;
#2839 = DIRECTION ( 'NONE',  ( 1.734723475976805517E-15, -1.000000000000000000, -5.204170427930416550E-15 ) ) ;
#2840 = APPLICATION_CONTEXT ( 'automotive_design' ) ;
#2841 = CARTESIAN_POINT ( 'NONE',  ( -7.624999999999999112, -24.33999999999999986, 1.000000000000000000 ) ) ;
#2842 = VECTOR ( 'NONE', #2805, 1000.000000000000000 ) ;
#2843 = DIRECTION ( 'NONE',  ( -0.000000000000000000, -0.000000000000000000, 1.000000000000000000 ) ) ;
#2844 = ORIENTED_EDGE ( 'NONE', *, *, #6028, .F. ) ;
#2845 = ORIENTED_EDGE ( 'NONE', *, *, #6520, .F. ) ;
#2846 = FACE_OUTER_BOUND ( 'NONE', #4423, .T. ) ;
#2847 = LINE ( 'NONE', #4248, #6874 ) ;
#2848 = VERTEX_POINT ( 'NONE', #2505 ) ;
#2849 = DIRECTION ( 'NONE',  ( 0.000000000000000000, 1.000000000000000000, 0.000000000000000000 ) ) ;
#2850 = AXIS2_PLACEMENT_3D ( 'NONE', #6026, #2740, #2692 ) ;
#2851 = AXIS2_PLACEMENT_3D ( 'NONE', #4144, #823, #2778 ) ;
#2852 = DIRECTION ( 'NONE',  ( 0.000000000000000000, 1.000000000000000000, 0.000000000000000000 ) ) ;
#2853 = DIRECTION ( 'NONE',  ( 1.000000000000000000, -1.508455196501571922E-16, 0.000000000000000000 ) ) ;
#2854 = DIRECTION ( 'NONE',  ( 0.000000000000000000, 0.000000000000000000, -1.000000000000000000 ) ) ;
#2855 = DIRECTION ( 'NONE',  ( -0.000000000000000000, -0.000000000000000000, 1.000000000000000000 ) ) ;
#2856 = ORIENTED_EDGE ( 'NONE', *, *, #7950, .T. ) ;
#2857 = AXIS2_PLACEMENT_3D ( 'NONE', #1192, #7918, #4428 ) ;
#2858 = DIRECTION ( 'NONE',  ( 0.000000000000000000, 0.000000000000000000, -1.000000000000000000 ) ) ;
#2859 = VECTOR ( 'NONE', #1580, 1000.000000000000114 ) ;
#2860 = VERTEX_POINT ( 'NONE', #5178 ) ;
#2861 = LINE ( 'NONE', #7436, #6507 ) ;
#2862 = CARTESIAN_POINT ( 'NONE',  ( -12.68749999999997691, -15.34000000000000341, 4.500000000000000888 ) ) ;
#2863 = VERTEX_POINT ( 'NONE', #3862 ) ;
#2864 = PRODUCT_CONTEXT ( 'NONE', #7296, 'mechanical' ) ;
#2865 = EDGE_CURVE ( 'NONE', #7423, #6719, #7328, .T. ) ;
#2866 = EDGE_CURVE ( 'NONE', #1639, #5621, #2961, .T. ) ;
#2867 = CIRCLE ( 'NONE', #7497, 1.249999999999996003 ) ;
#2868 = LINE ( 'NONE', #6772, #1690 ) ;
#2869 = VERTEX_POINT ( 'NONE', #8139 ) ;
#2870 = VERTEX_POINT ( 'NONE', #6577 ) ;
#2871 = ORIENTED_EDGE ( 'NONE', *, *, #6862, .F. ) ;
#2872 = ORIENTED_EDGE ( 'NONE', *, *, #3988, .F. ) ;
#2873 = FACE_OUTER_BOUND ( 'NONE', #3527, .T. ) ;
#2874 = VERTEX_POINT ( 'NONE', #704 ) ;
#2875 = CARTESIAN_POINT ( 'NONE',  ( -18.00000000000001066, 27.75000000000000000, 0.5000000000000000000 ) ) ;
#2876 = EDGE_CURVE ( 'NONE', #3120, #6992, #6704, .T. ) ;
#2877 = FACE_OUTER_BOUND ( 'NONE', #5558, .T. ) ;
#2878 = EDGE_CURVE ( 'NONE', #7546, #5976, #5304, .T. ) ;
#2879 = DIRECTION ( 'NONE',  ( 1.000000000000000000, -1.927470528863119739E-15, 0.000000000000000000 ) ) ;
#2880 = CARTESIAN_POINT ( 'NONE',  ( -67.11000000000001364, 18.69999999999999929, -5.599999999999999645 ) ) ;
#2881 = CYLINDRICAL_SURFACE ( 'NONE', #1241, 0.4999999999999995559 ) ;
#2882 = EDGE_LOOP ( 'NONE', ( #4735, #6510, #4855, #5132 ) ) ;
#2883 = CARTESIAN_POINT ( 'NONE',  ( 26.00000000000001066, -15.83999999999999986, 7.400893641477320983 ) ) ;
#2884 = EDGE_CURVE ( 'NONE', #1764, #2263, #3285, .T. ) ;
#2885 = ORIENTED_EDGE ( 'NONE', *, *, #7344, .F. ) ;
#2886 = CARTESIAN_POINT ( 'NONE',  ( 13.34374999999998757, 3.659999999999996145, 4.000000000000000000 ) ) ;
#2887 = EDGE_CURVE ( 'NONE', #1319, #3352, #8705, .T. ) ;
#2888 = DIRECTION ( 'NONE',  ( 0.000000000000000000, -0.000000000000000000, 1.000000000000000000 ) ) ;
#2889 = VECTOR ( 'NONE', #2896, 999.9999999999998863 ) ;
#2890 = EDGE_LOOP ( 'NONE', ( #1581, #4034, #5373, #8111 ) ) ;
#2891 = CARTESIAN_POINT ( 'NONE',  ( -18.99999999999999645, -15.34000000000000341, 8.000000000000000000 ) ) ;
#2892 = EDGE_LOOP ( 'NONE', ( #8457, #7016 ) ) ;
#2893 = DIRECTION ( 'NONE',  ( 0.000000000000000000, 0.000000000000000000, -1.000000000000000000 ) ) ;
#2894 = LINE ( 'NONE', #6845, #1086 ) ;
#2895 = VERTEX_POINT ( 'NONE', #616 ) ;
#2896 = DIRECTION ( 'NONE',  ( -0.7071067811865486830, -2.756482546846519371E-16, 0.7071067811865464625 ) ) ;
#2897 = DIRECTION ( 'NONE',  ( 0.000000000000000000, 0.000000000000000000, -1.000000000000000000 ) ) ;
#2898 = DIRECTION ( 'NONE',  ( 0.7071067811865479058, 0.7071067811865471286, 0.000000000000000000 ) ) ;
#2899 = AXIS2_PLACEMENT_3D ( 'NONE', #8529, #5211, #4459 ) ;
#2900 = CARTESIAN_POINT ( 'NONE',  ( 2.562500000000019540, -15.34000000000000341, 4.500000000000001776 ) ) ;
#2901 = DIRECTION ( 'NONE',  ( -0.000000000000000000, -0.000000000000000000, 1.000000000000000000 ) ) ;
#2902 = ORIENTED_EDGE ( 'NONE', *, *, #5339, .T. ) ;
#2903 = CARTESIAN_POINT ( 'NONE',  ( 24.00000000000000711, -30.00000000000001421, -0.1788635809607200811 ) ) ;
#2904 = ORIENTED_EDGE ( 'NONE', *, *, #588, .F. ) ;
#2905 =( LENGTH_UNIT ( ) NAMED_UNIT ( * ) SI_UNIT ( .MILLI., .METRE. ) );
#2906 = DIRECTION ( 'NONE',  ( -0.000000000000000000, 0.9838699100999074298, 0.1788854381999831489 ) ) ;
#2907 = ORIENTED_EDGE ( 'NONE', *, *, #7012, .F. ) ;
#2908 = EDGE_LOOP ( 'NONE', ( #908, #6956, #3636, #8473 ) ) ;
#2909 = ORIENTED_EDGE ( 'NONE', *, *, #1856, .F. ) ;
#2910 = VERTEX_POINT ( 'NONE', #3324 ) ;
#2911 = DIRECTION ( 'NONE',  ( -1.825265996354550011E-15, -0.9838699100999075409, -0.1788854381999831766 ) ) ;
#2912 = ADVANCED_FACE ( 'NONE', ( #4683 ), #3418, .F. ) ;
#2913 = ORIENTED_EDGE ( 'NONE', *, *, #1736, .T. ) ;
#2914 = DIRECTION ( 'NONE',  ( 0.000000000000000000, -0.000000000000000000, -1.000000000000000000 ) ) ;
#2915 = DIRECTION ( 'NONE',  ( 0.000000000000000000, 0.000000000000000000, -1.000000000000000000 ) ) ;
#2916 = CYLINDRICAL_SURFACE ( 'NONE', #6975, 1.500000000000001332 ) ;
#2917 = CARTESIAN_POINT ( 'NONE',  ( -16.49999999999989697, 16.50000000000002132, 2.000000000000000000 ) ) ;
#2918 = CARTESIAN_POINT ( 'NONE',  ( -6.375000000000000888, -24.33999999999999986, 6.363636363636364202 ) ) ;
#2919 = DIRECTION ( 'NONE',  ( 1.051347561198065081E-16, 1.000000000000000000, 0.000000000000000000 ) ) ;
#2920 = ADVANCED_FACE ( 'NONE', ( #8004 ), #1323, .F. ) ;
#2921 = EDGE_CURVE ( 'NONE', #49, #8297, #56, .T. ) ;
#2922 = CARTESIAN_POINT ( 'NONE',  ( 10.18750000000000178, 3.003749999999987264, 1.000000000000000000 ) ) ;
#2923 = ORIENTED_EDGE ( 'NONE', *, *, #4055, .T. ) ;
#2924 = CYLINDRICAL_SURFACE ( 'NONE', #524, 2.999999999999999112 ) ;
#2925 = PLANE ( 'NONE',  #6825 ) ;
#2926 = CYLINDRICAL_SURFACE ( 'NONE', #2995, 2.599999999999998312 ) ;
#2927 = LINE ( 'NONE', #8318, #3677 ) ;
#2928 = EDGE_CURVE ( 'NONE', #1155, #684, #7032, .T. ) ;
#2929 = EDGE_CURVE ( 'NONE', #832, #723, #5389, .T. ) ;
#2930 = EDGE_LOOP ( 'NONE', ( #3257, #2365, #4294, #6958 ) ) ;
#2931 = FACE_OUTER_BOUND ( 'NONE', #7527, .T. ) ;
#2932 = VECTOR ( 'NONE', #2906, 1000.000000000000114 ) ;
#2933 = ORIENTED_EDGE ( 'NONE', *, *, #710, .F. ) ;
#2934 = FACE_OUTER_BOUND ( 'NONE', #5634, .T. ) ;
#2935 = VERTEX_POINT ( 'NONE', #3981 ) ;
#2936 = CARTESIAN_POINT ( 'NONE',  ( 5.848210019222785938, 3.659999999999997033, 4.113001826540986450 ) ) ;
#2937 = CARTESIAN_POINT ( 'NONE',  ( -25.99999999999999289, -36.00000000000000000, 1.000000000000000000 ) ) ;
#2938 = VECTOR ( 'NONE', #6221, 1000.000000000000000 ) ;
#2939 = AXIS2_PLACEMENT_3D ( 'NONE', #8557, #7975, #2561 ) ;
#2940 = DIRECTION ( 'NONE',  ( 0.000000000000000000, 0.000000000000000000, -1.000000000000000000 ) ) ;
#2941 = EDGE_CURVE ( 'NONE', #4224, #6955, #2631, .T. ) ;
#2942 = DIRECTION ( 'NONE',  ( 1.711123806053224772E-06, 0.9999999999985360599, 0.000000000000000000 ) ) ;
#2943 = ORIENTED_EDGE ( 'NONE', *, *, #3891, .F. ) ;
#2944 = LINE ( 'NONE', #6373, #8576 ) ;
#2945 = EDGE_LOOP ( 'NONE', ( #8558, #333, #5182, #664 ) ) ;
#2946 = PLANE ( 'NONE',  #4954 ) ;
#2947 = DIRECTION ( 'NONE',  ( -1.000000000000000000, 0.000000000000000000, 0.000000000000000000 ) ) ;
#2948 = ORIENTED_EDGE ( 'NONE', *, *, #5669, .T. ) ;
#2949 = VECTOR ( 'NONE', #7871, 1000.000000000000114 ) ;
#2950 = VECTOR ( 'NONE', #7071, 1000.000000000000114 ) ;
#2951 = FACE_OUTER_BOUND ( 'NONE', #4339, .T. ) ;
#2952 = LINE ( 'NONE', #1072, #1261 ) ;
#2953 = AXIS2_PLACEMENT_3D ( 'NONE', #2036, #4712, #43 ) ;
#2954 = ORIENTED_EDGE ( 'NONE', *, *, #6790, .T. ) ;
#2955 = VERTEX_POINT ( 'NONE', #3370 ) ;
#2956 = ORIENTED_EDGE ( 'NONE', *, *, #5394, .T. ) ;
#2957 = FACE_OUTER_BOUND ( 'NONE', #3904, .T. ) ;
#2958 = VERTEX_POINT ( 'NONE', #1963 ) ;
#2959 = CARTESIAN_POINT ( 'NONE',  ( -12.68749999999997691, -15.34000000000000341, 4.500000000000000888 ) ) ;
#2960 = DIRECTION ( 'NONE',  ( -0.000000000000000000, -0.000000000000000000, 1.000000000000000000 ) ) ;
#2961 = CIRCLE ( 'NONE', #8726, 0.5000000000000004441 ) ;
#2962 = LINE ( 'NONE', #2217, #1770 ) ;
#2963 = CARTESIAN_POINT ( 'NONE',  ( -61.00000000000001421, 25.84597089274787862, -2.299999999999999822 ) ) ;
#2964 = FACE_OUTER_BOUND ( 'NONE', #5830, .T. ) ;
#2965 = PLANE ( 'NONE',  #5913 ) ;
#2966 = VECTOR ( 'NONE', #7812, 1000.000000000000000 ) ;
#2967 = LINE ( 'NONE', #4805, #386 ) ;
#2968 = ORIENTED_EDGE ( 'NONE', *, *, #6847, .T. ) ;
#2969 = PLANE ( 'NONE',  #7868 ) ;
#2970 = EDGE_LOOP ( 'NONE', ( #3976, #7524, #809, #5021, #6892, #6383, #7643 ) ) ;
#2971 = LINE ( 'NONE', #4287, #3175 ) ;
#2972 = VECTOR ( 'NONE', #5093, 1000.000000000000000 ) ;
#2973 = ADVANCED_FACE ( 'NONE', ( #6045 ), #7963, .T. ) ;
#2974 = VERTEX_POINT ( 'NONE', #1196 ) ;
#2975 = DIRECTION ( 'NONE',  ( 0.000000000000000000, 1.000000000000000000, 0.000000000000000000 ) ) ;
#2976 = AXIS2_PLACEMENT_3D ( 'NONE', #7647, #6397, #357 ) ;
#2977 = EDGE_LOOP ( 'NONE', ( #8143, #7162, #7654 ) ) ;
#2978 = EDGE_CURVE ( 'NONE', #4464, #5384, #576, .T. ) ;
#2979 = CARTESIAN_POINT ( 'NONE',  ( -17.00000000000001421, 0.000000000000000000, 2.000000000000000000 ) ) ;
#2980 = ORIENTED_EDGE ( 'NONE', *, *, #224, .T. ) ;
#2981 = CARTESIAN_POINT ( 'NONE',  ( 2.562500000000002220, -24.33999999999999986, 7.900893641477321871 ) ) ;
#2982 = EDGE_CURVE ( 'NONE', #461, #788, #1243, .T. ) ;
#2984 = EDGE_CURVE ( 'NONE', #7974, #167, #4597, .T. ) ;
#2983 = DIRECTION ( 'NONE',  ( 1.000000000000000000, 0.000000000000000000, 0.000000000000000000 ) ) ;
#2985 = EDGE_CURVE ( 'NONE', #6160, #4044, #3238, .T. ) ;
#2986 = LINE ( 'NONE', #5051, #6048 ) ;
#2987 = CIRCLE ( 'NONE', #5918, 1.500000000000001332 ) ;
#2988 = CARTESIAN_POINT ( 'NONE',  ( 0.000000000000000000, 0.000000000000000000, 2.500000000000000000 ) ) ;
#2989 = CARTESIAN_POINT ( 'NONE',  ( -8.874999999999980460, 3.003749999999987264, 4.500000000000000888 ) ) ;
#2990 = ORIENTED_EDGE ( 'NONE', *, *, #5988, .T. ) ;
#2991 = DIRECTION ( 'NONE',  ( -0.7071079911327607936, -0.7071055712382637859, 0.000000000000000000 ) ) ;
#2992 = ORIENTED_EDGE ( 'NONE', *, *, #2504, .T. ) ;
#2993 = CARTESIAN_POINT ( 'NONE',  ( 12.29999999999999893, 6.499999999999999112, 0.9999999999999970024 ) ) ;
#2994 = CARTESIAN_POINT ( 'NONE',  ( 24.00000000000000355, 28.50000000000000355, -5.837274330926434551 ) ) ;
#2995 = AXIS2_PLACEMENT_3D ( 'NONE', #2275, #8274, #5479 ) ;
#2996 = EDGE_CURVE ( 'NONE', #1346, #1409, #3389, .T. ) ;
#2997 = EDGE_LOOP ( 'NONE', ( #3736, #2324, #5553, #944 ) ) ;
#2999 = EDGE_CURVE ( 'NONE', #5728, #6371, #6133, .T. ) ;
#2998 = LINE ( 'NONE', #5060, #3265 ) ;
#3000 = VECTOR ( 'NONE', #5586, 1000.000000000000000 ) ;
#3001 = ORIENTED_EDGE ( 'NONE', *, *, #483, .T. ) ;
#3002 = ORIENTED_EDGE ( 'NONE', *, *, #3688, .F. ) ;
#3003 = ORIENTED_EDGE ( 'NONE', *, *, #5992, .F. ) ;
#3004 = CARTESIAN_POINT ( 'NONE',  ( 16.49999999999998224, -26.34000000000000341, 5.582711823295503528 ) ) ;
#3005 = ORIENTED_EDGE ( 'NONE', *, *, #5249, .F. ) ;
#3006 = CARTESIAN_POINT ( 'NONE',  ( 22.99999999999999645, -36.00000000000000000, -3.000000000000002665 ) ) ;
#3007 = CARTESIAN_POINT ( 'NONE',  ( -22.99999999999999289, -32.99999999999999289, -10.35391052434009040 ) ) ;
#3008 = CIRCLE ( 'NONE', #7934, 0.6562500000000109912 ) ;
#3009 = DIRECTION ( 'NONE',  ( -0.000000000000000000, -0.000000000000000000, -1.000000000000000000 ) ) ;
#3010 = CARTESIAN_POINT ( 'NONE',  ( -18.00000000000000711, 14.00000000000002842, 0.5000000000000000000 ) ) ;
#3011 = DIRECTION ( 'NONE',  ( 0.000000000000000000, 0.000000000000000000, -1.000000000000000000 ) ) ;
#3012 = DIRECTION ( 'NONE',  ( 1.000000000000000000, -0.000000000000000000, -0.000000000000000000 ) ) ;
#3013 = ORIENTED_EDGE ( 'NONE', *, *, #1802, .F. ) ;
#3014 = CARTESIAN_POINT ( 'NONE',  ( 0.000000000000000000, 0.000000000000000000, 4.500000000000000888 ) ) ;
#3015 = CARTESIAN_POINT ( 'NONE',  ( 12.72703656445361631, 3.244292926283402601, 4.499999999999999112 ) ) ;
#3016 = CARTESIAN_POINT ( 'NONE',  ( 8.914536564453619860, 3.244292926283403933, 4.500000000000000888 ) ) ;
#3017 = CYLINDRICAL_SURFACE ( 'NONE', #3670, 0.4999999999999995559 ) ;
#3018 = EDGE_LOOP ( 'NONE', ( #6816, #341, #3123, #8546 ) ) ;
#3019 = CARTESIAN_POINT ( 'NONE',  ( 5.460307210586732296, 3.623345629987757555, 4.225949607708941791 ) ) ;
#3020 = EDGE_CURVE ( 'NONE', #6146, #708, #8236, .T. ) ;
#3021 = ORIENTED_EDGE ( 'NONE', *, *, #4117, .F. ) ;
#3022 = CARTESIAN_POINT ( 'NONE',  ( -19.49999999999999645, -18.34000000000002473, 6.946348186931863289 ) ) ;
#3023 = ORIENTED_EDGE ( 'NONE', *, *, #8101, .F. ) ;
#3024 = DIRECTION ( 'NONE',  ( 1.000000000000000000, 0.000000000000000000, 0.000000000000000000 ) ) ;
#3025 = DIRECTION ( 'NONE',  ( -1.000000000000000000, 0.000000000000000000, 0.000000000000000000 ) ) ;
#3026 = CARTESIAN_POINT ( 'NONE',  ( -14.49999999999999467, 27.49999999999999645, -1.800000000000000488 ) ) ;
#3027 = CARTESIAN_POINT ( 'NONE',  ( 19.50000000000000355, -18.34000000000000696, 6.946348186931865953 ) ) ;
#3028 = LINE ( 'NONE', #7035, #5788 ) ;
#3029 = CARTESIAN_POINT ( 'NONE',  ( 10.16862743919909917, 3.159999999999996145, 4.500000000000000888 ) ) ;
#3030 = VERTEX_POINT ( 'NONE', #5698 ) ;
#3031 = EDGE_CURVE ( 'NONE', #8011, #6688, #5530, .T. ) ;
#3032 = CYLINDRICAL_SURFACE ( 'NONE', #110, 1.249999999999997558 ) ;
#3033 = ORIENTED_EDGE ( 'NONE', *, *, #1891, .F. ) ;
#3034 = CARTESIAN_POINT ( 'NONE',  ( 11.50000000000000533, 31.50000000000000000, 1.000000000000000000 ) ) ;
#3035 = EDGE_CURVE ( 'NONE', #1773, #1031, #7102, .T. ) ;
#3036 = DIRECTION ( 'NONE',  ( 1.000000000000000000, 0.000000000000000000, 0.000000000000000000 ) ) ;
#3037 = ORIENTED_EDGE ( 'NONE', *, *, #6800, .T. ) ;
#3038 = PRODUCT_DEFINITION_CONTEXT ( 'detailed design', #2840, 'design' ) ;
#3039 = EDGE_CURVE ( 'NONE', #3436, #7085, #8482, .T. ) ;
#3040 = ORIENTED_EDGE ( 'NONE', *, *, #3342, .T. ) ;
#3041 = EDGE_CURVE ( 'NONE', #1409, #1346, #1003, .T. ) ;
#3042 = ORIENTED_EDGE ( 'NONE', *, *, #1935, .F. ) ;
#3043 = EDGE_CURVE ( 'NONE', #4206, #188, #7460, .T. ) ;
#3044 = ORIENTED_EDGE ( 'NONE', *, *, #7125, .T. ) ;
#3045 = LINE ( 'NONE', #4447, #2859 ) ;
#3046 = ORIENTED_EDGE ( 'NONE', *, *, #223, .T. ) ;
#3047 = DIRECTION ( 'NONE',  ( 1.000000000000000000, -0.000000000000000000, -0.000000000000000000 ) ) ;
#3048 = CARTESIAN_POINT ( 'NONE',  ( 12.29999999999999893, 31.50000000000000000, 1.000000000000000000 ) ) ;
#3049 = DIRECTION ( 'NONE',  ( 0.000000000000000000, 0.000000000000000000, 1.000000000000000000 ) ) ;
#3050 = CARTESIAN_POINT ( 'NONE',  ( -12.68749999999999467, -24.33999999999999986, 6.363636363636365090 ) ) ;
#3051 = CIRCLE ( 'NONE', #7134, 1.250000000000001110 ) ;
#3052 = CARTESIAN_POINT ( 'NONE',  ( 26.00000000000001066, -15.92944271909999010, 7.892828596527274421 ) ) ;
#3053 = LINE ( 'NONE', #5075, #7716 ) ;
#3054 = CARTESIAN_POINT ( 'NONE',  ( -10.18750000000001776, -15.34000000000000341, 7.900893641477321871 ) ) ;
#3055 = ORIENTED_EDGE ( 'NONE', *, *, #8695, .F. ) ;
#3056 = DIRECTION ( 'NONE',  ( 1.000000000000000000, 0.000000000000000000, 0.000000000000000000 ) ) ;
#3057 = LINE ( 'NONE', #229, #8391 ) ;
#3058 = FACE_OUTER_BOUND ( 'NONE', #7947, .T. ) ;
#3059 = CARTESIAN_POINT ( 'NONE',  ( -19.49999999999999645, 3.659999999999996145, 4.000000000000000000 ) ) ;
#3060 = CARTESIAN_POINT ( 'NONE',  ( -60.49999999999989342, 16.49999999999999645, 2.000000000000000000 ) ) ;
#3061 = ORIENTED_EDGE ( 'NONE', *, *, #439, .F. ) ;
#3062 = CARTESIAN_POINT ( 'NONE',  ( -19.44457519512165078, -17.63945012685512737, 7.581918158753716774 ) ) ;
#3063 = EDGE_LOOP ( 'NONE', ( #5110, #4982, #7727, #3986, #5875, #1100 ) ) ;
#3064 = CARTESIAN_POINT ( 'NONE',  ( -64.26000000000000512, 18.69999999999999929, 7.900893641477321871 ) ) ;
#3065 = ORIENTED_EDGE ( 'NONE', *, *, #7023, .F. ) ;
#3066 = DIRECTION ( 'NONE',  ( 1.000000000000000000, 0.000000000000000000, 0.000000000000000000 ) ) ;
#3067 = FACE_OUTER_BOUND ( 'NONE', #1907, .T. ) ;
#3068 = DIRECTION ( 'NONE',  ( -0.000000000000000000, -0.000000000000000000, 1.000000000000000000 ) ) ;
#3069 = DIRECTION ( 'NONE',  ( 0.000000000000000000, 0.000000000000000000, -1.000000000000000000 ) ) ;
#3070 = CARTESIAN_POINT ( 'NONE',  ( -16.49999999999997513, 25.25000000000000711, 2.500000000000000000 ) ) ;
#3071 = LINE ( 'NONE', #412, #5761 ) ;
#3072 = EDGE_LOOP ( 'NONE', ( #7316, #4262, #4162, #8408, #2234, #6027 ) ) ;
#3073 = PLANE ( 'NONE',  #4613 ) ;
#3074 = ORIENTED_EDGE ( 'NONE', *, *, #7567, .T. ) ;
#3075 = CARTESIAN_POINT ( 'NONE',  ( -12.68749999999999467, -26.83999999999999275, 5.909090909090911836 ) ) ;
#3076 = EDGE_LOOP ( 'NONE', ( #90, #8728, #3171, #6888 ) ) ;
#3077 = VERTEX_POINT ( 'NONE', #3716 ) ;
#3078 = VECTOR ( 'NONE', #7514, 1000.000000000000000 ) ;
#3079 = CARTESIAN_POINT ( 'NONE',  ( -22.99999999999999289, 36.00000000000000000, -2.299999999999999822 ) ) ;
#3080 = AXIS2_PLACEMENT_3D ( 'NONE', #1429, #768, #6677 ) ;
#3081 = EDGE_CURVE ( 'NONE', #5099, #3808, #4412, .T. ) ;
#3082 = ORIENTED_EDGE ( 'NONE', *, *, #1129, .F. ) ;
#3083 = SURFACE_STYLE_FILL_AREA ( #422 ) ;
#3084 = AXIS2_PLACEMENT_3D ( 'NONE', #3154, #4463, #5745 ) ;
#3085 = ORIENTED_EDGE ( 'NONE', *, *, #8277, .T. ) ;
#3086 = CARTESIAN_POINT ( 'NONE',  ( -16.49999999999985789, 14.00000000000003020, 2.500000000000000000 ) ) ;
#3087 = VECTOR ( 'NONE', #6803, 1000.000000000000000 ) ;
#3088 = EDGE_LOOP ( 'NONE', ( #3477, #6792, #4506, #413, #2734, #3631 ) ) ;
#3089 = ADVANCED_FACE ( 'NONE', ( #3097 ), #4323, .F. ) ;
#3090 = DIRECTION ( 'NONE',  ( -0.000000000000000000, -0.000000000000000000, 1.000000000000000000 ) ) ;
#3091 = DIRECTION ( 'NONE',  ( -0.000000000000000000, -0.000000000000000000, 1.000000000000000000 ) ) ;
#3092 = DIRECTION ( 'NONE',  ( -0.000000000000000000, -0.000000000000000000, -1.000000000000000000 ) ) ;
#3094 = ADVANCED_FACE ( 'NONE', ( #1415 ), #2358, .F. ) ;
#3093 = DIRECTION ( 'NONE',  ( 0.000000000000000000, 0.000000000000000000, -1.000000000000000000 ) ) ;
#3095 = AXIS2_PLACEMENT_3D ( 'NONE', #997, #5157, #7855 ) ;
#3096 = EDGE_CURVE ( 'NONE', #5705, #8050, #7010, .T. ) ;
#3097 = FACE_OUTER_BOUND ( 'NONE', #2640, .T. ) ;
#3098 = CARTESIAN_POINT ( 'NONE',  ( -67.91000000000001080, 3.659999999999996145, 4.000000000000000000 ) ) ;
#3099 = LINE ( 'NONE', #5776, #4979 ) ;
#3100 = VECTOR ( 'NONE', #8415, 999.9999999999998863 ) ;
#3101 = ORIENTED_EDGE ( 'NONE', *, *, #4106, .F. ) ;
#3102 = FACE_OUTER_BOUND ( 'NONE', #8644, .T. ) ;
#3103 = FILL_AREA_STYLE_COLOUR ( '', #8109 ) ;
#3104 = EDGE_CURVE ( 'NONE', #2404, #7783, #3669, .T. ) ;
#3105 = DIRECTION ( 'NONE',  ( -1.734723475976807489E-15, 1.000000000000000000, 0.000000000000000000 ) ) ;
#3106 = EDGE_CURVE ( 'NONE', #4972, #8088, #6840, .T. ) ;
#3107 = VECTOR ( 'NONE', #1761, 1000.000000000000000 ) ;
#3108 = ORIENTED_EDGE ( 'NONE', *, *, #4551, .F. ) ;
#3109 = CARTESIAN_POINT ( 'NONE',  ( -18.39316034643496778, -15.97698797177505625, 7.884184005131754880 ) ) ;
#3110 = ORIENTED_EDGE ( 'NONE', *, *, #4318, .T. ) ;
#3111 = DIRECTION ( 'NONE',  ( 0.000000000000000000, -0.000000000000000000, 1.000000000000000000 ) ) ;
#3112 = ORIENTED_EDGE ( 'NONE', *, *, #2982, .T. ) ;
#3113 = VECTOR ( 'NONE', #2677, 1000.000000000000000 ) ;
#3114 = CARTESIAN_POINT ( 'NONE',  ( -2.562500000000003997, -26.83999999999999275, 5.909090909090911836 ) ) ;
#3115 = DIRECTION ( 'NONE',  ( 1.000000000000000000, 0.000000000000000000, 0.000000000000000000 ) ) ;
#3116 = VECTOR ( 'NONE', #3168, 1000.000000000000000 ) ;
#3117 = FACE_OUTER_BOUND ( 'NONE', #6581, .T. ) ;
#3118 = ORIENTED_EDGE ( 'NONE', *, *, #4158, .T. ) ;
#3119 = CARTESIAN_POINT ( 'NONE',  ( -13.70000000000000462, 27.49999999999999645, -1.800000000000000488 ) ) ;
#3120 = VERTEX_POINT ( 'NONE', #6346 ) ;
#3121 = DIRECTION ( 'NONE',  ( -1.000000000000000000, 0.000000000000000000, 0.000000000000000000 ) ) ;
#3122 = DIRECTION ( 'NONE',  ( 0.000000000000000000, 0.000000000000000000, 1.000000000000000000 ) ) ;
#3123 = ORIENTED_EDGE ( 'NONE', *, *, #6400, .T. ) ;
#3124 = VECTOR ( 'NONE', #4169, 1000.000000000000000 ) ;
#3125 = CARTESIAN_POINT ( 'NONE',  ( -18.50000000000000000, -33.99999999999999289, -3.000000000000002665 ) ) ;
#3126 = ORIENTED_EDGE ( 'NONE', *, *, #2172, .T. ) ;
#3127 = VECTOR ( 'NONE', #3987, 1000.000000000000000 ) ;
#3128 =( LENGTH_UNIT ( ) NAMED_UNIT ( * ) SI_UNIT ( .MILLI., .METRE. ) );
#3129 = ORIENTED_EDGE ( 'NONE', *, *, #6366, .T. ) ;
#3130 = DIRECTION ( 'NONE',  ( 7.016859003951130319E-16, -1.000000000000000000, 0.000000000000000000 ) ) ;
#3131 = ORIENTED_EDGE ( 'NONE', *, *, #8084, .F. ) ;
#3132 = EDGE_CURVE ( 'NONE', #5464, #1928, #143, .T. ) ;
#3133 = DIRECTION ( 'NONE',  ( 1.000000000000000000, -0.000000000000000000, -0.000000000000000000 ) ) ;
#3134 = DIRECTION ( 'NONE',  ( -1.706742230357500909E-15, 0.9838699100999075409, 0.1788854381999831766 ) ) ;
#3135 = AXIS2_PLACEMENT_3D ( 'NONE', #836, #7551, #3500 ) ;
#3136 = AXIS2_PLACEMENT_3D ( 'NONE', #1827, #8461, #1782 ) ;
#3137 = CARTESIAN_POINT ( 'NONE',  ( -26.00000000000000000, -36.00000000000000000, -1.000000000000000000 ) ) ;
#3138 = VECTOR ( 'NONE', #3092, 1000.000000000000000 ) ;
#3139 = LINE ( 'NONE', #7060, #6152 ) ;
#3140 = ADVANCED_FACE ( 'NONE', ( #313 ), #7508, .F. ) ;
#3141 = CARTESIAN_POINT ( 'NONE',  ( -26.00000000000000000, -32.99999999999999289, -0.3333333333333329263 ) ) ;
#3142 = AXIS2_PLACEMENT_3D ( 'NONE', #4275, #3748, #6427 ) ;
#3143 = EDGE_CURVE ( 'NONE', #909, #8320, #829, .T. ) ;
#3144 = VERTEX_POINT ( 'NONE', #511 ) ;
#3145 = PLANE ( 'NONE',  #6592 ) ;
#3146 = DIRECTION ( 'NONE',  ( 3.469446951953611033E-15, 1.000000000000000000, 0.000000000000000000 ) ) ;
#3147 = VECTOR ( 'NONE', #3193, 1000.000000000000000 ) ;
#3148 = ADVANCED_FACE ( 'NONE', ( #4578 ), #5120, .F. ) ;
#3149 = EDGE_LOOP ( 'NONE', ( #60, #4997, #1078, #5424 ) ) ;
#3150 = CARTESIAN_POINT ( 'NONE',  ( -18.05626420043131120, -15.74322791881437666, 7.926685832942734322 ) ) ;
#3151 = EDGE_CURVE ( 'NONE', #3944, #6016, #1902, .T. ) ;
#3152 = EDGE_CURVE ( 'NONE', #2319, #1483, #5816, .T. ) ;
#3153 = VERTEX_POINT ( 'NONE', #3177 ) ;
#3154 = CARTESIAN_POINT ( 'NONE',  ( -16.50000000000001421, 29.00000000000000000, 2.500000000000000000 ) ) ;
#3155 = ORIENTED_EDGE ( 'NONE', *, *, #3576, .T. ) ;
#3156 = CARTESIAN_POINT ( 'NONE',  ( 6.335464205313998676, 3.244289786235253992, 4.500000000000000000 ) ) ;
#3157 = DIRECTION ( 'NONE',  ( 0.000000000000000000, 0.000000000000000000, 1.000000000000000000 ) ) ;
#3158 = DIRECTION ( 'NONE',  ( -0.000000000000000000, -1.000000000000000000, -0.000000000000000000 ) ) ;
#3159 = DIRECTION ( 'NONE',  ( 1.000000000000000000, 1.239088197126290324E-16, -0.000000000000000000 ) ) ;
#3160 = VERTEX_POINT ( 'NONE', #3266 ) ;
#3161 = DIRECTION ( 'NONE',  ( 8.576161004829159278E-16, -1.000000000000000000, -0.000000000000000000 ) ) ;
#3162 = ORIENTED_EDGE ( 'NONE', *, *, #1470, .T. ) ;
#3163 = CARTESIAN_POINT ( 'NONE',  ( -17.99999999999999289, 9.000000000000000000, 0.5000000000000000000 ) ) ;
#3164 = LINE ( 'NONE', #5799, #109 ) ;
#3165 = ORIENTED_EDGE ( 'NONE', *, *, #6902, .F. ) ;
#3166 = FILL_AREA_STYLE_COLOUR ( '', #6226 ) ;
#3167 = AXIS2_PLACEMENT_3D ( 'NONE', #3603, #5668, #5091 ) ;
#3168 = DIRECTION ( 'NONE',  ( -1.000000000000000000, 0.000000000000000000, 0.000000000000000000 ) ) ;
#3169 = ORIENTED_EDGE ( 'NONE', *, *, #800, .F. ) ;
#3170 = CARTESIAN_POINT ( 'NONE',  ( -1.647788539573253663, 3.623336801509737803, 4.225965562294263123 ) ) ;
#3171 = ORIENTED_EDGE ( 'NONE', *, *, #1615, .F. ) ;
#3172 = CARTESIAN_POINT ( 'NONE',  ( -60.99999999999993605, 20.24999999999999645, 2.000000000000000000 ) ) ;
#3173 = ORIENTED_EDGE ( 'NONE', *, *, #1301, .T. ) ;
#3174 = DIRECTION ( 'NONE',  ( -0.000000000000000000, -0.000000000000000000, 1.000000000000000000 ) ) ;
#3175 = VECTOR ( 'NONE', #2274, 1000.000000000000000 ) ;
#3176 = CARTESIAN_POINT ( 'NONE',  ( -9.098509277208064461, 3.502153497675971838, 4.369954511760779425 ) ) ;
#3177 = CARTESIAN_POINT ( 'NONE',  ( -6.375000000000017764, -15.34000000000000341, 4.500000000000000888 ) ) ;
#3178 = LINE ( 'NONE', #5121, #5867 ) ;
#3179 = LINE ( 'NONE', #1090, #1589 ) ;
#3180 = VERTEX_POINT ( 'NONE', #8611 ) ;
#3181 = DIRECTION ( 'NONE',  ( -1.000000000000000000, -1.734723475976807883E-15, 0.000000000000000000 ) ) ;
#3182 = CARTESIAN_POINT ( 'NONE',  ( 1.906249999999998224, 3.003749999999987264, 4.500000000000000888 ) ) ;
#3183 = CARTESIAN_POINT ( 'NONE',  ( -16.49999999999993605, 21.50000000000001421, 0.5000000000000000000 ) ) ;
#3184 = DIRECTION ( 'NONE',  ( 0.000000000000000000, 0.000000000000000000, -1.000000000000000000 ) ) ;
#3185 = VECTOR ( 'NONE', #1978, 1000.000000000000000 ) ;
#3186 = EDGE_CURVE ( 'NONE', #929, #2935, #5641, .T. ) ;
#3187 = EDGE_CURVE ( 'NONE', #2541, #1786, #3961, .T. ) ;
#3188 = CARTESIAN_POINT ( 'NONE',  ( -17.31160695459801246, -15.42316085516443991, 7.984879844515660352 ) ) ;
#3189 = ORIENTED_EDGE ( 'NONE', *, *, #7554, .T. ) ;
#3190 = FACE_OUTER_BOUND ( 'NONE', #209, .T. ) ;
#3191 = EDGE_LOOP ( 'NONE', ( #2188, #4019, #5498, #3629 ) ) ;
#3192 = CARTESIAN_POINT ( 'NONE',  ( -5.589289980777206068, 3.659999999999997033, 4.113001826540986450 ) ) ;
#3193 = DIRECTION ( 'NONE',  ( -1.000000000000000000, -5.457557003073101359E-16, 0.000000000000000000 ) ) ;
#3194 = LINE ( 'NONE', #2466, #4814 ) ;
#3195 = EDGE_CURVE ( 'NONE', #1553, #1108, #6555, .T. ) ;
#3196 = EDGE_CURVE ( 'NONE', #6095, #8551, #5983, .T. ) ;
#3197 = LINE ( 'NONE', #5872, #4802 ) ;
#3198 = LINE ( 'NONE', #331, #3522 ) ;
#3199 = ORIENTED_EDGE ( 'NONE', *, *, #7552, .F. ) ;
#3200 = DIRECTION ( 'NONE',  ( -1.000000000000000000, 0.000000000000000000, -0.000000000000000000 ) ) ;
#3201 = ORIENTED_EDGE ( 'NONE', *, *, #6799, .T. ) ;
#3202 = CARTESIAN_POINT ( 'NONE',  ( -60.99999999999997158, 24.00000000000000000, 2.000000000000000000 ) ) ;
#3203 = CYLINDRICAL_SURFACE ( 'NONE', #5613, 0.5000000000000000000 ) ;
#3204 = B_SPLINE_CURVE_WITH_KNOTS ( 'NONE', 3,
 ( #8112, #4081, #721, #2152, #4829, #6634, #594, #8676 ),
 .UNSPECIFIED., .F., .F.,
 ( 4, 2, 2, 4 ),
 ( 0.000000000000000000, 0.0002558523244315539309, 0.0005117046488631078619, 0.001023409297726213555 ),
 .UNSPECIFIED. ) ;
#3205 = ORIENTED_EDGE ( 'NONE', *, *, #7337, .T. ) ;
#3206 = UNCERTAINTY_MEASURE_WITH_UNIT (LENGTH_MEASURE( 1.000000000000000082E-05 ), #8108, 'distance_accuracy_value', 'NONE');
#3207 = CIRCLE ( 'NONE', #6568, 0.7999999999999933831 ) ;
#3208 = EDGE_CURVE ( 'NONE', #4122, #5890, #7194, .T. ) ;
#3209 = DIRECTION ( 'NONE',  ( 0.000000000000000000, -1.000000000000000000, 0.000000000000000000 ) ) ;
#3210 = ORIENTED_EDGE ( 'NONE', *, *, #382, .F. ) ;
#3211 = EDGE_LOOP ( 'NONE', ( #8701, #3700, #8170, #3101 ) ) ;
#3212 = CARTESIAN_POINT ( 'NONE',  ( -64.38251748251749973, 22.34794318301115368, -4.599999999999999645 ) ) ;
#3213 = ORIENTED_EDGE ( 'NONE', *, *, #8423, .T. ) ;
#3214 = CARTESIAN_POINT ( 'NONE',  ( 23.00000000000001066, 32.99999999999999289, 1.000000000000000000 ) ) ;
#3215 = AXIS2_PLACEMENT_3D ( 'NONE', #8253, #4395, #5719 ) ;
#3216 = VECTOR ( 'NONE', #2472, 1000.000000000000000 ) ;
#3217 = CARTESIAN_POINT ( 'NONE',  ( -13.34374999999998757, 3.659999999999996589, 4.000000000000000000 ) ) ;
#3218 = CARTESIAN_POINT ( 'NONE',  ( -22.99999999999996803, -30.00000000000002132, -5.837274330926434551 ) ) ;
#3219 = VECTOR ( 'NONE', #5829, 1000.000000000000000 ) ;
#3220 = CIRCLE ( 'NONE', #4481, 1.249999999999996003 ) ;
#3221 = DIRECTION ( 'NONE',  ( 1.000000000000000000, 5.457557003073101359E-16, -0.000000000000000000 ) ) ;
#3222 = DIRECTION ( 'NONE',  ( 0.000000000000000000, -0.000000000000000000, 1.000000000000000000 ) ) ;
#3223 = CYLINDRICAL_SURFACE ( 'NONE', #8057, 2.599999999999998312 ) ;
#3224 = ORIENTED_EDGE ( 'NONE', *, *, #3081, .T. ) ;
#3225 = LINE ( 'NONE', #8032, #8452 ) ;
#3226 = DIRECTION ( 'NONE',  ( 0.000000000000000000, 0.000000000000000000, -1.000000000000000000 ) ) ;
#3227 = PLANE ( 'NONE',  #481 ) ;
#3228 = EDGE_CURVE ( 'NONE', #4315, #7085, #5901, .T. ) ;
#3229 = VECTOR ( 'NONE', #930, 1000.000000000000000 ) ;
#3230 = DIRECTION ( 'NONE',  ( 3.469446951953611033E-15, 1.000000000000000000, -5.204170427930416550E-15 ) ) ;
#3231 = AXIS2_PLACEMENT_3D ( 'NONE', #950, #7763, #1712 ) ;
#3232 = DIRECTION ( 'NONE',  ( -0.000000000000000000, -0.000000000000000000, -1.000000000000000000 ) ) ;
#3233 = ORIENTED_EDGE ( 'NONE', *, *, #4733, .F. ) ;
#3234 = CARTESIAN_POINT ( 'NONE',  ( -14.49999999999999467, 27.49999999999999645, 0.5000000000000000000 ) ) ;
#3235 = ORIENTED_EDGE ( 'NONE', *, *, #7119, .T. ) ;
#3236 = CARTESIAN_POINT ( 'NONE',  ( -25.49999999999999645, -32.99999999999999289, -91.81441324469805920 ) ) ;
#3237 = EDGE_CURVE ( 'NONE', #2098, #7423, #3797, .T. ) ;
#3238 = CIRCLE ( 'NONE', #5212, 1.250000000000001110 ) ;
#3239 = DIRECTION ( 'NONE',  ( -1.000000000000000000, 0.000000000000000000, 0.000000000000000000 ) ) ;
#3240 = DIRECTION ( 'NONE',  ( 1.000000000000000000, -0.000000000000000000, -0.000000000000000000 ) ) ;
#3241 = DIRECTION ( 'NONE',  ( -1.000000000000000000, 0.000000000000000000, 0.000000000000000000 ) ) ;
#3242 = CARTESIAN_POINT ( 'NONE',  ( -4.838202549478259229, -29.69781864352349032, -1.600000000000000089 ) ) ;
#3243 = ORIENTED_EDGE ( 'NONE', *, *, #2503, .T. ) ;
#3244 = CIRCLE ( 'NONE', #3943, 3.650000000000000355 ) ;
#3245 = ORIENTED_EDGE ( 'NONE', *, *, #4691, .T. ) ;
#3246 = CARTESIAN_POINT ( 'NONE',  ( -15.72460686094505711, 14.18480338457612788, -1.800000000000000266 ) ) ;
#3247 = DIRECTION ( 'NONE',  ( 0.000000000000000000, -0.2169304578186561638, 0.9761870601839527373 ) ) ;
#3248 = EDGE_CURVE ( 'NONE', #3877, #2479, #2614, .T. ) ;
#3249 = ORIENTED_EDGE ( 'NONE', *, *, #5555, .F. ) ;
#3250 = EDGE_CURVE ( 'NONE', #6196, #2095, #4364, .T. ) ;
#3251 = CARTESIAN_POINT ( 'NONE',  ( -60.50000000000001421, 10.24999999999999822, 2.000000000000000000 ) ) ;
#3252 = VECTOR ( 'NONE', #8267, 1000.000000000000000 ) ;
#3253 = DIRECTION ( 'NONE',  ( -1.000000000000000000, -5.457557003073101359E-16, 0.000000000000000000 ) ) ;
#3254 = CARTESIAN_POINT ( 'NONE',  ( 16.49999999999998224, -15.83999999999999986, 7.400893641477320983 ) ) ;
#3255 = ORIENTED_EDGE ( 'NONE', *, *, #2621, .F. ) ;
#3256 = CARTESIAN_POINT ( 'NONE',  ( 22.99999999999996803, -30.00000000000001421, -5.837274330926434551 ) ) ;
#3257 = ORIENTED_EDGE ( 'NONE', *, *, #924, .F. ) ;
#3258 = DIRECTION ( 'NONE',  ( 1.734723475976807341E-16, -1.000000000000000000, 0.000000000000000000 ) ) ;
#3259 = VERTEX_POINT ( 'NONE', #1859 ) ;
#3260 = CARTESIAN_POINT ( 'NONE',  ( 0.000000000000000000, 0.000000000000000000, 2.500000000000000000 ) ) ;
#3261 = CIRCLE ( 'NONE', #6351, 0.5000000000000004441 ) ;
#3262 = ADVANCED_FACE ( 'NONE', ( #6518, #6601, #6475 ), #7148, .F. ) ;
#3263 = CARTESIAN_POINT ( 'NONE',  ( 11.43749999999999822, -24.33999999999999986, 7.900893641477321871 ) ) ;
#3264 = DIRECTION ( 'NONE',  ( -1.000000000000000000, -0.000000000000000000, -0.000000000000000000 ) ) ;
#3265 = VECTOR ( 'NONE', #252, 1000.000000000000000 ) ;
#3266 = CARTESIAN_POINT ( 'NONE',  ( 20.00000000000000355, 33.99999999999998579, -3.000000000000000000 ) ) ;
#3267 = FACE_OUTER_BOUND ( 'NONE', #4790, .T. ) ;
#3268 = ORIENTED_EDGE ( 'NONE', *, *, #7671, .T. ) ;
#3269 = DIRECTION ( 'NONE',  ( 0.000000000000000000, 0.000000000000000000, 1.000000000000000000 ) ) ;
#3270 = CIRCLE ( 'NONE', #5378, 0.5000000000000004441 ) ;
#3271 = DIRECTION ( 'NONE',  ( 0.7071067811865475727, 0.7071067811865475727, 0.000000000000000000 ) ) ;
#3272 = CARTESIAN_POINT ( 'NONE',  ( -24.24999999999999645, -33.00000000000000000, 0.000000000000000000 ) ) ;
#3273 = DIRECTION ( 'NONE',  ( -1.000000000000000000, 0.000000000000000000, -0.000000000000000000 ) ) ;
#3274 = CIRCLE ( 'NONE', #8218, 0.5000000000000002220 ) ;
#3275 = AXIS2_PLACEMENT_3D ( 'NONE', #1939, #4038, #2567 ) ;
#3276 = CARTESIAN_POINT ( 'NONE',  ( -16.99999999999985789, 0.000000000000000000, 2.500000000000000000 ) ) ;
#3277 = VERTEX_POINT ( 'NONE', #2489 ) ;
#3278 = DIRECTION ( 'NONE',  ( -1.000000000000000000, 0.000000000000000000, 0.000000000000000000 ) ) ;
#3279 = EDGE_LOOP ( 'NONE', ( #1146, #1998, #39, #7072 ) ) ;
#3280 = CARTESIAN_POINT ( 'NONE',  ( 12.68749999999997691, 3.003749999999987264, 4.500000000000000888 ) ) ;
#3281 = CIRCLE ( 'NONE', #3574, 2.850000000000005418 ) ;
#3282 = AXIS2_PLACEMENT_3D ( 'NONE', #7476, #4214, #2065 ) ;
#3283 = CARTESIAN_POINT ( 'NONE',  ( -9.531249999999991118, 3.659999999999996145, 4.000000000000000000 ) ) ;
#3284 = DIRECTION ( 'NONE',  ( 1.000000000000000000, -1.508455196501571922E-16, 0.000000000000000000 ) ) ;
#3285 = LINE ( 'NONE', #8049, #6036 ) ;
#3286 = ORIENTED_EDGE ( 'NONE', *, *, #8606, .F. ) ;
#3287 = LINE ( 'NONE', #1325, #5324 ) ;
#3288 = EDGE_LOOP ( 'NONE', ( #68, #2130, #8242, #857 ) ) ;
#3289 = PLANE ( 'NONE',  #2699 ) ;
#3290 = DIRECTION ( 'NONE',  ( -1.000000000000000000, 0.000000000000000000, 0.000000000000000000 ) ) ;
#3291 = VERTEX_POINT ( 'NONE', #7237 ) ;
#3292 = DIRECTION ( 'NONE',  ( 0.000000000000000000, 0.000000000000000000, 1.000000000000000000 ) ) ;
#3293 = DIRECTION ( 'NONE',  ( 0.000000000000000000, 0.000000000000000000, -1.000000000000000000 ) ) ;
#3294 = DIRECTION ( 'NONE',  ( 0.000000000000000000, 0.000000000000000000, -1.000000000000000000 ) ) ;
#3295 = EDGE_CURVE ( 'NONE', #7839, #2213, #1808, .T. ) ;
#3296 = EDGE_CURVE ( 'NONE', #4394, #8063, #1174, .T. ) ;
#3297 = ORIENTED_EDGE ( 'NONE', *, *, #8341, .T. ) ;
#3298 = DIRECTION ( 'NONE',  ( 1.000000000000000000, 0.000000000000000000, 0.000000000000000000 ) ) ;
#3299 = EDGE_LOOP ( 'NONE', ( #4353, #2834, #4397, #6002 ) ) ;
#3300 = DIRECTION ( 'NONE',  ( -0.7071067811865464625, -1.226634733346697585E-16, -0.7071067811865486830 ) ) ;
#3301 = ORIENTED_EDGE ( 'NONE', *, *, #6912, .T. ) ;
#3302 = CARTESIAN_POINT ( 'NONE',  ( 1.647807210586736071, 3.623345629987757555, 4.225949607708940903 ) ) ;
#3303 = CARTESIAN_POINT ( 'NONE',  ( -12.68749999999997691, -15.34000000000000341, 7.900893641477321871 ) ) ;
#3304 = EDGE_CURVE ( 'NONE', #8476, #3277, #5856, .T. ) ;
#3305 = DIRECTION ( 'NONE',  ( 1.000000000000000000, 5.457557003073101359E-16, 0.000000000000000000 ) ) ;
#3306 = EDGE_CURVE ( 'NONE', #1111, #2476, #472, .T. ) ;
#3307 = EDGE_CURVE ( 'NONE', #8527, #5396, #8177, .T. ) ;
#3308 = DIRECTION ( 'NONE',  ( 0.000000000000000000, 0.000000000000000000, 1.000000000000000000 ) ) ;
#3309 = ORIENTED_EDGE ( 'NONE', *, *, #7822, .T. ) ;
#3310 = VECTOR ( 'NONE', #571, 1000.000000000000000 ) ;
#3311 = DIRECTION ( 'NONE',  ( -0.000000000000000000, -0.000000000000000000, 1.000000000000000000 ) ) ;
#3312 = VERTEX_POINT ( 'NONE', #3283 ) ;
#3313 = PLANE ( 'NONE',  #8719 ) ;
#3314 = CARTESIAN_POINT ( 'NONE',  ( 20.40000000000000213, -33.00000000000000711, -0.3333333333333365345 ) ) ;
#3315 = DIRECTION ( 'NONE',  ( 1.000000000000000000, 0.000000000000000000, 0.000000000000000000 ) ) ;
#3316 = CARTESIAN_POINT ( 'NONE',  ( -18.99999999999537792, -23.75675095010588578, 6.469681645435294115 ) ) ;
#3317 = LINE ( 'NONE', #5382, #1376 ) ;
#3318 = ORIENTED_EDGE ( 'NONE', *, *, #326, .F. ) ;
#3319 = DIRECTION ( 'NONE',  ( 0.000000000000000000, 0.000000000000000000, -1.000000000000000000 ) ) ;
#3320 = ORIENTED_EDGE ( 'NONE', *, *, #7133, .T. ) ;
#3321 = CARTESIAN_POINT ( 'NONE',  ( 16.49999999999999289, -24.33999999999999986, 6.363636363636365090 ) ) ;
#3322 = CIRCLE ( 'NONE', #1052, 0.5000000000000004441 ) ;
#3323 = DIRECTION ( 'NONE',  ( 1.000000000000000000, 0.000000000000000000, 0.000000000000000000 ) ) ;
#3324 = CARTESIAN_POINT ( 'NONE',  ( -1.249999999999987121, 3.003749999999987264, 4.500000000000000888 ) ) ;
#3325 = VERTEX_POINT ( 'NONE', #2629 ) ;
#3326 = CARTESIAN_POINT ( 'NONE',  ( -6.151480580904166828, 3.502162626495982867, 4.369946396850294512 ) ) ;
#3327 = ORIENTED_EDGE ( 'NONE', *, *, #7993, .T. ) ;
#3328 = CARTESIAN_POINT ( 'NONE',  ( 13.34374999999998757, 3.659999999999996145, 4.000000000000000000 ) ) ;
#3329 = LINE ( 'NONE', #8054, #3078 ) ;
#3330 = ORIENTED_EDGE ( 'NONE', *, *, #8384, .F. ) ;
#3331 = PLANE ( 'NONE',  #5516 ) ;
#3332 =( BOUNDED_SURFACE ( )  B_SPLINE_SURFACE ( 3, 2, ( 
 ( #6229, #4867, #4201 ),
 ( #6486, #5704, #1099 ),
 ( #7827, #3062, #5043 ),
 ( #8407, #4505, #3892 ),
 ( #486, #7782, #5827 ),
 ( #5742, #3109, #3807 ),
 ( #6399, #3150, #7738 ),
 ( #6526, #3188, #8454 ),
 ( #2461, #443, #8533 ),
 ( #5863, #5213, #2540 ) ),
 .UNSPECIFIED., .F., .F., .F. ) 
 B_SPLINE_SURFACE_WITH_KNOTS ( ( 4, 2, 2, 2, 4 ),
 ( 3, 3 ),
 ( 1.570796326794896558, 1.963495408493620697, 2.356194490192344837, 2.748893571891068976, 3.141592653589793116 ),
 ( 0.000000000000000000, 1.000000000000000000 ),
 .UNSPECIFIED. ) 
 GEOMETRIC_REPRESENTATION_ITEM ( )  RATIONAL_B_SPLINE_SURFACE ( (
 ( 1.000000000000000000, 0.7071067811865475727, 1.000000000000000000),
 ( 1.000000000000000000, 0.6988293130307089429, 1.000000000000000000),
 ( 1.000000000000000000, 0.6903994191348831189, 1.000000000000000000),
 ( 1.000000000000000000, 0.6745500352475847228, 1.000000000000000000),
 ( 1.000000000000000000, 0.6671375435702182610, 1.000000000000000000),
 ( 1.000000000000000000, 0.6546104608491316590, 1.000000000000000000),
 ( 1.000000000000000000, 0.6495061153953551880, 1.000000000000000000),
 ( 1.000000000000000000, 0.6425708211550376081, 1.000000000000000000),
 ( 1.000000000000000000, 0.6407365163720005752, 1.000000000000000000),
 ( 1.000000000000000000, 0.6407474392457686019, 1.000000000000000000) ) ) 
 REPRESENTATION_ITEM ( '' )  SURFACE ( )  );
#3333 = FACE_OUTER_BOUND ( 'NONE', #4634, .T. ) ;
#3334 = PRESENTATION_STYLE_ASSIGNMENT (( #3992 ) ) ;
#3335 = CARTESIAN_POINT ( 'NONE',  ( -14.00000000000001421, -15.34000000000000341, 7.400893641477320983 ) ) ;
#3336 = EDGE_LOOP ( 'NONE', ( #1546, #1383, #2799, #5927, #4247, #3695, #2378, #4833 ) ) ;
#3337 = FACE_BOUND ( 'NONE', #150, .T. ) ;
#3338 = ORIENTED_EDGE ( 'NONE', *, *, #1913, .T. ) ;
#3339 = CARTESIAN_POINT ( 'NONE',  ( -2.562500000000009326, 3.003749999999987264, 1.000000000000000000 ) ) ;
#3340 = ORIENTED_EDGE ( 'NONE', *, *, #5824, .T. ) ;
#3341 = PLANE ( 'NONE',  #1871 ) ;
#3342 = EDGE_CURVE ( 'NONE', #1687, #202, #828, .T. ) ;
#3343 = LINE ( 'NONE', #4003, #6277 ) ;
#3344 = CARTESIAN_POINT ( 'NONE',  ( -19.49999999999999645, -18.34000000000002473, 6.946348186931863289 ) ) ;
#3345 = ORIENTED_EDGE ( 'NONE', *, *, #7794, .F. ) ;
#3346 = ORIENTED_EDGE ( 'NONE', *, *, #4216, .F. ) ;
#3347 = VECTOR ( 'NONE', #1228, 1000.000000000000000 ) ;
#3348 = ORIENTED_EDGE ( 'NONE', *, *, #7681, .T. ) ;
#3349 = ADVANCED_FACE ( 'NONE', ( #6831 ), #875, .F. ) ;
#3350 = EDGE_CURVE ( 'NONE', #8128, #1705, #57, .T. ) ;
#3351 = CARTESIAN_POINT ( 'NONE',  ( 6.375000000000019540, -15.34000000000000341, 4.500000000000001776 ) ) ;
#3352 = VERTEX_POINT ( 'NONE', #3449 ) ;
#3353 = LINE ( 'NONE', #6650, #6737 ) ;
#3354 = ADVANCED_FACE ( 'NONE', ( #5605 ), #8305, .F. ) ;
#3355 = CARTESIAN_POINT ( 'NONE',  ( -23.00000000000000000, 33.00000000000000000, 1.000000000000000000 ) ) ;
#3356 = EDGE_CURVE ( 'NONE', #8297, #1734, #5961, .T. ) ;
#3357 = DIRECTION ( 'NONE',  ( 1.000000000000000000, 0.000000000000000000, 0.000000000000000000 ) ) ;
#3358 = STYLED_ITEM ( 'NONE', ( #7937 ), #45 ) ;
#3359 = DIRECTION ( 'NONE',  ( -0.7071055712382680047, 0.7071079911327565748, 0.000000000000000000 ) ) ;
#3360 = CARTESIAN_POINT ( 'NONE',  ( -16.49999999999997513, 24.00000000000000711, 2.000000000000000000 ) ) ;
#3361 = VECTOR ( 'NONE', #6180, 1000.000000000000000 ) ;
#3362 = ORIENTED_EDGE ( 'NONE', *, *, #5783, .T. ) ;
#3363 = AXIS2_PLACEMENT_3D ( 'NONE', #2280, #2186, #2232 ) ;
#3364 = CARTESIAN_POINT ( 'NONE',  ( -5.062499999999976907, -15.92944271909999010, 7.892828596527274421 ) ) ;
#3365 = VERTEX_POINT ( 'NONE', #5514 ) ;
#3366 = DIRECTION ( 'NONE',  ( -0.000000000000000000, -0.000000000000000000, 1.000000000000000000 ) ) ;
#3367 = ADVANCED_FACE ( 'NONE', ( #8224 ), #87, .T. ) ;
#3368 = LINE ( 'NONE', #2590, #2583 ) ;
#3369 = VECTOR ( 'NONE', #6962, 1000.000000000000000 ) ;
#3370 = CARTESIAN_POINT ( 'NONE',  ( 1.249999999999979128, -15.34000000000000341, 4.500000000000001776 ) ) ;
#3371 = ORIENTED_EDGE ( 'NONE', *, *, #5020, .T. ) ;
#3372 = CARTESIAN_POINT ( 'NONE',  ( -2.562500000000019540, -15.34000000000000341, 4.500000000000001776 ) ) ;
#3373 = EDGE_LOOP ( 'NONE', ( #2033, #7713, #7184, #7841 ) ) ;
#3374 = CARTESIAN_POINT ( 'NONE',  ( 1.906249999999998224, 3.003749999999987264, 1.000000000000000000 ) ) ;
#3375 = CARTESIAN_POINT ( 'NONE',  ( -16.99999999999989697, 16.50000000000002132, 2.000000000000000000 ) ) ;
#3376 = ORIENTED_EDGE ( 'NONE', *, *, #5685, .F. ) ;
#3377 = AXIS2_PLACEMENT_3D ( 'NONE', #6370, #5713, #2375 ) ;
#3378 = PRESENTATION_STYLE_ASSIGNMENT (( #665 ) ) ;
#3379 = DIRECTION ( 'NONE',  ( 0.000000000000000000, 0.000000000000000000, 1.000000000000000000 ) ) ;
#3380 = CARTESIAN_POINT ( 'NONE',  ( -22.79566257332769652, 21.25588329590373249, 0.000000000000000000 ) ) ;
#3381 = FACE_OUTER_BOUND ( 'NONE', #7094, .T. ) ;
#3382 = CIRCLE ( 'NONE', #1832, 3.500000000000003109 ) ;
#3383 = VERTEX_POINT ( 'NONE', #1447 ) ;
#3384 = CARTESIAN_POINT ( 'NONE',  ( 19.49999999999999645, 3.659999999999997033, 1.000000000000000000 ) ) ;
#3385 = EDGE_LOOP ( 'NONE', ( #7602, #1873, #8299, #1618, #8375, #1550, #880 ) ) ;
#3386 = DIRECTION ( 'NONE',  ( -0.000000000000000000, -0.000000000000000000, -1.000000000000000000 ) ) ;
#3387 = DIRECTION ( 'NONE',  ( 1.000000000000000000, -1.508455196501571922E-16, 0.000000000000000000 ) ) ;
#3388 = VERTEX_POINT ( 'NONE', #2880 ) ;
#3389 =( BOUNDED_CURVE ( )  B_SPLINE_CURVE ( 3, ( #1673, #3460, #5772, #5073 ),
 .UNSPECIFIED., .F., .F. ) 
 B_SPLINE_CURVE_WITH_KNOTS ( ( 4, 4 ),
 ( 1.570796326794896558, 4.712388980384689674 ),
 .UNSPECIFIED. ) 
 CURVE ( )  GEOMETRIC_REPRESENTATION_ITEM ( )  RATIONAL_B_SPLINE_CURVE ( ( 1.000000000000000000, 0.3333333333333333703, 0.3333333333333333703, 1.000000000000000000 ) ) 
 REPRESENTATION_ITEM ( '' )  );
#3390 = DIRECTION ( 'NONE',  ( 1.927470528863119739E-15, 1.000000000000000000, 0.000000000000000000 ) ) ;
#3391 = CARTESIAN_POINT ( 'NONE',  ( -12.68749999999997691, -15.34000000000000341, 7.900893641477321871 ) ) ;
#3392 = VERTEX_POINT ( 'NONE', #5562 ) ;
#3393 = ORIENTED_EDGE ( 'NONE', *, *, #6088, .T. ) ;
#3394 = VECTOR ( 'NONE', #6389, 1000.000000000000000 ) ;
#3395 = ORIENTED_EDGE ( 'NONE', *, *, #8376, .T. ) ;
#3396 = LINE ( 'NONE', #5461, #8491 ) ;
#3397 = EDGE_CURVE ( 'NONE', #6318, #7377, #785, .T. ) ;
#3398 = ORIENTED_EDGE ( 'NONE', *, *, #6034, .F. ) ;
#3399 = CARTESIAN_POINT ( 'NONE',  ( 10.18750000000000178, -24.33999999999999986, 7.900893641477321871 ) ) ;
#3400 = CARTESIAN_POINT ( 'NONE',  ( 8.874999999999980460, 3.003749999999987264, 1.000000000000000000 ) ) ;
#3401 = CARTESIAN_POINT ( 'NONE',  ( -60.99999999999993605, 21.50000000000000000, 2.000000000000000000 ) ) ;
#3402 = CARTESIAN_POINT ( 'NONE',  ( 20.40000000000000213, -33.00000000000000711, -0.3333333333333365345 ) ) ;
#3403 = EDGE_CURVE ( 'NONE', #5890, #5090, #8732, .T. ) ;
#3404 = EDGE_CURVE ( 'NONE', #2462, #4273, #6471, .T. ) ;
#3405 = ADVANCED_FACE ( 'NONE', ( #3666 ), #5072, .T. ) ;
#3406 = VECTOR ( 'NONE', #3464, 999.9999999999998863 ) ;
#3407 = CARTESIAN_POINT ( 'NONE',  ( -18.50000000000000355, 33.99999999999999289, 0.000000000000000000 ) ) ;
#3408 = VECTOR ( 'NONE', #905, 1000.000000000000000 ) ;
#3409 = ORIENTED_EDGE ( 'NONE', *, *, #7669, .T. ) ;
#3410 = DIRECTION ( 'NONE',  ( -1.000000000000000000, 0.000000000000000000, 0.000000000000000000 ) ) ;
#3411 = ORIENTED_EDGE ( 'NONE', *, *, #1342, .F. ) ;
#3412 = DIRECTION ( 'NONE',  ( -1.000000000000000000, 0.000000000000000000, -0.000000000000000000 ) ) ;
#3413 = CARTESIAN_POINT ( 'NONE',  ( -16.49999999999997513, 25.25000000000000711, 2.000000000000000000 ) ) ;
#3414 = VECTOR ( 'NONE', #7630, 1000.000000000000000 ) ;
#3415 = CIRCLE ( 'NONE', #7491, 1.250000000000001110 ) ;
#3416 = EDGE_CURVE ( 'NONE', #2305, #868, #3382, .T. ) ;
#3417 = EDGE_CURVE ( 'NONE', #2748, #7689, #5771, .T. ) ;
#3418 = PLANE ( 'NONE',  #7890 ) ;
#3419 = ORIENTED_EDGE ( 'NONE', *, *, #7669, .F. ) ;
#3420 = CARTESIAN_POINT ( 'NONE',  ( -6.375000000000019540, -15.83999999999999986, 7.400893641477320983 ) ) ;
#3421 = EDGE_LOOP ( 'NONE', ( #6136, #2670, #1933, #3956, #8686, #5310, #8487, #8426 ) ) ;
#3422 = DIRECTION ( 'NONE',  ( -1.000000000000000000, 1.927470528863119739E-15, -0.000000000000000000 ) ) ;
#3423 = CARTESIAN_POINT ( 'NONE',  ( -16.49999999999997513, 24.00000000000000711, 2.500000000000000000 ) ) ;
#3424 = VECTOR ( 'NONE', #6343, 1000.000000000000000 ) ;
#3425 = ORIENTED_EDGE ( 'NONE', *, *, #3106, .F. ) ;
#3426 = CIRCLE ( 'NONE', #3142, 2.850000000000005418 ) ;
#3427 = LINE ( 'NONE', #151, #4552 ) ;
#3428 = CARTESIAN_POINT ( 'NONE',  ( 13.34374999999998757, 3.003749999999987264, 0.07192234969262845112 ) ) ;
#3429 = CARTESIAN_POINT ( 'NONE',  ( -16.88281805785493361, -26.33999999999772967, 5.999999999998442135 ) ) ;
#3430 = CARTESIAN_POINT ( 'NONE',  ( 16.90710117232984544, -15.34000000001135255, 7.999999999998294697 ) ) ;
#3431 = DIRECTION ( 'NONE',  ( -0.000000000000000000, -0.000000000000000000, -1.000000000000000000 ) ) ;
#3432 = VECTOR ( 'NONE', #1330, 1000.000000000000000 ) ;
#3433 = VECTOR ( 'NONE', #5878, 1000.000000000000114 ) ;
#3434 = EDGE_LOOP ( 'NONE', ( #7753, #737, #2128, #4608, #1579, #2648, #2185 ) ) ;
#3435 = CARTESIAN_POINT ( 'NONE',  ( 23.00000000000000000, 33.00000000000000711, -2.200000000000000178 ) ) ;
#3436 = VERTEX_POINT ( 'NONE', #4452 ) ;
#3437 = CARTESIAN_POINT ( 'NONE',  ( 20.40000000000000213, 33.00000000000000711, -2.200000000000000622 ) ) ;
#3438 = DIRECTION ( 'NONE',  ( -0.000000000000000000, -0.000000000000000000, 1.000000000000000000 ) ) ;
#3439 = ORIENTED_EDGE ( 'NONE', *, *, #2811, .T. ) ;
#3440 = DIRECTION ( 'NONE',  ( -1.000000000000000000, 0.000000000000000000, 0.000000000000000000 ) ) ;
#3441 = CARTESIAN_POINT ( 'NONE',  ( -6.375000000000019540, -15.92944271909999010, 7.892828596527274421 ) ) ;
#3442 = ORIENTED_EDGE ( 'NONE', *, *, #2984, .F. ) ;
#3443 = VERTEX_POINT ( 'NONE', #8394 ) ;
#3444 = ORIENTED_EDGE ( 'NONE', *, *, #4700, .F. ) ;
#3445 = CARTESIAN_POINT ( 'NONE',  ( 5.718749999999994671, 3.659999999999996145, 4.000000000000000000 ) ) ;
#3446 = ORIENTED_EDGE ( 'NONE', *, *, #2074, .T. ) ;
#3447 = LINE ( 'NONE', #6121, #3653 ) ;
#3448 = LINE ( 'NONE', #2620, #6537 ) ;
#3449 = CARTESIAN_POINT ( 'NONE',  ( -1.268872560800890836, 3.159999999999996145, 4.500000000000000888 ) ) ;
#3450 = CARTESIAN_POINT ( 'NONE',  ( 0.000000000000000000, 3.159999999999996145, 1.000000000000000000 ) ) ;
#3451 = CIRCLE ( 'NONE', #3871, 0.6562500000000109912 ) ;
#3452 = DIRECTION ( 'NONE',  ( 1.000000000000000000, -0.000000000000000000, -0.000000000000000000 ) ) ;
#3453 = VERTEX_POINT ( 'NONE', #311 ) ;
#3454 = FACE_OUTER_BOUND ( 'NONE', #945, .T. ) ;
#3455 = VERTEX_POINT ( 'NONE', #1045 ) ;
#3456 = DIRECTION ( 'NONE',  ( 0.000000000000000000, 0.000000000000000000, -1.000000000000000000 ) ) ;
#3457 = CARTESIAN_POINT ( 'NONE',  ( -16.49999999999985789, 12.75000000000002842, 0.5000000000000000000 ) ) ;
#3458 = STYLED_ITEM ( 'NONE', ( #5166 ), #8119 ) ;
#3459 = EDGE_CURVE ( 'NONE', #8008, #2490, #7765, .T. ) ;
#3460 = CARTESIAN_POINT ( 'NONE',  ( -20.39999999999999503, -38.19999999999998153, -1.488888888888888040 ) ) ;
#3461 = ORIENTED_EDGE ( 'NONE', *, *, #5930, .T. ) ;
#3462 = CARTESIAN_POINT ( 'NONE',  ( -60.49999999999993605, 20.24999999999999645, 2.000000000000000000 ) ) ;
#3463 = VERTEX_POINT ( 'NONE', #3050 ) ;
#3464 = DIRECTION ( 'NONE',  ( -1.896380255952778525E-15, -0.9838699100999075409, -0.1788854381999831766 ) ) ;
#3465 = DIRECTION ( 'NONE',  ( 1.734723475976805517E-15, 1.000000000000000000, 0.000000000000000000 ) ) ;
#3466 = EDGE_CURVE ( 'NONE', #6359, #205, #136, .T. ) ;
#3467 = ORIENTED_EDGE ( 'NONE', *, *, #2865, .T. ) ;
#3468 =( NAMED_UNIT ( * ) PLANE_ANGLE_UNIT ( ) SI_UNIT ( $, .RADIAN. ) );
#3469 = EDGE_CURVE ( 'NONE', #825, #7383, #8434, .T. ) ;
#3471 = EDGE_CURVE ( 'NONE', #620, #3705, #5119, .T. ) ;
#3470 = PLANE ( 'NONE',  #3829 ) ;
#3472 = VECTOR ( 'NONE', #7361, 1000.000000000000000 ) ;
#3473 = CARTESIAN_POINT ( 'NONE',  ( 18.49916709992555752, -16.89307591309224676, 7.717622561255954139 ) ) ;
#3474 = DIRECTION ( 'NONE',  ( -0.000000000000000000, 0.000000000000000000, -1.000000000000000000 ) ) ;
#3475 = ORIENTED_EDGE ( 'NONE', *, *, #636, .F. ) ;
#3476 = CARTESIAN_POINT ( 'NONE',  ( -64.26000000000000512, 18.69999999999999929, -4.599999999999999645 ) ) ;
#3477 = ORIENTED_EDGE ( 'NONE', *, *, #2765, .T. ) ;
#3478 = CARTESIAN_POINT ( 'NONE',  ( 1.249999999999987121, 3.003749999999987264, 1.000000000000000000 ) ) ;
#3479 = CARTESIAN_POINT ( 'NONE',  ( 19.99999999999999645, -34.00000000000000711, -1.067752469849607033 ) ) ;
#3480 = ORIENTED_EDGE ( 'NONE', *, *, #4441, .T. ) ;
#3482 = EDGE_CURVE ( 'NONE', #5013, #2958, #2487, .T. ) ;
#3481 = DIRECTION ( 'NONE',  ( 0.000000000000000000, 0.000000000000000000, 1.000000000000000000 ) ) ;
#3483 = DIRECTION ( 'NONE',  ( -1.000000000000000000, 0.000000000000000000, 0.000000000000000000 ) ) ;
#3484 = ORIENTED_EDGE ( 'NONE', *, *, #4680, .F. ) ;
#3485 = ORIENTED_EDGE ( 'NONE', *, *, #3039, .T. ) ;
#3486 = EDGE_LOOP ( 'NONE', ( #6764, #3590, #6073, #5642 ) ) ;
#3487 = DIRECTION ( 'NONE',  ( -1.000000000000000000, 0.000000000000000000, 0.000000000000000000 ) ) ;
#3488 = ORIENTED_EDGE ( 'NONE', *, *, #1950, .F. ) ;
#3489 = CLOSED_SHELL ( 'NONE', ( #4487, #5990, #8119, #6422, #6812, #6887, #8495, #235, #4588, #2562, #8258, #118, #3089, #7611, #6484, #4905, #7285, #5825, #750, #5948, #2001, #1789, #6844, #2, #6890, #2459, #6268, #3900, #8152, #645, #4689, #979, #5289, #2973, #2027, #5567, #4418, #6258, #482, #6483, #4971, #920, #8683, #6985, #1345, #5138, #6461, #3405, #1142, #329, #5568, #5714, #6039, #8275, #5993, #5779, #3349, #5388, #45, #2912, #8103, #2178, #3148, #3783, #6563, #4377, #493, #1796, #5517, #165, #4485, #7449, #1334, #6035, #3627, #5179, #4744, #4472, #3771, #14, #7904, #1405, #6200, #7984, #8522, #1912, #2173, #2015, #2776, #7835, #7440, #1253, #5027, #7994, #6966, #1567, #5068, #2558, #4269, #7813, #3846, #2488, #3523, #1910, #6367, #5410, #6256, #3509, #877, #5188, #332, #2013, #172, #7778, #3140, #1291, #2166, #5151, #6684, #1335, #8436, #4913, #8093, #7350, #6281, #8386, #3262, #7880, #3595, #7347, #211, #2771, #1686, #2574, #2299, #4157, #1843, #703, #6149, #3858, #7386, #5884, #6687, #1412, #6627, #8413, #46, #4065, #7375, #1904, #1777, #1528, #1295, #5088, #3639, #114, #2711, #5817, #3972, #4205, #1130, #1034, #5444, #7498, #7235, #8047, #1916, #6038, #7564, #865, #2071, #2603, #2613, #1844, #7082, #2920, #8061, #2340, #3998, #6858, #3782, #5781, #6411, #6248, #4906, #1677, #1587, #2726, #5511, #3625, #1900, #3750, #7233, #6102, #8629, #2114, #214, #1858, #7083, #7544, #1055, #5732, #3094, #4430, #3937, #7143, #864, #1842, #7953, #4703, #1792, #2125, #2287, #4257, #2656, #4638, #2820, #3354, #4168, #2707, #3619, #4810, #3582, #3974, #4981, #5399, #4864, #5575, #7213, #5683, #4863, #5338, #7943, #8539, #8120, #533, #1448, #6575, #7238, #6473, #4917, #3367, #2573, #5774, #1455, #6472, #1729, #5136, #102, #743, #221, #1625, #1962, #5127, #5077, #7395, #8431 ) ) ;
#3490 = DIRECTION ( 'NONE',  ( 1.734723475976807341E-16, -1.000000000000000000, 0.000000000000000000 ) ) ;
#3491 = CARTESIAN_POINT ( 'NONE',  ( -1.249999999999987121, 3.003749999999987264, 1.000000000000000000 ) ) ;
#3492 = LINE ( 'NONE', #1542, #7052 ) ;
#3493 = AXIS2_PLACEMENT_3D ( 'NONE', #5340, #1274, #4587 ) ;
#3494 = FACE_OUTER_BOUND ( 'NONE', #4717, .T. ) ;
#3495 = EDGE_LOOP ( 'NONE', ( #1700, #1305, #7709, #2367 ) ) ;
#3496 = FACE_OUTER_BOUND ( 'NONE', #3088, .T. ) ;
#3497 = ORIENTED_EDGE ( 'NONE', *, *, #981, .F. ) ;
#3498 = AXIS2_PLACEMENT_3D ( 'NONE', #2801, #1968, #4648 ) ;
#3499 = DIRECTION ( 'NONE',  ( 1.000000000000000000, 0.000000000000000000, 0.000000000000000000 ) ) ;
#3500 = DIRECTION ( 'NONE',  ( 1.000000000000000000, 0.000000000000000000, 0.000000000000000000 ) ) ;
#3501 = CIRCLE ( 'NONE', #5046, 0.5000000000000004441 ) ;
#3502 = AXIS2_PLACEMENT_3D ( 'NONE', #7504, #227, #4854 ) ;
#3503 = CARTESIAN_POINT ( 'NONE',  ( 9.531249999999991118, 3.003749999999987264, 1.000000000000000000 ) ) ;
#3504 = CIRCLE ( 'NONE', #5620, 2.599999999999998312 ) ;
#3505 = EDGE_LOOP ( 'NONE', ( #3165, #2767 ) ) ;
#3506 = CARTESIAN_POINT ( 'NONE',  ( 22.72062516584436764, 22.65705369410401460, -1.800000000000000266 ) ) ;
#3507 = ORIENTED_EDGE ( 'NONE', *, *, #1750, .T. ) ;
#3508 = CARTESIAN_POINT ( 'NONE',  ( 19.49999999999999645, 3.659999999999997033, 4.500000000000000888 ) ) ;
#3509 = ADVANCED_FACE ( 'NONE', ( #2964 ), #5815, .F. ) ;
#3510 = CARTESIAN_POINT ( 'NONE',  ( -19.50000000000001066, -16.58264068711928729, 7.212614749489550725 ) ) ;
#3511 = ORIENTED_EDGE ( 'NONE', *, *, #2985, .T. ) ;
#3512 = CARTESIAN_POINT ( 'NONE',  ( 0.000000000000000000, 0.000000000000000000, 0.000000000000000000 ) ) ;
#3513 = AXIS2_PLACEMENT_3D ( 'NONE', #8303, #1583, #5465 ) ;
#3514 = CARTESIAN_POINT ( 'NONE',  ( 6.375000000000019540, -15.34000000000000341, 4.500000000000000888 ) ) ;
#3515 = DIRECTION ( 'NONE',  ( -1.000000000000000000, 0.000000000000000000, -0.000000000000000000 ) ) ;
#3516 = CARTESIAN_POINT ( 'NONE',  ( -18.99999999999999645, -23.42944271909999188, 6.529192232890911107 ) ) ;
#3517 = DIRECTION ( 'NONE',  ( 0.000000000000000000, -1.000000000000000000, 0.000000000000000000 ) ) ;
#3518 = DIRECTION ( 'NONE',  ( 1.000000000000000000, -0.000000000000000000, -0.000000000000000000 ) ) ;
#3519 = ORIENTED_EDGE ( 'NONE', *, *, #3690, .T. ) ;
#3520 = EDGE_CURVE ( 'NONE', #3893, #2522, #6610, .T. ) ;
#3521 = CARTESIAN_POINT ( 'NONE',  ( -26.00000000000000355, -0.5000000000000073275, -2.299999999999999822 ) ) ;
#3522 = VECTOR ( 'NONE', #5752, 1000.000000000000000 ) ;
#3523 = ADVANCED_FACE ( 'NONE', ( #7682 ), #1624, .T. ) ;
#3524 = VERTEX_POINT ( 'NONE', #2571 ) ;
#3525 = CARTESIAN_POINT ( 'NONE',  ( -16.50000000000001421, 27.75000000000000000, 2.500000000000000000 ) ) ;
#3526 = DIRECTION ( 'NONE',  ( 0.000000000000000000, 0.000000000000000000, 1.000000000000000000 ) ) ;
#3527 = EDGE_LOOP ( 'NONE', ( #5778, #4484, #7995, #6538, #4609, #7241 ) ) ;
#3528 = SHAPE_DEFINITION_REPRESENTATION ( #4993, #6227 ) ;
#3529 = DIRECTION ( 'NONE',  ( 0.000000000000000000, 0.000000000000000000, 1.000000000000000000 ) ) ;
#3530 = VECTOR ( 'NONE', #956, 1000.000000000000000 ) ;
#3531 = EDGE_CURVE ( 'NONE', #8406, #7093, #7190, .T. ) ;
#3532 = ORIENTED_EDGE ( 'NONE', *, *, #1342, .T. ) ;
#3533 = ORIENTED_EDGE ( 'NONE', *, *, #3741, .F. ) ;
#3534 = EDGE_CURVE ( 'NONE', #1876, #994, #7463, .T. ) ;
#3535 = ORIENTED_EDGE ( 'NONE', *, *, #1922, .F. ) ;
#3536 = VERTEX_POINT ( 'NONE', #3344 ) ;
#3537 = PLANE ( 'NONE',  #7777 ) ;
#3538 = AXIS2_PLACEMENT_3D ( 'NONE', #3880, #1854, #3305 ) ;
#3539 = ORIENTED_EDGE ( 'NONE', *, *, #2469, .F. ) ;
#3540 = CARTESIAN_POINT ( 'NONE',  ( 12.68749999999999467, -24.33999999999999986, 1.000000000000000000 ) ) ;
#3541 = LINE ( 'NONE', #5604, #1918 ) ;
#3542 = CARTESIAN_POINT ( 'NONE',  ( 10.18750000000000178, 3.003749999999987264, 4.500000000000000888 ) ) ;
#3543 = CARTESIAN_POINT ( 'NONE',  ( -18.50000000000000711, -3.209238430557094308E-15, 1.000000000000000000 ) ) ;
#3544 = CARTESIAN_POINT ( 'NONE',  ( -16.49999999999985789, 14.00000000000003020, 0.5000000000000000000 ) ) ;
#3545 = AXIS2_PLACEMENT_3D ( 'NONE', #180, #786, #4992 ) ;
#3546 = CARTESIAN_POINT ( 'NONE',  ( -5.062499999999978684, -15.34000000000000341, 4.500000000000000888 ) ) ;
#3547 = ORIENTED_EDGE ( 'NONE', *, *, #1554, .F. ) ;
#3548 = CYLINDRICAL_SURFACE ( 'NONE', #255, 0.5000000000000004441 ) ;
#3549 = ORIENTED_EDGE ( 'NONE', *, *, #907, .F. ) ;
#3550 = VECTOR ( 'NONE', #3264, 1000.000000000000000 ) ;
#3551 = CARTESIAN_POINT ( 'NONE',  ( 13.21524850036952436, 3.659999999999997033, 4.112165163103910004 ) ) ;
#3552 = CARTESIAN_POINT ( 'NONE',  ( 2.562500000000001776, -26.83999999999999275, 5.909090909090911836 ) ) ;
#3553 = DIRECTION ( 'NONE',  ( 0.000000000000000000, 0.000000000000000000, -1.000000000000000000 ) ) ;
#3554 = AXIS2_PLACEMENT_3D ( 'NONE', #2372, #6986, #7034 ) ;
#3555 = ORIENTED_EDGE ( 'NONE', *, *, #1672, .T. ) ;
#3556 = DIRECTION ( 'NONE',  ( -0.7071079911327565748, -0.7071055712382681158, 0.000000000000000000 ) ) ;
#3557 = ORIENTED_EDGE ( 'NONE', *, *, #1554, .T. ) ;
#3558 = LINE ( 'NONE', #1675, #6235 ) ;
#3559 = DIRECTION ( 'NONE',  ( 1.000000000000000000, 3.898255002195072399E-16, 0.000000000000000000 ) ) ;
#3560 = ORIENTED_EDGE ( 'NONE', *, *, #3948, .F. ) ;
#3561 = LINE ( 'NONE', #4299, #5564 ) ;
#3562 = VECTOR ( 'NONE', #5557, 1000.000000000000000 ) ;
#3563 = AXIS2_PLACEMENT_3D ( 'NONE', #7619, #2158, #2735 ) ;
#3564 = DIRECTION ( 'NONE',  ( 0.000000000000000000, 0.000000000000000000, 1.000000000000000000 ) ) ;
#3565 = CARTESIAN_POINT ( 'NONE',  ( -60.99999999999985079, 0.000000000000000000, 1.000000000000000000 ) ) ;
#3566 = CARTESIAN_POINT ( 'NONE',  ( 15.64954525451680034, 15.58599798172133255, 0.000000000000000000 ) ) ;
#3567 = AXIS2_PLACEMENT_3D ( 'NONE', #5904, #4624, #8691 ) ;
#3568 = CARTESIAN_POINT ( 'NONE',  ( -60.99999999999981526, 10.24999999999999822, 2.000000000000000000 ) ) ;
#3569 = CIRCLE ( 'NONE', #8501, 0.5000000000000004441 ) ;
#3570 = VERTEX_POINT ( 'NONE', #5896 ) ;
#3571 = DIRECTION ( 'NONE',  ( -1.825265996354550011E-15, 0.9838699100999075409, 0.1788854381999831766 ) ) ;
#3572 = CARTESIAN_POINT ( 'NONE',  ( -16.49999999999999289, -24.33999999999999986, 6.363636363636365090 ) ) ;
#3573 = ORIENTED_EDGE ( 'NONE', *, *, #7833, .T. ) ;
#3574 = AXIS2_PLACEMENT_3D ( 'NONE', #3643, #6405, #5049 ) ;
#3575 = LINE ( 'NONE', #6066, #8187 ) ;
#3576 = EDGE_CURVE ( 'NONE', #2935, #4171, #5285, .T. ) ;
#3577 = ORIENTED_EDGE ( 'NONE', *, *, #3745, .F. ) ;
#3578 = ORIENTED_EDGE ( 'NONE', *, *, #6733, .T. ) ;
#3579 = ORIENTED_EDGE ( 'NONE', *, *, #6788, .F. ) ;
#3580 = ORIENTED_EDGE ( 'NONE', *, *, #5282, .F. ) ;
#3581 = CYLINDRICAL_SURFACE ( 'NONE', #8064, 0.5000000000000000000 ) ;
#3582 = ADVANCED_FACE ( 'NONE', ( #1128 ), #6517, .F. ) ;
#3583 = FACE_OUTER_BOUND ( 'NONE', #4677, .T. ) ;
#3584 = CARTESIAN_POINT ( 'NONE',  ( -2.562500000000003997, -24.33999999999999986, 6.363636363636365090 ) ) ;
#3585 = CARTESIAN_POINT ( 'NONE',  ( -10.18750000000001599, -15.83999999999999986, 7.900893641477321871 ) ) ;
#3587 = EDGE_CURVE ( 'NONE', #2042, #384, #4509, .T. ) ;
#3586 = DIRECTION ( 'NONE',  ( 0.000000000000000000, 0.000000000000000000, -1.000000000000000000 ) ) ;
#3588 = DIRECTION ( 'NONE',  ( 1.000000000000000000, 0.000000000000000000, 0.000000000000000000 ) ) ;
#3589 = CARTESIAN_POINT ( 'NONE',  ( -25.32921656848661840, -29.19511388567677201, 0.000000000000000000 ) ) ;
#3590 = ORIENTED_EDGE ( 'NONE', *, *, #5733, .F. ) ;
#3591 = FACE_OUTER_BOUND ( 'NONE', #4882, .T. ) ;
#3592 = ORIENTED_EDGE ( 'NONE', *, *, #2469, .T. ) ;
#3593 = PLANE ( 'NONE',  #1175 ) ;
#3594 = FACE_OUTER_BOUND ( 'NONE', #730, .T. ) ;
#3595 = ADVANCED_FACE ( 'NONE', ( #1173 ), #8610, .F. ) ;
#3596 = AXIS2_PLACEMENT_3D ( 'NONE', #1362, #2749, #6746 ) ;
#3597 = ORIENTED_EDGE ( 'NONE', *, *, #800, .T. ) ;
#3598 = LINE ( 'NONE', #7695, #4199 ) ;
#3599 = ORIENTED_EDGE ( 'NONE', *, *, #3195, .F. ) ;
#3600 = PRESENTATION_LAYER_ASSIGNMENT (  '', '', ( #3458 ) ) ;
#3601 = LINE ( 'NONE', #1875, #2949 ) ;
#3602 = ORIENTED_EDGE ( 'NONE', *, *, #4388, .T. ) ;
#3603 = CARTESIAN_POINT ( 'NONE',  ( -5.117986993953645758, 24.79138695315008434, -1.800000000000000266 ) ) ;
#3604 = DIRECTION ( 'NONE',  ( 0.000000000000000000, 0.000000000000000000, 1.000000000000000000 ) ) ;
#3605 = FACE_OUTER_BOUND ( 'NONE', #5852, .T. ) ;
#3606 = PLANE ( 'NONE',  #8199 ) ;
#3607 = DIRECTION ( 'NONE',  ( -1.000000000000000000, 0.000000000000000000, 0.000000000000000000 ) ) ;
#3608 = ORIENTED_EDGE ( 'NONE', *, *, #7300, .T. ) ;
#3609 = FACE_OUTER_BOUND ( 'NONE', #3649, .T. ) ;
#3610 = ORIENTED_EDGE ( 'NONE', *, *, #1527, .T. ) ;
#3611 = CARTESIAN_POINT ( 'NONE',  ( -10.16862743919909917, 3.159999999999996145, 4.500000000000000888 ) ) ;
#3612 = VERTEX_POINT ( 'NONE', #1901 ) ;
#3613 = DIRECTION ( 'NONE',  ( -1.000000000000000000, 0.000000000000000000, -0.000000000000000000 ) ) ;
#3614 = EDGE_LOOP ( 'NONE', ( #5893, #364, #6636, #2139 ) ) ;
#3615 = EDGE_LOOP ( 'NONE', ( #3398, #6690, #16, #5431 ) ) ;
#3616 = ORIENTED_EDGE ( 'NONE', *, *, #8687, .T. ) ;
#3617 = ORIENTED_EDGE ( 'NONE', *, *, #2999, .F. ) ;
#3618 = CARTESIAN_POINT ( 'NONE',  ( -12.68749999999996980, -15.33999999999993058, 8.000000000000014211 ) ) ;
#3619 = ADVANCED_FACE ( 'NONE', ( #5945 ), #1941, .F. ) ;
#3620 = CARTESIAN_POINT ( 'NONE',  ( 5.062499999999979572, -15.34000000000000341, 7.400893641477320983 ) ) ;
#3621 = DIRECTION ( 'NONE',  ( -1.000000000000000000, 0.000000000000000000, 0.000000000000000000 ) ) ;
#3622 = DIRECTION ( 'NONE',  ( -0.000000000000000000, -0.000000000000000000, 1.000000000000000000 ) ) ;
#3623 = CARTESIAN_POINT ( 'NONE',  ( -23.99999999999999289, 30.00000000000001421, -3.000000000000000000 ) ) ;
#3624 = EDGE_CURVE ( 'NONE', #7331, #7687, #7276, .T. ) ;
#3625 = ADVANCED_FACE ( 'NONE', ( #558 ), #3959, .T. ) ;
#3626 = CARTESIAN_POINT ( 'NONE',  ( -1.249999999999979128, -15.34000000000000341, 1.000000000000000000 ) ) ;
#3627 = ADVANCED_FACE ( 'NONE', ( #8684 ), #5322, .T. ) ;
#3628 = EDGE_CURVE ( 'NONE', #6766, #1894, #1, .T. ) ;
#3629 = ORIENTED_EDGE ( 'NONE', *, *, #6474, .F. ) ;
#3630 = DIRECTION ( 'NONE',  ( 0.000000000000000000, -1.000000000000000000, 0.000000000000000000 ) ) ;
#3631 = ORIENTED_EDGE ( 'NONE', *, *, #2396, .T. ) ;
#3632 = DIRECTION ( 'NONE',  ( 0.000000000000000000, 0.000000000000000000, -1.000000000000000000 ) ) ;
#3633 = DIRECTION ( 'NONE',  ( 0.000000000000000000, 0.000000000000000000, 1.000000000000000000 ) ) ;
#3634 = VECTOR ( 'NONE', #2156, 1000.000000000000000 ) ;
#3635 = EDGE_CURVE ( 'NONE', #2637, #4532, #2868, .T. ) ;
#3636 = ORIENTED_EDGE ( 'NONE', *, *, #8316, .F. ) ;
#3637 = CARTESIAN_POINT ( 'NONE',  ( -64.26000000000000512, 18.69999999999999929, 1.000000000000000000 ) ) ;
#3638 = AXIS2_PLACEMENT_3D ( 'NONE', #2553, #3247, #1788 ) ;
#3639 = ADVANCED_FACE ( 'NONE', ( #164 ), #2030, .F. ) ;
#3640 = EDGE_LOOP ( 'NONE', ( #3913, #7433, #4643, #8102 ) ) ;
#3641 = PLANE ( 'NONE',  #3778 ) ;
#3642 = VERTEX_POINT ( 'NONE', #8122 ) ;
#3643 = CARTESIAN_POINT ( 'NONE',  ( -64.26000000000000512, 18.69999999999999929, -5.599999999999999645 ) ) ;
#3644 = DIRECTION ( 'NONE',  ( -0.000000000000000000, -0.000000000000000000, -1.000000000000000000 ) ) ;
#3645 = DIRECTION ( 'NONE',  ( 0.000000000000000000, 0.000000000000000000, 1.000000000000000000 ) ) ;
#3646 = CARTESIAN_POINT ( 'NONE',  ( 7.933601002593406726, -30.31022109761167371, -1.699999999999999956 ) ) ;
#3647 = ORIENTED_EDGE ( 'NONE', *, *, #2053, .T. ) ;
#3648 = CARTESIAN_POINT ( 'NONE',  ( -16.49999999999997513, -15.34000000000000163, 7.400893641477320983 ) ) ;
#3649 = EDGE_LOOP ( 'NONE', ( #322, #6504, #3903, #8537, #1433, #4567, #272, #6705 ) ) ;
#3650 = DIRECTION ( 'NONE',  ( -1.000000000000000000, 0.000000000000000000, 0.000000000000000000 ) ) ;
#3651 = FACE_OUTER_BOUND ( 'NONE', #6250, .T. ) ;
#3652 = ORIENTED_EDGE ( 'NONE', *, *, #784, .F. ) ;
#3653 = VECTOR ( 'NONE', #871, 999.9999999999998863 ) ;
#3654 = VECTOR ( 'NONE', #8698, 1000.000000000000000 ) ;
#3655 = DIRECTION ( 'NONE',  ( 0.000000000000000000, 0.000000000000000000, 1.000000000000000000 ) ) ;
#3656 = DIRECTION ( 'NONE',  ( -0.000000000000000000, 0.000000000000000000, -1.000000000000000000 ) ) ;
#3657 = AXIS2_PLACEMENT_3D ( 'NONE', #6536, #1697, #2548 ) ;
#3658 = ORIENTED_EDGE ( 'NONE', *, *, #4041, .T. ) ;
#3659 = ORIENTED_EDGE ( 'NONE', *, *, #5082, .F. ) ;
#3660 = VERTEX_POINT ( 'NONE', #3441 ) ;
#3661 = CARTESIAN_POINT ( 'NONE',  ( -2.562500000000009326, 3.003749999999987264, 4.500000000000000888 ) ) ;
#3662 = ORIENTED_EDGE ( 'NONE', *, *, #8730, .T. ) ;
#3663 = CYLINDRICAL_SURFACE ( 'NONE', #4766, 2.599999999999998312 ) ;
#3664 = VECTOR ( 'NONE', #2136, 1000.000000000000000 ) ;
#3665 = LINE ( 'NONE', #7585, #912 ) ;
#3666 = FACE_OUTER_BOUND ( 'NONE', #6669, .T. ) ;
#3667 = CARTESIAN_POINT ( 'NONE',  ( 19.50000000000000355, -22.99455728089999340, 6.100065044950050641 ) ) ;
#3668 = EDGE_CURVE ( 'NONE', #1386, #6903, #3244, .T. ) ;
#3669 = LINE ( 'NONE', #5033, #3664 ) ;
#3670 = AXIS2_PLACEMENT_3D ( 'NONE', #2364, #4907, #4243 ) ;
#3671 = DIRECTION ( 'NONE',  ( 1.000000000000000000, 0.000000000000000000, 0.000000000000000000 ) ) ;
#3672 = ORIENTED_EDGE ( 'NONE', *, *, #4150, .T. ) ;
#3673 = CARTESIAN_POINT ( 'NONE',  ( 1.249999999999994671, -24.33999999999999986, 6.363636363636365090 ) ) ;
#3674 = ORIENTED_EDGE ( 'NONE', *, *, #76, .F. ) ;
#3675 = CARTESIAN_POINT ( 'NONE',  ( 12.76404732341763548, 3.321380907951519745, 4.478718870602345525 ) ) ;
#3676 =( BOUNDED_CURVE ( )  B_SPLINE_CURVE ( 3, ( #8419, #3075, #4306, #2379 ),
 .UNSPECIFIED., .F., .F. ) 
 B_SPLINE_CURVE_WITH_KNOTS ( ( 4, 4 ),
 ( 4.712388980384689674, 7.853981633974482790 ),
 .UNSPECIFIED. ) 
 CURVE ( )  GEOMETRIC_REPRESENTATION_ITEM ( )  RATIONAL_B_SPLINE_CURVE ( ( 1.000000000000000000, 0.3333333333333333703, 0.3333333333333333703, 1.000000000000000000 ) ) 
 REPRESENTATION_ITEM ( '' )  );
#3677 = VECTOR ( 'NONE', #965, 999.9999999999998863 ) ;
#3678 = EDGE_CURVE ( 'NONE', #4794, #7594, #8163, .T. ) ;
#3679 = VERTEX_POINT ( 'NONE', #6114 ) ;
#3680 = DIRECTION ( 'NONE',  ( 1.000000000000000000, 0.000000000000000000, 0.000000000000000000 ) ) ;
#3681 = VECTOR ( 'NONE', #1204, 1000.000000000000000 ) ;
#3682 = ORIENTED_EDGE ( 'NONE', *, *, #4932, .F. ) ;
#3683 = CARTESIAN_POINT ( 'NONE',  ( -16.49999999999997158, -15.34000000000000341, 7.400893641477320983 ) ) ;
#3684 = ORIENTED_EDGE ( 'NONE', *, *, #5824, .F. ) ;
#3685 = CARTESIAN_POINT ( 'NONE',  ( -19.12135916896024668, -24.85085693170335830, 5.808339560916246036 ) ) ;
#3686 = LINE ( 'NONE', #1691, #8099 ) ;
#3687 = DIRECTION ( 'NONE',  ( 1.000000000000000000, 0.000000000000000000, 0.000000000000000000 ) ) ;
#3688 = EDGE_CURVE ( 'NONE', #8560, #3709, #4220, .T. ) ;
#3689 = CIRCLE ( 'NONE', #5085, 0.6562500000000109912 ) ;
#3690 = EDGE_CURVE ( 'NONE', #5933, #8382, #4040, .T. ) ;
#3691 = CARTESIAN_POINT ( 'NONE',  ( -21.24264068711925546, -30.00000000000000711, -0.1788635809607187210 ) ) ;
#3692 = CARTESIAN_POINT ( 'NONE',  ( 0.6600000000000008082, -11.74345596729059515, 0.000000000000000000 ) ) ;
#3693 = ORIENTED_EDGE ( 'NONE', *, *, #3143, .F. ) ;
#3694 = DIRECTION ( 'NONE',  ( -0.000000000000000000, -0.000000000000000000, 1.000000000000000000 ) ) ;
#3695 = ORIENTED_EDGE ( 'NONE', *, *, #4691, .F. ) ;
#3696 = FILL_AREA_STYLE_COLOUR ( '', #1584 ) ;
#3697 = DIRECTION ( 'NONE',  ( -1.000000000000000000, 0.000000000000000000, 0.000000000000000000 ) ) ;
#3698 = AXIS2_PLACEMENT_3D ( 'NONE', #5602, #8302, #914 ) ;
#3699 = ORIENTED_EDGE ( 'NONE', *, *, #3020, .F. ) ;
#3700 = ORIENTED_EDGE ( 'NONE', *, *, #8652, .T. ) ;
#3701 = CIRCLE ( 'NONE', #4107, 0.5000000000000004441 ) ;
#3702 = DIRECTION ( 'NONE',  ( -1.000000000000000000, 0.000000000000000000, 0.000000000000000000 ) ) ;
#3703 = VECTOR ( 'NONE', #653, 1000.000000000000000 ) ;
#3704 = VECTOR ( 'NONE', #8372, 1000.000000000000000 ) ;
#3705 = VERTEX_POINT ( 'NONE', #5455 ) ;
#3706 = ORIENTED_EDGE ( 'NONE', *, *, #5446, .F. ) ;
#3707 = ORIENTED_EDGE ( 'NONE', *, *, #5630, .T. ) ;
#3708 = CARTESIAN_POINT ( 'NONE',  ( -22.99999999999999645, -33.00000000000000000, -3.000000000000000000 ) ) ;
#3709 = VERTEX_POINT ( 'NONE', #2208 ) ;
#3710 = CARTESIAN_POINT ( 'NONE',  ( 5.062499999999980460, -15.83999999999999986, 7.400893641477320983 ) ) ;
#3711 = AXIS2_PLACEMENT_3D ( 'NONE', #1781, #7164, #3157 ) ;
#3712 = VECTOR ( 'NONE', #4083, 1000.000000000000000 ) ;
#3713 = CARTESIAN_POINT ( 'NONE',  ( -16.99999999999997868, 25.25000000000000711, 2.500000000000000000 ) ) ;
#3714 = DIRECTION ( 'NONE',  ( -1.000000000000000000, 0.000000000000000000, 0.000000000000000000 ) ) ;
#3715 = CARTESIAN_POINT ( 'NONE',  ( 26.00000000000001066, -15.83999999999999986, 7.900893641477321871 ) ) ;
#3716 = CARTESIAN_POINT ( 'NONE',  ( -20.00000000000000355, -33.99999999999999289, -1.067752469849594821 ) ) ;
#3717 = CARTESIAN_POINT ( 'NONE',  ( -64.50000000000001421, 25.84597089274788217, -4.599999999999999645 ) ) ;
#3718 = VERTEX_POINT ( 'NONE', #860 ) ;
#3719 = CARTESIAN_POINT ( 'NONE',  ( 11.50000000000000533, 6.499999999999999112, 0.9999999999999970024 ) ) ;
#3720 = DIRECTION ( 'NONE',  ( -0.000000000000000000, 1.000000000000000000, -0.000000000000000000 ) ) ;
#3721 = LINE ( 'NONE', #7066, #4104 ) ;
#3722 = DIRECTION ( 'NONE',  ( -1.000000000000000000, 0.000000000000000000, 0.000000000000000000 ) ) ;
#3723 = EDGE_LOOP ( 'NONE', ( #6024, #5307, #6025, #3597, #3480 ) ) ;
#3724 = DIRECTION ( 'NONE',  ( 1.000000000000000000, 1.734723475976807883E-15, 0.000000000000000000 ) ) ;
#3725 = ORIENTED_EDGE ( 'NONE', *, *, #8113, .F. ) ;
#3726 =( BOUNDED_CURVE ( )  B_SPLINE_CURVE ( 3, ( #3022, #3510, #974, #3683 ),
 .UNSPECIFIED., .F., .F. ) 
 B_SPLINE_CURVE_WITH_KNOTS ( ( 4, 4 ),
 ( 1.570796326794889675, 3.141592653589801110 ),
 .UNSPECIFIED. ) 
 CURVE ( )  GEOMETRIC_REPRESENTATION_ITEM ( )  RATIONAL_B_SPLINE_CURVE ( ( 1.000000000000000000, 0.8047378541243614958, 0.8047378541243614958, 1.000000000000000000 ) ) 
 REPRESENTATION_ITEM ( '' )  );
#3727 = CARTESIAN_POINT ( 'NONE',  ( 12.29999999999999893, 6.499999999999999112, -0.5999999999999998668 ) ) ;
#3728 = ORIENTED_EDGE ( 'NONE', *, *, #1635, .F. ) ;
#3729 = LINE ( 'NONE', #8458, #1903 ) ;
#3730 = DIRECTION ( 'NONE',  ( 0.7071067811865486830, 2.756482546846519371E-16, -0.7071067811865464625 ) ) ;
#3731 = CYLINDRICAL_SURFACE ( 'NONE', #1995, 1.500000000000001332 ) ;
#3732 = CARTESIAN_POINT ( 'NONE',  ( 17.96446609406727291, -25.92944271909999543, 6.074646778345456077 ) ) ;
#3733 = AXIS2_PLACEMENT_3D ( 'NONE', #328, #977, #3024 ) ;
#3734 = ORIENTED_EDGE ( 'NONE', *, *, #8651, .T. ) ;
#3735 = CARTESIAN_POINT ( 'NONE',  ( -16.49999999999997513, -15.34000000000000163, 7.400893641477320983 ) ) ;
#3736 = ORIENTED_EDGE ( 'NONE', *, *, #6520, .T. ) ;
#3737 = CARTESIAN_POINT ( 'NONE',  ( 19.50000000000000355, 3.159999999999996145, 4.000000000000000000 ) ) ;
#3738 = LINE ( 'NONE', #2297, #7299 ) ;
#3739 = EDGE_CURVE ( 'NONE', #4695, #1207, #1480, .T. ) ;
#3740 = ORIENTED_EDGE ( 'NONE', *, *, #2525, .T. ) ;
#3741 = EDGE_CURVE ( 'NONE', #5087, #3749, #3575, .T. ) ;
#3742 = CARTESIAN_POINT ( 'NONE',  ( 5.062499999999993783, -24.33999999999999986, 1.000000000000000000 ) ) ;
#3743 = VECTOR ( 'NONE', #4147, 1000.000000000000000 ) ;
#3744 = VERTEX_POINT ( 'NONE', #8209 ) ;
#3745 = EDGE_CURVE ( 'NONE', #528, #825, #37, .T. ) ;
#3746 = ORIENTED_EDGE ( 'NONE', *, *, #7768, .F. ) ;
#3747 = ORIENTED_EDGE ( 'NONE', *, *, #1767, .T. ) ;
#3748 = DIRECTION ( 'NONE',  ( 0.000000000000000000, 0.000000000000000000, -1.000000000000000000 ) ) ;
#3749 = VERTEX_POINT ( 'NONE', #2111 ) ;
#3750 = ADVANCED_FACE ( 'NONE', ( #7481 ), #4178, .T. ) ;
#3751 = DIRECTION ( 'NONE',  ( -0.000000000000000000, -0.000000000000000000, 1.000000000000000000 ) ) ;
#3752 = DIRECTION ( 'NONE',  ( 0.000000000000000000, 0.000000000000000000, -1.000000000000000000 ) ) ;
#3753 = CARTESIAN_POINT ( 'NONE',  ( -61.00000000000001421, 28.99999999999999289, 2.000000000000000000 ) ) ;
#3754 = CIRCLE ( 'NONE', #6549, 2.599999999999991207 ) ;
#3755 = CARTESIAN_POINT ( 'NONE',  ( 0.000000000000000000, 27.75000000000000000, 1.000000000000000000 ) ) ;
#3756 = CARTESIAN_POINT ( 'NONE',  ( 24.25000000000000000, 33.00000000000000711, -2.200000000000000178 ) ) ;
#3757 = VERTEX_POINT ( 'NONE', #776 ) ;
#3758 = DIRECTION ( 'NONE',  ( -0.000000000000000000, -0.000000000000000000, 1.000000000000000000 ) ) ;
#3759 = CYLINDRICAL_SURFACE ( 'NONE', #8396, 0.7999999999999933831 ) ;
#3760 = CARTESIAN_POINT ( 'NONE',  ( 23.00000000000000000, 33.00000000000000711, -2.200000000000000622 ) ) ;
#3761 = ORIENTED_EDGE ( 'NONE', *, *, #7553, .F. ) ;
#3762 = CARTESIAN_POINT ( 'NONE',  ( -25.49999999999999645, -28.50000000000001066, -3.000000000000002665 ) ) ;
#3763 = ORIENTED_EDGE ( 'NONE', *, *, #8484, .T. ) ;
#3764 = FACE_OUTER_BOUND ( 'NONE', #606, .T. ) ;
#3765 = ORIENTED_EDGE ( 'NONE', *, *, #3624, .F. ) ;
#3766 = CARTESIAN_POINT ( 'NONE',  ( -5.062499999999996447, -26.83999999999999275, 5.909090909090911836 ) ) ;
#3767 = CARTESIAN_POINT ( 'NONE',  ( 13.99999999999999822, -24.33999999999999986, 1.000000000000000000 ) ) ;
#3768 = CARTESIAN_POINT ( 'NONE',  ( 19.50000000000000355, -18.34000000000002473, 8.000000000000000000 ) ) ;
#3769 = AXIS2_PLACEMENT_3D ( 'NONE', #5956, #7373, #1318 ) ;
#3770 = PLANE ( 'NONE',  #3377 ) ;
#3771 = ADVANCED_FACE ( 'NONE', ( #2818 ), #4836, .T. ) ;
#3772 = VERTEX_POINT ( 'NONE', #2430 ) ;
#3773 = DIRECTION ( 'NONE',  ( -0.000000000000000000, -1.000000000000000000, -0.000000000000000000 ) ) ;
#3774 = ORIENTED_EDGE ( 'NONE', *, *, #1509, .F. ) ;
#3775 = DIRECTION ( 'NONE',  ( -0.000000000000000000, -0.000000000000000000, -1.000000000000000000 ) ) ;
#3776 = CARTESIAN_POINT ( 'NONE',  ( 16.50000000000000000, -26.33999999999999986, 6.000000000000001776 ) ) ;
#3777 = ORIENTED_EDGE ( 'NONE', *, *, #8447, .F. ) ;
#3778 = AXIS2_PLACEMENT_3D ( 'NONE', #4959, #8409, #5665 ) ;
#3779 = VECTOR ( 'NONE', #5495, 1000.000000000000000 ) ;
#3780 = FACE_OUTER_BOUND ( 'NONE', #6937, .T. ) ;
#3781 = EDGE_CURVE ( 'NONE', #2211, #7579, #2952, .T. ) ;
#3782 = ADVANCED_FACE ( 'NONE', ( #3780 ), #2258, .F. ) ;
#3783 = ADVANCED_FACE ( 'NONE', ( #4978 ), #152, .F. ) ;
#3784 = VERTEX_POINT ( 'NONE', #6185 ) ;
#3785 =( NAMED_UNIT ( * ) SI_UNIT ( $, .STERADIAN. ) SOLID_ANGLE_UNIT ( ) );
#3786 = VERTEX_POINT ( 'NONE', #6672 ) ;
#3787 = DIRECTION ( 'NONE',  ( -0.000000000000000000, -0.000000000000000000, 1.000000000000000000 ) ) ;
#3788 = AXIS2_PLACEMENT_3D ( 'NONE', #839, #5003, #4161 ) ;
#3789 = ORIENTED_EDGE ( 'NONE', *, *, #6198, .T. ) ;
#3790 = CYLINDRICAL_SURFACE ( 'NONE', #3135, 1.500000000000001332 ) ;
#3791 = DIRECTION ( 'NONE',  ( 0.000000000000000000, 0.000000000000000000, -1.000000000000000000 ) ) ;
#3792 = CARTESIAN_POINT ( 'NONE',  ( -12.91100927720805913, 3.502153497675971838, 4.369954511760779425 ) ) ;
#3793 = CARTESIAN_POINT ( 'NONE',  ( -16.99999999999993605, 0.000000000000000000, 2.500000000000000000 ) ) ;
#3794 = AXIS2_PLACEMENT_3D ( 'NONE', #3710, #2484, #5694 ) ;
#3795 = EDGE_CURVE ( 'NONE', #7579, #745, #2762, .T. ) ;
#3796 = EDGE_CURVE ( 'NONE', #2958, #4570, #8198, .T. ) ;
#3797 = LINE ( 'NONE', #7814, #8599 ) ;
#3798 = DIRECTION ( 'NONE',  ( 0.7071055712382677827, -0.7071079911327570189, 0.000000000000000000 ) ) ;
#3799 = VECTOR ( 'NONE', #5836, 1000.000000000000114 ) ;
#3800 = ORIENTED_EDGE ( 'NONE', *, *, #8484, .F. ) ;
#3801 = CARTESIAN_POINT ( 'NONE',  ( -23.00000000000000000, 33.00000000000000000, -2.200000000000000622 ) ) ;
#3802 = CARTESIAN_POINT ( 'NONE',  ( 10.18750000000001954, -15.83999999999999986, 7.400893641477320983 ) ) ;
#3803 = CARTESIAN_POINT ( 'NONE',  ( -16.49999999999997513, -15.34000000000000163, 7.400893641477320983 ) ) ;
#3804 = EDGE_CURVE ( 'NONE', #8382, #6512, #4777, .T. ) ;
#3805 = AXIS2_PLACEMENT_3D ( 'NONE', #1215, #7859, #4454 ) ;
#3806 = ORIENTED_EDGE ( 'NONE', *, *, #8687, .F. ) ;
#3807 = CARTESIAN_POINT ( 'NONE',  ( -18.34364016720918400, -15.94099948008990886, 7.309833114191032877 ) ) ;
#3808 = VERTEX_POINT ( 'NONE', #3380 ) ;
#3809 = DIRECTION ( 'NONE',  ( 0.000000000000000000, 1.000000000000000000, 0.000000000000000000 ) ) ;
#3810 = ORIENTED_EDGE ( 'NONE', *, *, #5473, .F. ) ;
#3811 = AXIS2_PLACEMENT_3D ( 'NONE', #6852, #6057, #5358 ) ;
#3812 = CARTESIAN_POINT ( 'NONE',  ( -16.99999999999989697, 17.75000000000002132, 2.500000000000000000 ) ) ;
#3813 = DIRECTION ( 'NONE',  ( -0.7071055712382680047, 0.7071079911327565748, 0.000000000000000000 ) ) ;
#3814 = LINE ( 'NONE', #5137, #8637 ) ;
#3815 = CARTESIAN_POINT ( 'NONE',  ( 8.874999999999980460, 3.003749999999987264, 4.500000000000000888 ) ) ;
#3816 = AXIS2_PLACEMENT_3D ( 'NONE', #2171, #5697, #8395 ) ;
#3817 = DIRECTION ( 'NONE',  ( -0.000000000000000000, -0.000000000000000000, 1.000000000000000000 ) ) ;
#3818 = ORIENTED_EDGE ( 'NONE', *, *, #275, .T. ) ;
#3819 = DIRECTION ( 'NONE',  ( 1.000000000000000000, 0.000000000000000000, 0.000000000000000000 ) ) ;
#3820 = ORIENTED_EDGE ( 'NONE', *, *, #4549, .T. ) ;
#3821 = DIRECTION ( 'NONE',  ( 0.7071055712382638969, -0.7071079911327607936, 0.000000000000000000 ) ) ;
#3822 = CARTESIAN_POINT ( 'NONE',  ( 19.40108054020266692, -24.20227503857322304, 6.388677265713987197 ) ) ;
#3823 = ORIENTED_EDGE ( 'NONE', *, *, #6289, .T. ) ;
#3824 = AXIS2_PLACEMENT_3D ( 'NONE', #4431, #3645, #3115 ) ;
#3825 = FACE_OUTER_BOUND ( 'NONE', #2977, .T. ) ;
#3826 = FACE_OUTER_BOUND ( 'NONE', #7405, .T. ) ;
#3827 = VERTEX_POINT ( 'NONE', #4167 ) ;
#3828 = VECTOR ( 'NONE', #4565, 999.9999999999998863 ) ;
#3829 = AXIS2_PLACEMENT_3D ( 'NONE', #106, #624, #7428 ) ;
#3830 = ORIENTED_EDGE ( 'NONE', *, *, #3741, .T. ) ;
#3831 = DIRECTION ( 'NONE',  ( 0.000000000000000000, 0.000000000000000000, 1.000000000000000000 ) ) ;
#3832 = VERTEX_POINT ( 'NONE', #3516 ) ;
#3833 = DIRECTION ( 'NONE',  ( 1.239088197126290324E-16, -1.000000000000000000, 0.000000000000000000 ) ) ;
#3834 = CARTESIAN_POINT ( 'NONE',  ( -18.50000000000000711, -3.209238430557094308E-15, 1.000000000000000000 ) ) ;
#3835 = EDGE_CURVE ( 'NONE', #5343, #8173, #5647, .T. ) ;
#3836 = VECTOR ( 'NONE', #1595, 1000.000000000000000 ) ;
#3837 = CARTESIAN_POINT ( 'NONE',  ( -2.562500000000015987, -15.83999999999999986, 7.400893641477320983 ) ) ;
#3838 = VECTOR ( 'NONE', #7790, 1000.000000000000000 ) ;
#3839 = DIRECTION ( 'NONE',  ( 1.000000000000000000, -0.000000000000000000, -0.000000000000000000 ) ) ;
#3840 = MECHANICAL_DESIGN_GEOMETRIC_PRESENTATION_REPRESENTATION (  '', ( #7362 ), #174 ) ;
#3841 = DIRECTION ( 'NONE',  ( 0.000000000000000000, 0.000000000000000000, 1.000000000000000000 ) ) ;
#3842 = FACE_OUTER_BOUND ( 'NONE', #641, .T. ) ;
#3843 = ORIENTED_EDGE ( 'NONE', *, *, #7836, .F. ) ;
#3844 = LINE ( 'NONE', #6524, #1530 ) ;
#3845 = CARTESIAN_POINT ( 'NONE',  ( 25.59999999999999787, -33.00000000000000711, -0.3333333333333365345 ) ) ;
#3846 = ADVANCED_FACE ( 'NONE', ( #3333 ), #7566, .T. ) ;
#3847 = DIRECTION ( 'NONE',  ( 0.000000000000000000, 0.000000000000000000, -1.000000000000000000 ) ) ;
#3848 = EDGE_CURVE ( 'NONE', #6869, #6665, #4077, .T. ) ;
#3849 = AXIS2_PLACEMENT_3D ( 'NONE', #7789, #411, #4511 ) ;
#3850 = DIRECTION ( 'NONE',  ( -1.000000000000000000, -8.576161004829159278E-16, 0.000000000000000000 ) ) ;
#3851 = VECTOR ( 'NONE', #7104, 1000.000000000000000 ) ;
#3852 = CARTESIAN_POINT ( 'NONE',  ( 15.64954525451680034, 15.58599798172133255, 0.000000000000000000 ) ) ;
#3853 = EDGE_CURVE ( 'NONE', #7758, #3863, #4779, .T. ) ;
#3854 = VERTEX_POINT ( 'NONE', #4693 ) ;
#3855 = CARTESIAN_POINT ( 'NONE',  ( 26.00000000000001066, -15.83999999999999986, 7.400893641477320983 ) ) ;
#3856 = ORIENTED_EDGE ( 'NONE', *, *, #3417, .F. ) ;
#3857 = LINE ( 'NONE', #7916, #615 ) ;
#3858 = ADVANCED_FACE ( 'NONE', ( #2147 ), #4289, .T. ) ;
#3859 = EDGE_CURVE ( 'NONE', #7750, #3705, #7080, .T. ) ;
#3860 = LINE ( 'NONE', #6534, #3838 ) ;
#3861 = CARTESIAN_POINT ( 'NONE',  ( -24.00000000000000000, -30.00000000000001421, -0.1788635809607192206 ) ) ;
#3862 = CARTESIAN_POINT ( 'NONE',  ( -17.99999999999999289, 10.25000000000003375, 0.5000000000000000000 ) ) ;
#3863 = VERTEX_POINT ( 'NONE', #7658 ) ;
#3864 = FACE_BOUND ( 'NONE', #4249, .T. ) ;
#3865 = ORIENTED_EDGE ( 'NONE', *, *, #6324, .T. ) ;
#3866 = LINE ( 'NONE', #4475, #2729 ) ;
#3867 = CARTESIAN_POINT ( 'NONE',  ( 19.50000000000000355, -23.42944271909999188, 6.529192232890911107 ) ) ;
#3868 = VERTEX_POINT ( 'NONE', #1559 ) ;
#3869 = DIRECTION ( 'NONE',  ( -1.000000000000000000, 0.000000000000000000, 0.000000000000000000 ) ) ;
#3870 = SURFACE_SIDE_STYLE ('',( #1970 ) ) ;
#3871 = AXIS2_PLACEMENT_3D ( 'NONE', #926, #4951, #4372 ) ;
#3872 = CARTESIAN_POINT ( 'NONE',  ( -20.39999999999999503, -32.99999999999999289, -2.200000000000000622 ) ) ;
#3873 = ORIENTED_EDGE ( 'NONE', *, *, #5040, .T. ) ;
#3874 = CARTESIAN_POINT ( 'NONE',  ( -1.418817252086525205, 3.450240184018305012, 4.413492270693931019 ) ) ;
#3875 = VERTEX_POINT ( 'NONE', #1644 ) ;
#3876 = DIRECTION ( 'NONE',  ( 0.000000000000000000, 0.000000000000000000, 1.000000000000000000 ) ) ;
#3877 = VERTEX_POINT ( 'NONE', #4301 ) ;
#3878 = CARTESIAN_POINT ( 'NONE',  ( -13.21428998077742989, 3.659999999999997478, 4.113001826541254680 ) ) ;
#3879 = CARTESIAN_POINT ( 'NONE',  ( -61.00000000000001421, 36.00000000000000000, -2.299999999999999822 ) ) ;
#3880 = CARTESIAN_POINT ( 'NONE',  ( -16.49999999999989697, 17.75000000000002132, 2.500000000000000000 ) ) ;
#3881 = CARTESIAN_POINT ( 'NONE',  ( 12.68749999999999467, -24.33999999999999986, 7.900893641477321871 ) ) ;
#3882 = EDGE_CURVE ( 'NONE', #6955, #8345, #6987, .T. ) ;
#3883 = FACE_OUTER_BOUND ( 'NONE', #7333, .T. ) ;
#3884 = ORIENTED_EDGE ( 'NONE', *, *, #7130, .F. ) ;
#3885 = PLANE ( 'NONE',  #7735 ) ;
#3886 = LINE ( 'NONE', #5780, #1760 ) ;
#3887 = LINE ( 'NONE', #5906, #1714 ) ;
#3888 = VECTOR ( 'NONE', #1262, 1000.000000000000000 ) ;
#3889 = DIRECTION ( 'NONE',  ( -0.000000000000000000, -0.000000000000000000, 1.000000000000000000 ) ) ;
#3890 = EDGE_CURVE ( 'NONE', #6869, #2955, #2986, .T. ) ;
#3891 = EDGE_CURVE ( 'NONE', #2596, #2213, #2277, .T. ) ;
#3892 = CARTESIAN_POINT ( 'NONE',  ( -19.12135916896024668, -16.82914306829664497, 7.175265903856578475 ) ) ;
#3893 = VERTEX_POINT ( 'NONE', #5748 ) ;
#3894 = DIRECTION ( 'NONE',  ( -0.000000000000000000, -0.000000000000000000, -1.000000000000000000 ) ) ;
#3895 = ORIENTED_EDGE ( 'NONE', *, *, #8219, .T. ) ;
#3896 = DIRECTION ( 'NONE',  ( -0.000000000000000000, -0.000000000000000000, 1.000000000000000000 ) ) ;
#3897 = CARTESIAN_POINT ( 'NONE',  ( 26.00000000000001066, -15.83999999999999986, 7.400893641477320983 ) ) ;
#3898 = DIRECTION ( 'NONE',  ( -1.000000000000000000, 0.000000000000000000, 0.000000000000000000 ) ) ;
#3899 = CYLINDRICAL_SURFACE ( 'NONE', #8344, 0.5000000000000004441 ) ;
#3900 = ADVANCED_FACE ( 'NONE', ( #8404 ), #4861, .T. ) ;
#3901 = CARTESIAN_POINT ( 'NONE',  ( 2.562500000000019540, -15.34000000000000341, 4.500000000000000888 ) ) ;
#3902 = EDGE_CURVE ( 'NONE', #2497, #4342, #695, .T. ) ;
#3903 = ORIENTED_EDGE ( 'NONE', *, *, #8316, .T. ) ;
#3904 = EDGE_LOOP ( 'NONE', ( #5965, #6707, #5007, #2755, #8028, #5996, #3659, #3484, #2180, #6841, #5600, #1326, #5097, #6543, #6998, #3065, #342, #2608, #7398, #7357, #3592, #5123, #3806, #6014, #1722 ) ) ;
#3905 = CARTESIAN_POINT ( 'NONE',  ( 16.49999999999998224, -26.34000000000000341, 8.000000000000000000 ) ) ;
#3906 = ORIENTED_EDGE ( 'NONE', *, *, #3985, .T. ) ;
#3907 = CARTESIAN_POINT ( 'NONE',  ( 25.50000000000000355, 32.99999999999999289, -3.000000000000002665 ) ) ;
#3908 = LINE ( 'NONE', #1893, #3394 ) ;
#3909 = ORIENTED_EDGE ( 'NONE', *, *, #4919, .F. ) ;
#3910 =( NAMED_UNIT ( * ) PLANE_ANGLE_UNIT ( ) SI_UNIT ( $, .RADIAN. ) );
#3911 = ORIENTED_EDGE ( 'NONE', *, *, #8730, .F. ) ;
#3912 = DIRECTION ( 'NONE',  ( -0.7071067811865464625, -1.226634733346697585E-16, -0.7071067811865486830 ) ) ;
#3913 = ORIENTED_EDGE ( 'NONE', *, *, #3186, .F. ) ;
#3914 = FACE_OUTER_BOUND ( 'NONE', #769, .T. ) ;
#3915 = VECTOR ( 'NONE', #902, 1000.000000000000000 ) ;
#3916 = VECTOR ( 'NONE', #6991, 1000.000000000000000 ) ;
#3917 = CARTESIAN_POINT ( 'NONE',  ( 10.16862743919909917, 3.159999999999996145, 4.500000000000000888 ) ) ;
#3918 = DIRECTION ( 'NONE',  ( -0.000000000000000000, -0.000000000000000000, -1.000000000000000000 ) ) ;
#3919 = DIRECTION ( 'NONE',  ( -1.000000000000000000, 0.000000000000000000, 0.000000000000000000 ) ) ;
#3920 = AXIS2_PLACEMENT_3D ( 'NONE', #2979, #5624, #7697 ) ;
#3921 = AXIS2_PLACEMENT_3D ( 'NONE', #6742, #8659, #6564 ) ;
#3922 = CARTESIAN_POINT ( 'NONE',  ( -14.00000000000001243, -15.83999999999999986, 7.400893641477320983 ) ) ;
#3923 = PLANE ( 'NONE',  #535 ) ;
#3924 = CARTESIAN_POINT ( 'NONE',  ( -8.874999999999980460, -15.83999999999999986, 7.900893641477321871 ) ) ;
#3925 = VERTEX_POINT ( 'NONE', #6311 ) ;
#3926 = DIRECTION ( 'NONE',  ( 1.000000000000000000, 0.000000000000000000, 0.000000000000000000 ) ) ;
#3927 = VECTOR ( 'NONE', #1137, 1000.000000000000000 ) ;
#3928 = DIRECTION ( 'NONE',  ( -0.9999999999985360599, 1.711123809484819092E-06, 0.000000000000000000 ) ) ;
#3929 = CIRCLE ( 'NONE', #2516, 10.00000000000000178 ) ;
#3930 = VECTOR ( 'NONE', #112, 1000.000000000000000 ) ;
#3931 = CARTESIAN_POINT ( 'NONE',  ( -22.99999999999998934, -36.00000000000000000, -3.000000000000000000 ) ) ;
#3932 = VERTEX_POINT ( 'NONE', #8362 ) ;
#3933 = PLANE ( 'NONE',  #5323 ) ;
#3934 = VERTEX_POINT ( 'NONE', #2321 ) ;
#3935 = DIRECTION ( 'NONE',  ( -1.000000000000000000, 1.855190384030753040E-15, -0.000000000000000000 ) ) ;
#3936 = DIRECTION ( 'NONE',  ( 1.711123809484818245E-06, 0.9999999999985359489, 0.000000000000000000 ) ) ;
#3937 = ADVANCED_FACE ( 'NONE', ( #1549 ), #3017, .T. ) ;
#3938 = VECTOR ( 'NONE', #6432, 1000.000000000000000 ) ;
#3939 = LINE ( 'NONE', #4595, #4380 ) ;
#3940 = DIRECTION ( 'NONE',  ( -0.000000000000000000, 1.000000000000000000, -0.000000000000000000 ) ) ;
#3941 = ORIENTED_EDGE ( 'NONE', *, *, #1307, .F. ) ;
#3942 = LINE ( 'NONE', #6706, #5199 ) ;
#3943 = AXIS2_PLACEMENT_3D ( 'NONE', #7575, #1529, #4705 ) ;
#3944 = VERTEX_POINT ( 'NONE', #5001 ) ;
#3945 = LINE ( 'NONE', #2552, #1865 ) ;
#3946 = DIRECTION ( 'NONE',  ( 0.000000000000000000, -1.000000000000000000, 0.000000000000000000 ) ) ;
#3947 = ORIENTED_EDGE ( 'NONE', *, *, #7254, .T. ) ;
#3948 = EDGE_CURVE ( 'NONE', #4394, #6512, #2927, .T. ) ;
#3950 = EDGE_CURVE ( 'NONE', #5090, #487, #4953, .T. ) ;
#3949 = CARTESIAN_POINT ( 'NONE',  ( 8.874999999999980460, -15.34000000000003183, 7.999999999999994671 ) ) ;
#3951 = AXIS2_PLACEMENT_3D ( 'NONE', #1403, #7991, #3273 ) ;
#3952 = ORIENTED_EDGE ( 'NONE', *, *, #5185, .T. ) ;
#3953 = CYLINDRICAL_SURFACE ( 'NONE', #392, 3.650000000000000355 ) ;
#3954 = EDGE_LOOP ( 'NONE', ( #3557, #385, #4284, #2605, #225 ) ) ;
#3955 = DIRECTION ( 'NONE',  ( 0.000000000000000000, -1.000000000000000000, 0.000000000000000000 ) ) ;
#3956 = ORIENTED_EDGE ( 'NONE', *, *, #7013, .T. ) ;
#3957 = STYLED_ITEM ( 'NONE', ( #8072 ), #4815 ) ;
#3958 = DIRECTION ( 'NONE',  ( -0.000000000000000000, -0.000000000000000000, 1.000000000000000000 ) ) ;
#3959 = PLANE ( 'NONE',  #7046 ) ;
#3960 = VECTOR ( 'NONE', #2723, 1000.000000000000000 ) ;
#3961 = LINE ( 'NONE', #8564, #4773 ) ;
#3962 = ORIENTED_EDGE ( 'NONE', *, *, #4087, .F. ) ;
#3963 = CARTESIAN_POINT ( 'NONE',  ( -25.49999999999999645, -28.50000000000001066, -91.81441324469805920 ) ) ;
#3964 = EDGE_LOOP ( 'NONE', ( #1067, #1837, #3233, #781 ) ) ;
#3965 = CARTESIAN_POINT ( 'NONE',  ( -18.50000000000000355, 35.50000000000000000, 0.000000000000000000 ) ) ;
#3966 = CARTESIAN_POINT ( 'NONE',  ( 2.081899558550499491E-15, 19.00000000000000000, 0.5000000000000000000 ) ) ;
#3967 = CIRCLE ( 'NONE', #4962, 0.7999999999999933831 ) ;
#3968 = VECTOR ( 'NONE', #3787, 1000.000000000000000 ) ;
#3969 = CARTESIAN_POINT ( 'NONE',  ( 14.00000000000001421, -15.83999999999999986, 7.900893641477321871 ) ) ;
#3970 = CARTESIAN_POINT ( 'NONE',  ( -16.49999999999999289, -24.33999999999999986, 7.900893641477321871 ) ) ;
#3971 = DIRECTION ( 'NONE',  ( -1.000000000000000000, 0.000000000000000000, 0.000000000000000000 ) ) ;
#3972 = ADVANCED_FACE ( 'NONE', ( #6977 ), #7692, .T. ) ;
#3973 = EDGE_LOOP ( 'NONE', ( #2990, #844, #159, #5864 ) ) ;
#3974 = ADVANCED_FACE ( 'NONE', ( #1596 ), #8235, .F. ) ;
#3975 = CYLINDRICAL_SURFACE ( 'NONE', #7017, 2.999999999999999112 ) ;
#3976 = ORIENTED_EDGE ( 'NONE', *, *, #8219, .F. ) ;
#3977 = CARTESIAN_POINT ( 'NONE',  ( -10.16862743919909917, 3.159999999999996145, 4.500000000000000888 ) ) ;
#3978 = VECTOR ( 'NONE', #8625, 1000.000000000000000 ) ;
#3979 = AXIS2_PLACEMENT_3D ( 'NONE', #1288, #7173, #1834 ) ;
#3980 = DIRECTION ( 'NONE',  ( 3.469446951953611033E-15, 1.000000000000000000, -5.204170427930416550E-15 ) ) ;
#3981 = CARTESIAN_POINT ( 'NONE',  ( -61.66000000000001080, 18.69999999999999929, -2.200000000000000622 ) ) ;
#3982 = VERTEX_POINT ( 'NONE', #320 ) ;
#3983 = EDGE_CURVE ( 'NONE', #5753, #5681, #2538, .T. ) ;
#3984 = DIRECTION ( 'NONE',  ( -0.000000000000000000, -0.000000000000000000, -1.000000000000000000 ) ) ;
#3985 = EDGE_CURVE ( 'NONE', #1136, #2435, #1914, .T. ) ;
#3986 = ORIENTED_EDGE ( 'NONE', *, *, #4838, .F. ) ;
#3987 = DIRECTION ( 'NONE',  ( 0.000000000000000000, 0.000000000000000000, 1.000000000000000000 ) ) ;
#3988 = EDGE_CURVE ( 'NONE', #705, #767, #7775, .T. ) ;
#3989 = LINE ( 'NONE', #663, #6714 ) ;
#3990 = EDGE_LOOP ( 'NONE', ( #4899, #2933 ) ) ;
#3991 = LINE ( 'NONE', #8013, #3960 ) ;
#3992 = SURFACE_STYLE_USAGE ( .BOTH. , #3870 ) ;
#3993 = EDGE_CURVE ( 'NONE', #7531, #4528, #7762, .T. ) ;
#3994 = DIRECTION ( 'NONE',  ( -1.000000000000000000, -0.000000000000000000, -0.000000000000000000 ) ) ;
#3995 = ORIENTED_EDGE ( 'NONE', *, *, #7621, .F. ) ;
#3996 = EDGE_CURVE ( 'NONE', #4311, #5844, #2421, .T. ) ;
#3997 = DIRECTION ( 'NONE',  ( 1.000000000000000000, 0.000000000000000000, 0.000000000000000000 ) ) ;
#3998 = ADVANCED_FACE ( 'NONE', ( #4419 ), #522, .F. ) ;
#3999 = ORIENTED_EDGE ( 'NONE', *, *, #7203, .T. ) ;
#4000 = DIRECTION ( 'NONE',  ( -0.000000000000000000, -0.000000000000000000, -1.000000000000000000 ) ) ;
#4001 = EDGE_CURVE ( 'NONE', #7475, #6465, #2690, .T. ) ;
#4002 = ORIENTED_EDGE ( 'NONE', *, *, #288, .T. ) ;
#4003 = CARTESIAN_POINT ( 'NONE',  ( 20.00000000000000355, -33.00000000000000711, -3.000000000000000000 ) ) ;
#4004 = CIRCLE ( 'NONE', #199, 0.5000000000000004441 ) ;
#4005 = EDGE_LOOP ( 'NONE', ( #1506, #5058, #2598, #279 ) ) ;
#4006 = ORIENTED_EDGE ( 'NONE', *, *, #964, .T. ) ;
#4007 = EDGE_CURVE ( 'NONE', #6631, #205, #5081, .T. ) ;
#4008 = EDGE_LOOP ( 'NONE', ( #2072, #7581 ) ) ;
#4009 = AXIS2_PLACEMENT_3D ( 'NONE', #1445, #6830, #783 ) ;
#4010 = CARTESIAN_POINT ( 'NONE',  ( -25.59999999999999787, 33.00000000000000000, 1.000000000000000000 ) ) ;
#4011 = VERTEX_POINT ( 'NONE', #1051 ) ;
#4012 = CARTESIAN_POINT ( 'NONE',  ( -11.83821597160787853, -22.69778126557361375, 0.000000000000000000 ) ) ;
#4013 = PLANE ( 'NONE',  #7823 ) ;
#4014 = CIRCLE ( 'NONE', #7535, 2.599999999999998312 ) ;
#4015 = LINE ( 'NONE', #6696, #7472 ) ;
#4016 = DIRECTION ( 'NONE',  ( 0.000000000000000000, 0.000000000000000000, -1.000000000000000000 ) ) ;
#4017 = ORIENTED_EDGE ( 'NONE', *, *, #1075, .F. ) ;
#4018 = AXIS2_PLACEMENT_3D ( 'NONE', #4100, #6784, #3621 ) ;
#4019 = ORIENTED_EDGE ( 'NONE', *, *, #5202, .T. ) ;
#4020 = DIRECTION ( 'NONE',  ( 1.000000000000000000, -1.051347561198064958E-16, 0.000000000000000000 ) ) ;
#4021 = B_SPLINE_CURVE_WITH_KNOTS ( 'NONE', 3,
 ( #1774, #323, #1184, #4461, #1054, #3019, #5168, #1145 ),
 .UNSPECIFIED., .F., .F.,
 ( 4, 2, 2, 4 ),
 ( 0.000000000000000000, 0.0002558523244315542020, 0.0005117046488631084040, 0.001023409297726213555 ),
 .UNSPECIFIED. ) ;
#4022 = VECTOR ( 'NONE', #2110, 1000.000000000000000 ) ;
#4023 = DIRECTION ( 'NONE',  ( 1.670376918000568197E-06, 0.9761870601825909377, 0.2169304578183535448 ) ) ;
#4024 = VERTEX_POINT ( 'NONE', #6440 ) ;
#4025 = CARTESIAN_POINT ( 'NONE',  ( -20.00000000000000355, 33.99999999999999289, -3.000000000000000000 ) ) ;
#4026 = ORIENTED_EDGE ( 'NONE', *, *, #2443, .T. ) ;
#4027 = CARTESIAN_POINT ( 'NONE',  ( 2.562500000000019540, -15.83999999999999986, 7.400893641477320983 ) ) ;
#4028 = DIRECTION ( 'NONE',  ( -1.000000000000000000, 0.000000000000000000, 0.000000000000000000 ) ) ;
#4029 = ORIENTED_EDGE ( 'NONE', *, *, #7718, .T. ) ;
#4030 = FACE_OUTER_BOUND ( 'NONE', #362, .T. ) ;
#4031 = CYLINDRICAL_SURFACE ( 'NONE', #163, 0.6562500000000109912 ) ;
#4032 = EDGE_CURVE ( 'NONE', #8630, #1324, #402, .T. ) ;
#4033 = LINE ( 'NONE', #5403, #7913 ) ;
#4034 = ORIENTED_EDGE ( 'NONE', *, *, #8113, .T. ) ;
#4035 = VERTEX_POINT ( 'NONE', #4057 ) ;
#4036 = DIRECTION ( 'NONE',  ( 0.000000000000000000, 0.000000000000000000, 1.000000000000000000 ) ) ;
#4037 = EDGE_LOOP ( 'NONE', ( #7549, #31, #1751, #6755 ) ) ;
#4038 = DIRECTION ( 'NONE',  ( 0.000000000000000000, 0.000000000000000000, -1.000000000000000000 ) ) ;
#4039 = DIRECTION ( 'NONE',  ( 1.000000000000000000, 0.000000000000000000, 0.000000000000000000 ) ) ;
#4041 = EDGE_CURVE ( 'NONE', #5636, #4972, #4756, .T. ) ;
#4040 = LINE ( 'NONE', #6726, #142 ) ;
#4042 = EDGE_CURVE ( 'NONE', #8214, #5099, #1273, .T. ) ;
#4043 = EDGE_LOOP ( 'NONE', ( #4866, #2797, #4335, #811 ) ) ;
#4044 = VERTEX_POINT ( 'NONE', #5296 ) ;
#4045 = VECTOR ( 'NONE', #1640, 1000.000000000000000 ) ;
#4046 = ORIENTED_EDGE ( 'NONE', *, *, #3459, .T. ) ;
#4047 = CARTESIAN_POINT ( 'NONE',  ( -16.49999999999981881, 10.25000000000003730, 0.5000000000000000000 ) ) ;
#4048 = FACE_OUTER_BOUND ( 'NONE', #2150, .T. ) ;
#4049 = ORIENTED_EDGE ( 'NONE', *, *, #7501, .F. ) ;
#4050 = CARTESIAN_POINT ( 'NONE',  ( -5.062499999999984013, 3.003749999999987264, 4.500000000000000888 ) ) ;
#4051 = DIRECTION ( 'NONE',  ( -1.000000000000000000, 0.000000000000000000, 0.000000000000000000 ) ) ;
#4052 = DIRECTION ( 'NONE',  ( -1.000000000000000000, 0.000000000000000000, 0.000000000000000000 ) ) ;
#4053 = EDGE_CURVE ( 'NONE', #1136, #2863, #5994, .T. ) ;
#4054 = AXIS2_PLACEMENT_3D ( 'NONE', #6835, #6880, #7015 ) ;
#4055 = EDGE_CURVE ( 'NONE', #2732, #620, #5472, .T. ) ;
#4056 = AXIS2_PLACEMENT_3D ( 'NONE', #3435, #2641, #6013 ) ;
#4057 = CARTESIAN_POINT ( 'NONE',  ( -4.410879002820882633, 25.49849252438835023, -1.800000000000002931 ) ) ;
#4058 = CARTESIAN_POINT ( 'NONE',  ( -21.74999999999999645, -33.00000000000000000, -2.200000000000000178 ) ) ;
#4059 = VECTOR ( 'NONE', #7539, 1000.000000000000000 ) ;
#4060 = EDGE_LOOP ( 'NONE', ( #2845, #6253 ) ) ;
#4061 = VECTOR ( 'NONE', #1598, 1000.000000000000000 ) ;
#4062 = CARTESIAN_POINT ( 'NONE',  ( 3.812499999999998224, -24.33999999999999986, 7.900893641477321871 ) ) ;
#4063 = ORIENTED_EDGE ( 'NONE', *, *, #7133, .F. ) ;
#4064 = LINE ( 'NONE', #2131, #4849 ) ;
#4065 = ADVANCED_FACE ( 'NONE', ( #88, #4148 ), #5380, .T. ) ;
#4066 = AXIS2_PLACEMENT_3D ( 'NONE', #3719, #6394, #3056 ) ;
#4067 = DIRECTION ( 'NONE',  ( -0.000000000000000000, -0.000000000000000000, 1.000000000000000000 ) ) ;
#4068 = CARTESIAN_POINT ( 'NONE',  ( 19.00000000000000355, -23.42944271909997411, 6.529192232890914660 ) ) ;
#4069 = EDGE_LOOP ( 'NONE', ( #4029, #7435, #2215, #747 ) ) ;
#4070 = DIRECTION ( 'NONE',  ( 5.256737805990325406E-17, -1.000000000000000000, 0.000000000000000000 ) ) ;
#4071 = ORIENTED_EDGE ( 'NONE', *, *, #7297, .T. ) ;
#4072 = DIRECTION ( 'NONE',  ( 1.000000000000000000, -9.637352644315597708E-17, 0.000000000000000000 ) ) ;
#4073 = ORIENTED_EDGE ( 'NONE', *, *, #4482, .F. ) ;
#4074 = AXIS2_PLACEMENT_3D ( 'NONE', #2004, #8094, #5962 ) ;
#4075 =( LENGTH_UNIT ( ) NAMED_UNIT ( * ) SI_UNIT ( .MILLI., .METRE. ) );
#4076 = CARTESIAN_POINT ( 'NONE',  ( 6.375000000000001776, -24.33999999999999986, 6.363636363636365090 ) ) ;
#4077 = LINE ( 'NONE', #8245, #1840 ) ;
#4078 = DIRECTION ( 'NONE',  ( 0.000000000000000000, 0.000000000000000000, 1.000000000000000000 ) ) ;
#4079 = AXIS2_PLACEMENT_3D ( 'NONE', #350, #2444, #6801 ) ;
#4080 = ORIENTED_EDGE ( 'NONE', *, *, #4850, .F. ) ;
#4081 = CARTESIAN_POINT ( 'NONE',  ( -2.522963435546368594, 3.244292926283403933, 4.500000000000000000 ) ) ;
#4082 = ORIENTED_EDGE ( 'NONE', *, *, #4734, .T. ) ;
#4083 = DIRECTION ( 'NONE',  ( -0.000000000000000000, -0.000000000000000000, -1.000000000000000000 ) ) ;
#4084 = DIRECTION ( 'NONE',  ( 1.000000000000000000, 0.000000000000000000, 0.000000000000000000 ) ) ;
#4085 = EDGE_LOOP ( 'NONE', ( #7340, #8498, #2051, #2632 ) ) ;
#4086 = DIRECTION ( 'NONE',  ( -1.000000000000000000, 1.927470528863119739E-15, -0.000000000000000000 ) ) ;
#4087 = EDGE_CURVE ( 'NONE', #6649, #5838, #8178, .T. ) ;
#4088 = VECTOR ( 'NONE', #1343, 1000.000000000000114 ) ;
#4089 = DIRECTION ( 'NONE',  ( -1.000000000000000000, -0.000000000000000000, -0.000000000000000000 ) ) ;
#4090 = DIRECTION ( 'NONE',  ( -0.000000000000000000, -0.000000000000000000, 1.000000000000000000 ) ) ;
#4091 = ORIENTED_EDGE ( 'NONE', *, *, #3031, .T. ) ;
#4092 = ORIENTED_EDGE ( 'NONE', *, *, #4376, .T. ) ;
#4093 = VECTOR ( 'NONE', #7226, 1000.000000000000000 ) ;
#4094 = ORIENTED_EDGE ( 'NONE', *, *, #6322, .T. ) ;
#4095 = CARTESIAN_POINT ( 'NONE',  ( 16.49999999999998579, -25.92944271909999188, 6.074646778345456966 ) ) ;
#4096 = EDGE_CURVE ( 'NONE', #3744, #1637, #4803, .T. ) ;
#4097 = ORIENTED_EDGE ( 'NONE', *, *, #3690, .F. ) ;
#4098 = EDGE_CURVE ( 'NONE', #1038, #5646, #1982, .T. ) ;
#4099 = LINE ( 'NONE', #8734, #7442 ) ;
#4100 = CARTESIAN_POINT ( 'NONE',  ( 16.49999999999999645, -18.34000000000000341, 4.500000000000000888 ) ) ;
#4101 = LINE ( 'NONE', #6921, #5107 ) ;
#4102 = VECTOR ( 'NONE', #4255, 1000.000000000000000 ) ;
#4103 = EDGE_CURVE ( 'NONE', #6325, #1080, #742, .T. ) ;
#4104 = VECTOR ( 'NONE', #1814, 1000.000000000000000 ) ;
#4105 = LINE ( 'NONE', #4852, #8294 ) ;
#4106 = EDGE_CURVE ( 'NONE', #6234, #6263, #4628, .T. ) ;
#4107 = AXIS2_PLACEMENT_3D ( 'NONE', #3251, #2555, #4440 ) ;
#4108 = EDGE_CURVE ( 'NONE', #4534, #1890, #5670, .T. ) ;
#4109 = ORIENTED_EDGE ( 'NONE', *, *, #7244, .T. ) ;
#4110 = LINE ( 'NONE', #8089, #4198 ) ;
#4111 = ORIENTED_EDGE ( 'NONE', *, *, #2876, .F. ) ;
#4112 = CARTESIAN_POINT ( 'NONE',  ( -22.79566257332769652, 21.25588329590373249, 0.000000000000000000 ) ) ;
#4113 = DIRECTION ( 'NONE',  ( 1.000000000000000000, 0.000000000000000000, 0.000000000000000000 ) ) ;
#4114 = VECTOR ( 'NONE', #5257, 1000.000000000000114 ) ;
#4115 = AXIS2_PLACEMENT_3D ( 'NONE', #4834, #1387, #2207 ) ;
#4116 = CARTESIAN_POINT ( 'NONE',  ( 26.00000000000001066, -15.83999999999999986, 7.400893641477320983 ) ) ;
#4117 = EDGE_CURVE ( 'NONE', #6181, #8709, #4015, .T. ) ;
#4118 = DIRECTION ( 'NONE',  ( 1.000000000000000000, -0.000000000000000000, -0.000000000000000000 ) ) ;
#4119 = ORIENTED_EDGE ( 'NONE', *, *, #5515, .T. ) ;
#4120 = DIRECTION ( 'NONE',  ( -0.000000000000000000, -0.000000000000000000, 1.000000000000000000 ) ) ;
#4121 = EDGE_CURVE ( 'NONE', #1637, #259, #1874, .T. ) ;
#4122 = VERTEX_POINT ( 'NONE', #8086 ) ;
#4123 = DIRECTION ( 'NONE',  ( 1.000000000000000000, 0.000000000000000000, -0.000000000000000000 ) ) ;
#4124 = DIRECTION ( 'NONE',  ( -0.000000000000000000, -0.000000000000000000, 1.000000000000000000 ) ) ;
#4125 = AXIS2_PLACEMENT_3D ( 'NONE', #3182, #8570, #2534 ) ;
#4126 = ORIENTED_EDGE ( 'NONE', *, *, #4700, .T. ) ;
#4127 = AXIS2_PLACEMENT_3D ( 'NONE', #7358, #1303, #1208 ) ;
#4128 = CARTESIAN_POINT ( 'NONE',  ( 11.50000000000000533, 31.50000000000000000, 1.000000000000000000 ) ) ;
#4129 = B_SPLINE_CURVE_WITH_KNOTS ( 'NONE', 3,
 ( #4279, #916, #7856, #3176, #1713, #4451, #4411, #7146 ),
 .UNSPECIFIED., .F., .F.,
 ( 4, 2, 2, 4 ),
 ( -5.123487958507391257E-06, 0.0005103980730239806489, 0.0007681588535152246563, 0.001025919634006468555 ),
 .UNSPECIFIED. ) ;
#4130 = CARTESIAN_POINT ( 'NONE',  ( 20.00000000000000355, -33.00000000000000711, -5.837274330926434551 ) ) ;
#4131 = CARTESIAN_POINT ( 'NONE',  ( -18.03636680600775577, -25.42860981902496320, 6.165707305631825896 ) ) ;
#4132 = LINE ( 'NONE', #4210, #3124 ) ;
#4133 = ORIENTED_EDGE ( 'NONE', *, *, #4121, .F. ) ;
#4134 = DIRECTION ( 'NONE',  ( 1.000000000000000000, -0.000000000000000000, -0.000000000000000000 ) ) ;
#4135 = EDGE_LOOP ( 'NONE', ( #632, #7891, #8021, #7048, #3301, #5317, #3129, #8378 ) ) ;
#4136 = DIRECTION ( 'NONE',  ( -0.000000000000000000, -0.000000000000000000, 1.000000000000000000 ) ) ;
#4137 = DIRECTION ( 'NONE',  ( 1.734723475976805517E-15, 1.000000000000000000, -5.204170427930416550E-15 ) ) ;
#4138 = ORIENTED_EDGE ( 'NONE', *, *, #1615, .T. ) ;
#4139 = B_SPLINE_CURVE_WITH_KNOTS ( 'NONE', 3,
 ( #619, #6664, #8051, #6753, #3326, #2669, #5351, #706 ),
 .UNSPECIFIED., .F., .F.,
 ( 4, 2, 2, 4 ),
 ( 4.336808689942017736E-19, 0.0002558523244315545273, 0.0005117046488631086208, 0.001023409297726213555 ),
 .UNSPECIFIED. ) ;
#4140 = DIRECTION ( 'NONE',  ( -1.000000000000000000, -1.734723475976807883E-15, 0.000000000000000000 ) ) ;
#4141 = ORIENTED_EDGE ( 'NONE', *, *, #8503, .T. ) ;
#4142 = VERTEX_POINT ( 'NONE', #7543 ) ;
#4143 = ORIENTED_EDGE ( 'NONE', *, *, #5685, .T. ) ;
#4144 = CARTESIAN_POINT ( 'NONE',  ( -22.99999999999999645, -33.00000000000000000, -3.000000000000000000 ) ) ;
#4145 = VERTEX_POINT ( 'NONE', #3623 ) ;
#4146 = CARTESIAN_POINT ( 'NONE',  ( 8.874999999999976907, -15.34000000000000341, 4.500000000000000888 ) ) ;
#4147 = DIRECTION ( 'NONE',  ( -0.000000000000000000, -1.000000000000000000, -0.000000000000000000 ) ) ;
#4148 = FACE_BOUND ( 'NONE', #1392, .T. ) ;
#4149 = AXIS2_PLACEMENT_3D ( 'NONE', #1779, #7163, #1824 ) ;
#4150 = EDGE_CURVE ( 'NONE', #866, #2319, #3492, .T. ) ;
#4151 = DIRECTION ( 'NONE',  ( -1.670376921191866893E-06, -0.9761870601825909377, -0.2169304578183535448 ) ) ;
#4152 = ORIENTED_EDGE ( 'NONE', *, *, #5030, .F. ) ;
#4153 = DIRECTION ( 'NONE',  ( -1.000000000000000000, 0.000000000000000000, 0.000000000000000000 ) ) ;
#4154 = VERTEX_POINT ( 'NONE', #3544 ) ;
#4155 = CARTESIAN_POINT ( 'NONE',  ( 20.00000000000000355, -33.00000000000000711, -0.8455302476273857115 ) ) ;
#4156 = CARTESIAN_POINT ( 'NONE',  ( -18.50000000000001066, 27.75000000000000000, 1.000000000000000000 ) ) ;
#4157 = ADVANCED_FACE ( 'NONE', ( #5032 ), #4322, .T. ) ;
#4158 = EDGE_CURVE ( 'NONE', #283, #3679, #1671, .T. ) ;
#4159 = DIRECTION ( 'NONE',  ( 1.000000000000000000, -0.000000000000000000, 0.000000000000000000 ) ) ;
#4160 = ORIENTED_EDGE ( 'NONE', *, *, #1991, .T. ) ;
#4161 = DIRECTION ( 'NONE',  ( -1.000000000000000000, 0.000000000000000000, 0.000000000000000000 ) ) ;
#4162 = ORIENTED_EDGE ( 'NONE', *, *, #5295, .F. ) ;
#4163 = CARTESIAN_POINT ( 'NONE',  ( 23.00000000000000000, 33.00000000000000711, -2.200000000000000178 ) ) ;
#4164 = ORIENTED_EDGE ( 'NONE', *, *, #2504, .F. ) ;
#4165 = LINE ( 'NONE', #1331, #8058 ) ;
#4166 = FACE_BOUND ( 'NONE', #7314, .T. ) ;
#4167 = CARTESIAN_POINT ( 'NONE',  ( 18.49999999999999645, -35.50000000000000000, -3.000000000000002665 ) ) ;
#4168 = ADVANCED_FACE ( 'NONE', ( #4234 ), #6924, .F. ) ;
#4169 = DIRECTION ( 'NONE',  ( -0.000000000000000000, -1.000000000000000000, -0.000000000000000000 ) ) ;
#4170 = DIRECTION ( 'NONE',  ( 0.000000000000000000, 0.000000000000000000, 1.000000000000000000 ) ) ;
#4171 = VERTEX_POINT ( 'NONE', #8352 ) ;
#4172 = FACE_BOUND ( 'NONE', #1369, .T. ) ;
#4173 = ORIENTED_EDGE ( 'NONE', *, *, #3996, .T. ) ;
#4174 = LINE ( 'NONE', #2024, #6643 ) ;
#4175 = PLANE ( 'NONE',  #5873 ) ;
#4176 = ORIENTED_EDGE ( 'NONE', *, *, #4757, .T. ) ;
#4177 =( LENGTH_UNIT ( ) NAMED_UNIT ( * ) SI_UNIT ( .MILLI., .METRE. ) );
#4178 = PLANE ( 'NONE',  #6898 ) ;
#4179 = EDGE_LOOP ( 'NONE', ( #2844, #4603, #3155, #1983 ) ) ;
#4180 = ORIENTED_EDGE ( 'NONE', *, *, #696, .T. ) ;
#4181 = ORIENTED_EDGE ( 'NONE', *, *, #2406, .F. ) ;
#4182 = ORIENTED_EDGE ( 'NONE', *, *, #6105, .T. ) ;
#4183 = PLANE ( 'NONE',  #166 ) ;
#4184 = ORIENTED_EDGE ( 'NONE', *, *, #1073, .F. ) ;
#4185 = CARTESIAN_POINT ( 'NONE',  ( 14.00000000000001599, -15.34000000000000341, 7.400893641477320983 ) ) ;
#4186 = FACE_OUTER_BOUND ( 'NONE', #7515, .T. ) ;
#4187 = LINE ( 'NONE', #6872, #1290 ) ;
#4188 = LINE ( 'NONE', #6876, #2281 ) ;
#4189 = VECTOR ( 'NONE', #5775, 1000.000000000000000 ) ;
#4190 = DIRECTION ( 'NONE',  ( 3.469446951953611033E-15, -1.000000000000000000, -5.204170427930416550E-15 ) ) ;
#4191 = ORIENTED_EDGE ( 'NONE', *, *, #7847, .T. ) ;
#4192 = FACE_OUTER_BOUND ( 'NONE', #423, .T. ) ;
#4193 = VERTEX_POINT ( 'NONE', #6299 ) ;
#4194 = AXIS2_PLACEMENT_3D ( 'NONE', #8145, #8100, #3465 ) ;
#4195 = CARTESIAN_POINT ( 'NONE',  ( -1.906249999999998224, 3.659999999999996145, 4.000000000000000000 ) ) ;
#4196 = LINE ( 'NONE', #6224, #1573 ) ;
#4197 = EDGE_CURVE ( 'NONE', #5481, #7157, #954, .T. ) ;
#4198 = VECTOR ( 'NONE', #7455, 1000.000000000000000 ) ;
#4199 = VECTOR ( 'NONE', #6936, 1000.000000000000000 ) ;
#4200 = ORIENTED_EDGE ( 'NONE', *, *, #646, .T. ) ;
#4201 = CARTESIAN_POINT ( 'NONE',  ( -19.49999999999999645, -18.34000000000000341, 6.946348186931866842 ) ) ;
#4202 = VERTEX_POINT ( 'NONE', #7720 ) ;
#4203 = DIRECTION ( 'NONE',  ( 0.000000000000000000, 0.000000000000000000, 1.000000000000000000 ) ) ;
#4204 = CARTESIAN_POINT ( 'NONE',  ( 26.00000000000001066, -15.92944271909999010, 7.892828596527274421 ) ) ;
#4205 = ADVANCED_FACE ( 'NONE', ( #1627 ), #1586, .T. ) ;
#4206 = VERTEX_POINT ( 'NONE', #6216 ) ;
#4207 = DIRECTION ( 'NONE',  ( -1.000000000000000000, 0.000000000000000000, 0.000000000000000000 ) ) ;
#4208 = CIRCLE ( 'NONE', #8310, 0.6562500000000109912 ) ;
#4209 = CARTESIAN_POINT ( 'NONE',  ( 21.75000000000000000, -33.00000000000000711, 0.000000000000000000 ) ) ;
#4210 = CARTESIAN_POINT ( 'NONE',  ( -61.00000000000001421, 2.999999999999990674, 1.000000000000000000 ) ) ;
#4211 = DIRECTION ( 'NONE',  ( 1.000000000000000000, -0.000000000000000000, -0.000000000000000000 ) ) ;
#4212 = EDGE_LOOP ( 'NONE', ( #6241, #2856, #4406, #4837, #6230, #3895, #7309, #3830, #538, #1930, #4562, #1784, #677, #1341, #4784, #4462, #3055 ) ) ;
#4213 = ORIENTED_EDGE ( 'NONE', *, *, #5473, .T. ) ;
#4214 = DIRECTION ( 'NONE',  ( -1.000000000000000000, -1.927470528863119739E-15, 0.000000000000000000 ) ) ;
#4215 = LINE ( 'NONE', #7616, #5458 ) ;
#4216 = EDGE_CURVE ( 'NONE', #2520, #3455, #5563, .T. ) ;
#4217 = ORIENTED_EDGE ( 'NONE', *, *, #6861, .F. ) ;
#4218 = EDGE_CURVE ( 'NONE', #7783, #7028, #1125, .T. ) ;
#4219 = DIRECTION ( 'NONE',  ( -0.000000000000000000, -0.000000000000000000, 1.000000000000000000 ) ) ;
#4220 = LINE ( 'NONE', #7402, #4088 ) ;
#4221 = AXIS2_PLACEMENT_3D ( 'NONE', #2267, #7635, #6123 ) ;
#4222 = ORIENTED_EDGE ( 'NONE', *, *, #4271, .T. ) ;
#4223 = ORIENTED_EDGE ( 'NONE', *, *, #3248, .F. ) ;
#4224 = VERTEX_POINT ( 'NONE', #6165 ) ;
#4225 = CARTESIAN_POINT ( 'NONE',  ( 19.43362324718605194, -17.31024077555447249, -1.699999999999999956 ) ) ;
#4226 = VERTEX_POINT ( 'NONE', #3010 ) ;
#4227 = DIRECTION ( 'NONE',  ( -1.000000000000000000, 0.000000000000000000, 1.734723475976805517E-15 ) ) ;
#4228 = AXIS2_PLACEMENT_3D ( 'NONE', #7147, #5159, #6298 ) ;
#4229 = ORIENTED_EDGE ( 'NONE', *, *, #3628, .F. ) ;
#4230 = LINE ( 'NONE', #8174, #4059 ) ;
#4231 = CARTESIAN_POINT ( 'NONE',  ( 8.874999999999994671, -24.33999999999999986, 1.000000000000000000 ) ) ;
#4232 = CARTESIAN_POINT ( 'NONE',  ( -6.375000000000003553, -26.83999999999999275, 5.909090909090911836 ) ) ;
#4233 =( BOUNDED_CURVE ( )  B_SPLINE_CURVE ( 3, ( #4076, #7349, #4825, #7390 ),
 .UNSPECIFIED., .F., .F. ) 
 B_SPLINE_CURVE_WITH_KNOTS ( ( 4, 4 ),
 ( 4.712388980384689674, 7.853981633974482790 ),
 .UNSPECIFIED. ) 
 CURVE ( )  GEOMETRIC_REPRESENTATION_ITEM ( )  RATIONAL_B_SPLINE_CURVE ( ( 1.000000000000000000, 0.3333333333333333703, 0.3333333333333333703, 1.000000000000000000 ) ) 
 REPRESENTATION_ITEM ( '' )  );
#4234 = FACE_OUTER_BOUND ( 'NONE', #38, .T. ) ;
#4235 = VECTOR ( 'NONE', #1165, 1000.000000000000114 ) ;
#4236 = CARTESIAN_POINT ( 'NONE',  ( -4.838208014244293587, -32.89148937809932249, -0.8214167760939005136 ) ) ;
#4237 = ORIENTED_EDGE ( 'NONE', *, *, #300, .T. ) ;
#4238 = LINE ( 'NONE', #881, #7166 ) ;
#4239 = ORIENTED_EDGE ( 'NONE', *, *, #484, .T. ) ;
#4240 = VECTOR ( 'NONE', #2290, 1000.000000000000000 ) ;
#4241 = FACE_BOUND ( 'NONE', #6710, .T. ) ;
#4242 = CARTESIAN_POINT ( 'NONE',  ( 2.562500000000002220, -24.33999999999999986, 6.363636363636365090 ) ) ;
#4243 = DIRECTION ( 'NONE',  ( 0.000000000000000000, 0.000000000000000000, -1.000000000000000000 ) ) ;
#4244 = AXIS2_PLACEMENT_3D ( 'NONE', #1312, #2576, #4621 ) ;
#4245 = ORIENTED_EDGE ( 'NONE', *, *, #115, .T. ) ;
#4246 = DIRECTION ( 'NONE',  ( 0.000000000000000000, 1.000000000000000000, 0.000000000000000000 ) ) ;
#4247 = ORIENTED_EDGE ( 'NONE', *, *, #289, .F. ) ;
#4248 = CARTESIAN_POINT ( 'NONE',  ( 10.00000000000000355, 19.00000000000000000, 0.5000000000000000000 ) ) ;
#4249 = EDGE_LOOP ( 'NONE', ( #1123, #7914, #6128, #3707, #2428, #51, #4719, #6928, #256, #6957, #6622, #5066, #5724, #1199, #685, #3042, #2704, #1600, #6911, #2231, #7802, #7037, #3110, #4176, #2968, #1862, #7882, #4381, #1749, #8729, #8237, #2980, #1629, #458, #6155, #8364, #3873, #7485, #7097, #2154, #2382, #3693, #6222, #1485 ) ) ;
#4250 = DIRECTION ( 'NONE',  ( -0.000000000000000000, -0.000000000000000000, 1.000000000000000000 ) ) ;
#4251 = CIRCLE ( 'NONE', #6925, 0.5000000000000004441 ) ;
#4252 = CIRCLE ( 'NONE', #1574, 1.249999999999997558 ) ;
#4253 = PLANE ( 'NONE',  #3554 ) ;
#4254 = PLANE ( 'NONE',  #590 ) ;
#4255 = DIRECTION ( 'NONE',  ( -0.000000000000000000, -0.000000000000000000, -1.000000000000000000 ) ) ;
#4256 = CARTESIAN_POINT ( 'NONE',  ( -16.99999999999985789, 12.75000000000002842, 2.500000000000000000 ) ) ;
#4257 = ADVANCED_FACE ( 'NONE', ( #6344 ), #2219, .F. ) ;
#4258 = VERTEX_POINT ( 'NONE', #4896 ) ;
#4259 = VECTOR ( 'NONE', #7283, 1000.000000000000000 ) ;
#4260 = FACE_OUTER_BOUND ( 'NONE', #8261, .T. ) ;
#4261 = AXIS2_PLACEMENT_3D ( 'NONE', #3737, #1651, #8291 ) ;
#4262 = ORIENTED_EDGE ( 'NONE', *, *, #3859, .T. ) ;
#4263 = CARTESIAN_POINT ( 'NONE',  ( -16.99999999999997868, 24.00000000000000711, 2.500000000000000000 ) ) ;
#4264 = CARTESIAN_POINT ( 'NONE',  ( 23.00000000000001066, 32.99999999999999289, 1.000000000000000000 ) ) ;
#4265 = VERTEX_POINT ( 'NONE', #2355 ) ;
#4266 = UNCERTAINTY_MEASURE_WITH_UNIT (LENGTH_MEASURE( 1.000000000000000082E-05 ), #4177, 'distance_accuracy_value', 'NONE');
#4267 = EDGE_CURVE ( 'NONE', #3325, #6843, #220, .T. ) ;
#4268 = VECTOR ( 'NONE', #8144, 1000.000000000000114 ) ;
#4269 = ADVANCED_FACE ( 'NONE', ( #5606 ), #2965, .T. ) ;
#4270 = EDGE_CURVE ( 'NONE', #2869, #6357, #2830, .T. ) ;
#4271 = EDGE_CURVE ( 'NONE', #1876, #404, #4188, .T. ) ;
#4272 = ORIENTED_EDGE ( 'NONE', *, *, #6964, .T. ) ;
#4273 = VERTEX_POINT ( 'NONE', #4366 ) ;
#4274 = VERTEX_POINT ( 'NONE', #8015 ) ;
#4275 = CARTESIAN_POINT ( 'NONE',  ( -64.26000000000000512, 18.69999999999999929, -5.599999999999999645 ) ) ;
#4276 = VERTEX_POINT ( 'NONE', #4569 ) ;
#4277 = CARTESIAN_POINT ( 'NONE',  ( -16.49999999999993605, 21.50000000000001421, 2.000000000000000000 ) ) ;
#4278 = DIRECTION ( 'NONE',  ( -0.000000000000000000, -0.000000000000000000, 1.000000000000000000 ) ) ;
#4279 = CARTESIAN_POINT ( 'NONE',  ( -9.531249999999991118, 3.659999999999996145, 4.000000000000000000 ) ) ;
#4280 = DIRECTION ( 'NONE',  ( 5.256737805990324790E-17, -1.000000000000000000, 0.000000000000000000 ) ) ;
#4281 = EDGE_CURVE ( 'NONE', #70, #4202, #7352, .T. ) ;
#4282 = EDGE_CURVE ( 'NONE', #1114, #4265, #7202, .T. ) ;
#4283 = DIRECTION ( 'NONE',  ( 0.000000000000000000, 0.1788854381999798460, -0.9838699100999082070 ) ) ;
#4284 = ORIENTED_EDGE ( 'NONE', *, *, #7193, .T. ) ;
#4285 = LINE ( 'NONE', #7548, #2938 ) ;
#4286 = ORIENTED_EDGE ( 'NONE', *, *, #8627, .F. ) ;
#4287 = CARTESIAN_POINT ( 'NONE',  ( -60.99999999999997158, 25.25000000000000000, 2.500000000000000000 ) ) ;
#4288 = LINE ( 'NONE', #6269, #6773 ) ;
#4289 =( BOUNDED_SURFACE ( )  B_SPLINE_SURFACE ( 3, 2, ( 
 ( #2725, #7391, #1332 ),
 ( #1426, #3430, #7471 ),
 ( #6713, #5402, #8107 ),
 ( #7430, #5441, #2808 ),
 ( #8148, #6811, #763 ),
 ( #3473, #894, #4965 ),
 ( #4921, #5711, #368 ),
 ( #6407, #5588, #2240 ),
 ( #5010, #2329, #287 ),
 ( #7701, #7607, #3027 ) ),
 .UNSPECIFIED., .F., .F., .F. ) 
 B_SPLINE_SURFACE_WITH_KNOTS ( ( 4, 2, 2, 2, 4 ),
 ( 3, 3 ),
 ( 3.141592653589793116, 3.534291735288517255, 3.926990816987241395, 4.319689898685965090, 4.712388980384689674 ),
 ( 0.000000000000000000, 1.000000000000000000 ),
 .UNSPECIFIED. ) 
 GEOMETRIC_REPRESENTATION_ITEM ( )  RATIONAL_B_SPLINE_SURFACE ( (
 ( 1.000000000000000000, 0.6407474392457686019, 1.000000000000000000),
 ( 1.000000000000000000, 0.6407365163720277756, 1.000000000000000000),
 ( 1.000000000000000000, 0.6425708211550010818, 1.000000000000000000),
 ( 1.000000000000000000, 0.6495061153953917144, 1.000000000000000000),
 ( 1.000000000000000000, 0.6546104608490042054, 1.000000000000000000),
 ( 1.000000000000000000, 0.6671375435703472689, 1.000000000000000000),
 ( 1.000000000000000000, 0.6745500352475840566, 1.000000000000000000),
 ( 1.000000000000000000, 0.6903994191348824527, 1.000000000000000000),
 ( 1.000000000000000000, 0.6988293130307096090, 1.000000000000000000),
 ( 1.000000000000000000, 0.7071067811865469066, 1.000000000000000000) ) ) 
 REPRESENTATION_ITEM ( '' )  SURFACE ( )  );
#4290 = AXIS2_PLACEMENT_3D ( 'NONE', #6447, #3935, #1234 ) ;
#4291 = CARTESIAN_POINT ( 'NONE',  ( -16.49999999999989697, 16.50000000000002132, 2.500000000000000000 ) ) ;
#4292 = ORIENTED_EDGE ( 'NONE', *, *, #6685, .T. ) ;
#4293 = LINE ( 'NONE', #8238, #8716 ) ;
#4294 = ORIENTED_EDGE ( 'NONE', *, *, #179, .T. ) ;
#4295 = CIRCLE ( 'NONE', #2751, 2.999999999999992450 ) ;
#4296 = CARTESIAN_POINT ( 'NONE',  ( 8.874999999999980460, -15.34000000000000341, 7.400893641477320983 ) ) ;
#4297 = ORIENTED_EDGE ( 'NONE', *, *, #3397, .F. ) ;
#4298 = CARTESIAN_POINT ( 'NONE',  ( -19.08619113976793358, -24.90957052653934056, 6.260078086083796123 ) ) ;
#4299 = CARTESIAN_POINT ( 'NONE',  ( -11.83822794951800716, -29.69780666561336346, -1.600000000000000089 ) ) ;
#4300 = CARTESIAN_POINT ( 'NONE',  ( 6.375000000000020428, -15.34000000000000341, 7.400893641477320983 ) ) ;
#4301 = CARTESIAN_POINT ( 'NONE',  ( 6.375000000000019540, -15.83999999999999986, 7.900893641477321871 ) ) ;
#4302 = DIRECTION ( 'NONE',  ( -0.7071067811865486830, -1.102593018738607921E-16, 0.7071067811865464625 ) ) ;
#4303 = ORIENTED_EDGE ( 'NONE', *, *, #1456, .T. ) ;
#4304 = FACE_BOUND ( 'NONE', #3505, .T. ) ;
#4305 = ORIENTED_EDGE ( 'NONE', *, *, #6213, .T. ) ;
#4306 = CARTESIAN_POINT ( 'NONE',  ( -10.18750000000000178, -26.83999999999999275, 5.909090909090911836 ) ) ;
#4307 = CARTESIAN_POINT ( 'NONE',  ( -9.789692789413253493, 3.623345629987757111, 4.225949607708943567 ) ) ;
#4308 = ORIENTED_EDGE ( 'NONE', *, *, #8317, .F. ) ;
#4309 = CARTESIAN_POINT ( 'NONE',  ( -7.624999999999999112, -24.33999999999999986, 7.900893641477321871 ) ) ;
#4310 = EDGE_CURVE ( 'NONE', #4886, #5933, #5361, .T. ) ;
#4311 = VERTEX_POINT ( 'NONE', #5233 ) ;
#4312 = ORIENTED_EDGE ( 'NONE', *, *, #6725, .F. ) ;
#4313 = VERTEX_POINT ( 'NONE', #626 ) ;
#4314 = CARTESIAN_POINT ( 'NONE',  ( -4.410879002820882633, 25.49849252438835023, -12.79999999999467697 ) ) ;
#4315 = VERTEX_POINT ( 'NONE', #3335 ) ;
#4316 = PLANE ( 'NONE',  #2144 ) ;
#4317 = CARTESIAN_POINT ( 'NONE',  ( 19.37867965644034740, -35.50000000000000000, -1.401085803182937850 ) ) ;
#4318 = EDGE_CURVE ( 'NONE', #3030, #971, #7266, .T. ) ;
#4319 = DIRECTION ( 'NONE',  ( -1.559302000878028960E-16, 1.000000000000000000, -0.000000000000000000 ) ) ;
#4320 = LINE ( 'NONE', #7055, #3424 ) ;
#4321 = CARTESIAN_POINT ( 'NONE',  ( 23.00000000000001066, 32.99999999999999289, 1.000000000000000000 ) ) ;
#4322 = CYLINDRICAL_SURFACE ( 'NONE', #3545, 2.999999999999999112 ) ;
#4323 = CYLINDRICAL_SURFACE ( 'NONE', #5769, 1.250000000000001110 ) ;
#4324 = EDGE_CURVE ( 'NONE', #5109, #5753, #3908, .T. ) ;
#4325 = CARTESIAN_POINT ( 'NONE',  ( 25.50000000000000711, -28.50000000000001066, 0.000000000000000000 ) ) ;
#4326 = ORIENTED_EDGE ( 'NONE', *, *, #2865, .F. ) ;
#4327 = CYLINDRICAL_SURFACE ( 'NONE', #4054, 0.6562500000000109912 ) ;
#4328 = EDGE_CURVE ( 'NONE', #1053, #2201, #7057, .T. ) ;
#4329 = ORIENTED_EDGE ( 'NONE', *, *, #8277, .F. ) ;
#4330 = CARTESIAN_POINT ( 'NONE',  ( -61.00000000000001421, 2.999999999999990674, 1.000000000000000000 ) ) ;
#4331 = EDGE_CURVE ( 'NONE', #6410, #6972, #1002, .T. ) ;
#4332 = CARTESIAN_POINT ( 'NONE',  ( -16.49999999999997158, 3.159999999999996145, 4.500000000000000000 ) ) ;
#4333 = VECTOR ( 'NONE', #7945, 1000.000000000000000 ) ;
#4334 = LINE ( 'NONE', #358, #4681 ) ;
#4335 = ORIENTED_EDGE ( 'NONE', *, *, #7145, .T. ) ;
#4336 = PLANE ( 'NONE',  #8307 ) ;
#4337 = VECTOR ( 'NONE', #4566, 1000.000000000000000 ) ;
#4338 = EDGE_CURVE ( 'NONE', #2673, #1102, #7889, .T. ) ;
#4339 = EDGE_LOOP ( 'NONE', ( #6050, #1148, #5355, #7741 ) ) ;
#4340 = AXIS2_PLACEMENT_3D ( 'NONE', #373, #6580, #457 ) ;
#4341 = CARTESIAN_POINT ( 'NONE',  ( -5.718749999999994671, 3.003749999999987264, 0.07192234969262845112 ) ) ;
#4342 = VERTEX_POINT ( 'NONE', #3872 ) ;
#4343 = DIRECTION ( 'NONE',  ( 0.000000000000000000, 0.000000000000000000, -1.000000000000000000 ) ) ;
#4344 = PLANE ( 'NONE',  #583 ) ;
#4345 = CIRCLE ( 'NONE', #666, 1.500000000000001332 ) ;
#4346 = VECTOR ( 'NONE', #6315, 1000.000000000000114 ) ;
#4347 = PLANE ( 'NONE',  #6173 ) ;
#4348 = ORIENTED_EDGE ( 'NONE', *, *, #3859, .F. ) ;
#4349 = CARTESIAN_POINT ( 'NONE',  ( -20.00000000000000355, -33.99999999999999289, -3.000000000000000000 ) ) ;
#4350 = ORIENTED_EDGE ( 'NONE', *, *, #6265, .T. ) ;
#4351 = LINE ( 'NONE', #1032, #5108 ) ;
#4352 = CARTESIAN_POINT ( 'NONE',  ( 21.75000000000000000, 33.00000000000000711, -3.000000000000000000 ) ) ;
#4353 = ORIENTED_EDGE ( 'NONE', *, *, #6217, .T. ) ;
#4354 = CARTESIAN_POINT ( 'NONE',  ( -12.68749999999997691, -15.34000000000000341, 1.000000000000000000 ) ) ;
#4355 = UNCERTAINTY_MEASURE_WITH_UNIT (LENGTH_MEASURE( 1.000000000000000082E-05 ), #4075, 'distance_accuracy_value', 'NONE');
#4356 = AXIS2_PLACEMENT_3D ( 'NONE', #4879, #2942, #1516 ) ;
#4357 = EDGE_LOOP ( 'NONE', ( #7415, #6656 ) ) ;
#4358 = ORIENTED_EDGE ( 'NONE', *, *, #4551, .T. ) ;
#4359 = ORIENTED_EDGE ( 'NONE', *, *, #803, .F. ) ;
#4360 = CARTESIAN_POINT ( 'NONE',  ( -67.91000000000001080, 18.69999999999999929, -4.599999999999999645 ) ) ;
#4361 = EDGE_CURVE ( 'NONE', #205, #6054, #8555, .T. ) ;
#4362 = ORIENTED_EDGE ( 'NONE', *, *, #3404, .F. ) ;
#4363 = CARTESIAN_POINT ( 'NONE',  ( -25.59999999999999076, -32.99999999999999289, -2.200000000000000622 ) ) ;
#4364 = CIRCLE ( 'NONE', #3805, 2.599999999999998312 ) ;
#4365 = LINE ( 'NONE', #874, #7542 ) ;
#4366 = CARTESIAN_POINT ( 'NONE',  ( 14.00000000000001599, -15.34000000000000341, 4.500000000000000888 ) ) ;
#4367 = VECTOR ( 'NONE', #6431, 1000.000000000000000 ) ;
#4368 = DIRECTION ( 'NONE',  ( -0.000000000000000000, -0.000000000000000000, -1.000000000000000000 ) ) ;
#4369 = DIRECTION ( 'NONE',  ( -0.000000000000000000, -0.000000000000000000, 1.000000000000000000 ) ) ;
#4370 = EDGE_LOOP ( 'NONE', ( #3235, #5262 ) ) ;
#4371 = CARTESIAN_POINT ( 'NONE',  ( -60.99999999999997158, 25.25000000000000000, 2.500000000000000000 ) ) ;
#4372 = DIRECTION ( 'NONE',  ( 1.000000000000000000, 0.000000000000000000, 0.000000000000000000 ) ) ;
#4373 = AXIS2_PLACEMENT_3D ( 'NONE', #876, #2268, #6260 ) ;
#4374 = EDGE_CURVE ( 'NONE', #7127, #2011, #2517, .T. ) ;
#4375 = CARTESIAN_POINT ( 'NONE',  ( -67.91000000000001080, 3.159999999999996145, 4.000000000000000000 ) ) ;
#4376 = EDGE_CURVE ( 'NONE', #7512, #3120, #1841, .T. ) ;
#4377 = ADVANCED_FACE ( 'NONE', ( #6545 ), #8598, .F. ) ;
#4378 = ORIENTED_EDGE ( 'NONE', *, *, #4476, .F. ) ;
#4379 = DIRECTION ( 'NONE',  ( 0.000000000000000000, 0.000000000000000000, 1.000000000000000000 ) ) ;
#4380 = VECTOR ( 'NONE', #6496, 1000.000000000000114 ) ;
#4381 = ORIENTED_EDGE ( 'NONE', *, *, #4589, .T. ) ;
#4382 = PLANE ( 'NONE',  #6727 ) ;
#4383 = EDGE_LOOP ( 'NONE', ( #446, #4937, #4508, #1819, #8720, #3033, #5703, #568, #78, #4141, #5806, #3205, #4026, #1976, #3126, #5315, #5689, #8193, #5786, #3249 ) ) ;
#4384 = LINE ( 'NONE', #5008, #7385 ) ;
#4385 = CARTESIAN_POINT ( 'NONE',  ( -10.18750000000001599, -15.83999999999999986, 7.400893641477320983 ) ) ;
#4386 = DIRECTION ( 'NONE',  ( -1.000000000000000000, 0.000000000000000000, 0.000000000000000000 ) ) ;
#4387 = CARTESIAN_POINT ( 'NONE',  ( -9.531249999999991118, 3.003749999999987264, 4.500000000000000888 ) ) ;
#4388 = EDGE_CURVE ( 'NONE', #7758, #2073, #5886, .T. ) ;
#4389 = CARTESIAN_POINT ( 'NONE',  ( -22.99999999999999289, 36.00000000000000000, -3.000000000000002665 ) ) ;
#4390 = EDGE_CURVE ( 'NONE', #4521, #6377, #5931, .T. ) ;
#4391 = CYLINDRICAL_SURFACE ( 'NONE', #6884, 1.250000000000001110 ) ;
#4392 = ORIENTED_EDGE ( 'NONE', *, *, #5249, .T. ) ;
#4393 = FACE_BOUND ( 'NONE', #6466, .T. ) ;
#4394 = VERTEX_POINT ( 'NONE', #7973 ) ;
#4395 = DIRECTION ( 'NONE',  ( 1.000000000000000000, -1.927470528863119739E-15, 0.000000000000000000 ) ) ;
#4396 = VECTOR ( 'NONE', #5026, 1000.000000000000000 ) ;
#4397 = ORIENTED_EDGE ( 'NONE', *, *, #4721, .F. ) ;
#4398 = VECTOR ( 'NONE', #4702, 1000.000000000000000 ) ;
#4399 = LINE ( 'NONE', #5597, #1707 ) ;
#4400 = AXIS2_PLACEMENT_3D ( 'NONE', #1909, #6829, #4051 ) ;
#4401 = AXIS2_PLACEMENT_3D ( 'NONE', #2815, #8205, #4831 ) ;
#4402 = EDGE_LOOP ( 'NONE', ( #4223, #5967, #8474, #1790 ) ) ;
#4403 = ORIENTED_EDGE ( 'NONE', *, *, #635, .F. ) ;
#4404 = ORIENTED_EDGE ( 'NONE', *, *, #3248, .T. ) ;
#4405 = DIRECTION ( 'NONE',  ( 1.000000000000000000, 0.000000000000000000, -0.000000000000000000 ) ) ;
#4406 = ORIENTED_EDGE ( 'NONE', *, *, #432, .T. ) ;
#4407 = CARTESIAN_POINT ( 'NONE',  ( 22.99999999999999645, -36.00000000000000000, -3.000000000000002665 ) ) ;
#4408 = LINE ( 'NONE', #6386, #8024 ) ;
#4409 = AXIS2_PLACEMENT_3D ( 'NONE', #4128, #6808, #5488 ) ;
#4410 = CIRCLE ( 'NONE', #591, 0.5000000000000002220 ) ;
#4411 = CARTESIAN_POINT ( 'NONE',  ( -8.914535794685990666, 3.244289786235253992, 4.500000000000000000 ) ) ;
#4412 = LINE ( 'NONE', #794, #6182 ) ;
#4413 = CYLINDRICAL_SURFACE ( 'NONE', #99, 3.500000000000003109 ) ;
#4414 = CARTESIAN_POINT ( 'NONE',  ( 22.99999999999996803, 30.00000000000001421, -3.000000000000000000 ) ) ;
#4415 = EDGE_LOOP ( 'NONE', ( #1532, #552, #128, #1537 ) ) ;
#4416 = DIRECTION ( 'NONE',  ( -1.000000000000000000, -5.551115123125700661E-15, 0.000000000000000000 ) ) ;
#4417 = PRODUCT_DEFINITION ( 'Êú', '', #6126, #3038 ) ;
#4418 = ADVANCED_FACE ( 'NONE', ( #1932 ), #589, .T. ) ;
#4419 = FACE_OUTER_BOUND ( 'NONE', #618, .T. ) ;
#4420 = DIRECTION ( 'NONE',  ( 1.000000000000000000, -5.551115123125700661E-15, 0.000000000000000000 ) ) ;
#4421 = ORIENTED_EDGE ( 'NONE', *, *, #288, .F. ) ;
#4422 = CARTESIAN_POINT ( 'NONE',  ( 5.718749999999994671, 3.003749999999987264, 4.500000000000000888 ) ) ;
#4423 = EDGE_LOOP ( 'NONE', ( #651, #2473, #3549, #5746 ) ) ;
#4424 = DIRECTION ( 'NONE',  ( -1.711123806354915250E-06, -0.9999999999985360599, 0.000000000000000000 ) ) ;
#4425 = ORIENTED_EDGE ( 'NONE', *, *, #8380, .T. ) ;
#4426 = LINE ( 'NONE', #365, #8506 ) ;
#4427 = EDGE_CURVE ( 'NONE', #6843, #6620, #299, .T. ) ;
#4428 = DIRECTION ( 'NONE',  ( -1.000000000000000000, 0.000000000000000000, 0.000000000000000000 ) ) ;
#4430 = ADVANCED_FACE ( 'NONE', ( #3381 ), #2809, .F. ) ;
#4429 = DIRECTION ( 'NONE',  ( -0.000000000000000000, -0.000000000000000000, -1.000000000000000000 ) ) ;
#4431 = CARTESIAN_POINT ( 'NONE',  ( -64.26000000000000512, 18.69999999999999929, -4.599999999999999645 ) ) ;
#4432 = CARTESIAN_POINT ( 'NONE',  ( -5.718749999999994671, 3.003749999999987264, 4.500000000000000888 ) ) ;
#4433 = CIRCLE ( 'NONE', #4290, 0.5000000000000004441 ) ;
#4434 = VERTEX_POINT ( 'NONE', #4778 ) ;
#4435 = CARTESIAN_POINT ( 'NONE',  ( 19.00000000000000355, -18.42944271910000964, 7.438283141981817614 ) ) ;
#4436 = ORIENTED_EDGE ( 'NONE', *, *, #774, .F. ) ;
#4437 = CARTESIAN_POINT ( 'NONE',  ( 19.42191802610727080, -24.12524366248767294, 5.918280965342860966 ) ) ;
#4438 = ORIENTED_EDGE ( 'NONE', *, *, #7138, .T. ) ;
#4439 = EDGE_CURVE ( 'NONE', #3536, #4891, #1471, .T. ) ;
#4441 = EDGE_CURVE ( 'NONE', #822, #487, #6897, .T. ) ;
#4440 = DIRECTION ( 'NONE',  ( 1.000000000000000000, 0.000000000000000000, 0.000000000000000000 ) ) ;
#4442 = VECTOR ( 'NONE', #7773, 1000.000000000000000 ) ;
#4443 = CARTESIAN_POINT ( 'NONE',  ( -19.49999999999999645, -23.42944271909999188, 6.529192232890911107 ) ) ;
#4444 = ORIENTED_EDGE ( 'NONE', *, *, #3350, .F. ) ;
#4445 = CARTESIAN_POINT ( 'NONE',  ( -29.49999999999999289, -0.5000000000000056621, -2.299999999999999822 ) ) ;
#4446 = EDGE_LOOP ( 'NONE', ( #2788, #3131, #7853, #1256 ) ) ;
#4447 = CARTESIAN_POINT ( 'NONE',  ( -20.00000000000000355, -34.05707521763981305, -1.080435851547342452 ) ) ;
#4448 = ORIENTED_EDGE ( 'NONE', *, *, #2243, .T. ) ;
#4449 = CARTESIAN_POINT ( 'NONE',  ( -22.99999999999996803, 30.00000000000002132, -3.000000000000000000 ) ) ;
#4450 = FACE_OUTER_BOUND ( 'NONE', #1522, .T. ) ;
#4451 = CARTESIAN_POINT ( 'NONE',  ( -8.951544574982067459, 3.321375232574443892, 4.478720436846130859 ) ) ;
#4452 = CARTESIAN_POINT ( 'NONE',  ( -12.68749999999997691, -15.83999999999999986, 7.900893641477321871 ) ) ;
#4453 = AXIS2_PLACEMENT_3D ( 'NONE', #1758, #3049, #5730 ) ;
#4454 = DIRECTION ( 'NONE',  ( -1.000000000000000000, 0.000000000000000000, 0.000000000000000000 ) ) ;
#4455 = DIRECTION ( 'NONE',  ( 0.000000000000000000, 0.000000000000000000, -1.000000000000000000 ) ) ;
#4456 = CARTESIAN_POINT ( 'NONE',  ( -25.99999999999999645, -34.75735931288070901, -0.7238576250846026072 ) ) ;
#4457 = EDGE_LOOP ( 'NONE', ( #2617, #147, #4984, #4292, #6824, #6204, #6304, #2775 ) ) ;
#4458 = CARTESIAN_POINT ( 'NONE',  ( -20.00000000000000000, -34.87867965644035451, -1.263014615725230216 ) ) ;
#4459 = DIRECTION ( 'NONE',  ( 1.000000000000000000, 0.000000000000000000, -0.000000000000000000 ) ) ;
#4460 = VERTEX_POINT ( 'NONE', #7520 ) ;
#4461 = CARTESIAN_POINT ( 'NONE',  ( 5.231324816032514313, 3.450248910364980048, 4.413486547004839444 ) ) ;
#4462 = ORIENTED_EDGE ( 'NONE', *, *, #1737, .F. ) ;
#4463 = DIRECTION ( 'NONE',  ( 1.559302000878028960E-16, -1.000000000000000000, 0.000000000000000000 ) ) ;
#4464 = VERTEX_POINT ( 'NONE', #2900 ) ;
#4465 = CARTESIAN_POINT ( 'NONE',  ( -24.24999999999999645, -33.00000000000000000, -2.200000000000000178 ) ) ;
#4466 = FACE_OUTER_BOUND ( 'NONE', #3288, .T. ) ;
#4467 = FACE_OUTER_BOUND ( 'NONE', #6645, .T. ) ;
#4468 = PLANE ( 'NONE',  #6205 ) ;
#4469 = CIRCLE ( 'NONE', #8142, 1.500000000000001332 ) ;
#4470 = CARTESIAN_POINT ( 'NONE',  ( 16.50000000000000355, -23.34000000000000341, 8.000000000000000000 ) ) ;
#4471 = ORIENTED_EDGE ( 'NONE', *, *, #1727, .F. ) ;
#4472 = ADVANCED_FACE ( 'NONE', ( #6141 ), #8200, .T. ) ;
#4473 = LINE ( 'NONE', #8589, #1948 ) ;
#4474 = ORIENTED_EDGE ( 'NONE', *, *, #4636, .T. ) ;
#4475 = CARTESIAN_POINT ( 'NONE',  ( -66.85999999999999943, 18.69999999999999929, -9.553910524340087917 ) ) ;
#4476 = EDGE_CURVE ( 'NONE', #4532, #1438, #4878, .T. ) ;
#4477 = CARTESIAN_POINT ( 'NONE',  ( 18.89900051991009988, -25.18364016720918741, 5.757917858566756308 ) ) ;
#4478 = ORIENTED_EDGE ( 'NONE', *, *, #237, .F. ) ;
#4479 = AXIS2_PLACEMENT_3D ( 'NONE', #3375, #4688, #103 ) ;
#4480 = CARTESIAN_POINT ( 'NONE',  ( 5.062499999999980460, -15.34000000000000341, 4.500000000000000888 ) ) ;
#4481 = AXIS2_PLACEMENT_3D ( 'NONE', #6855, #810, #1607 ) ;
#4482 = EDGE_CURVE ( 'NONE', #5684, #4570, #4132, .T. ) ;
#4483 = CARTESIAN_POINT ( 'NONE',  ( -18.99999999999999645, -23.42944271909999188, 6.529192232890911107 ) ) ;
#4484 = ORIENTED_EDGE ( 'NONE', *, *, #4745, .T. ) ;
#4485 = ADVANCED_FACE ( 'NONE', ( #6763 ), #807, .F. ) ;
#4486 = CARTESIAN_POINT ( 'NONE',  ( -1.906249999999998224, 3.659999999999996145, 4.000000000000000000 ) ) ;
#4487 = ADVANCED_FACE ( 'NONE', ( #155 ), #26, .F. ) ;
#4488 = ORIENTED_EDGE ( 'NONE', *, *, #1075, .T. ) ;
#4489 = CARTESIAN_POINT ( 'NONE',  ( 20.00000000000000355, 33.99999999999998579, -5.837274330926434551 ) ) ;
#4490 = VECTOR ( 'NONE', #3556, 1000.000000000000000 ) ;
#4491 = ORIENTED_EDGE ( 'NONE', *, *, #4001, .T. ) ;
#4492 = CARTESIAN_POINT ( 'NONE',  ( -10.18750000000000888, -15.34000000000006381, 7.999999999999989342 ) ) ;
#4493 = DIRECTION ( 'NONE',  ( -1.000000000000000000, 0.000000000000000000, 0.000000000000000000 ) ) ;
#4494 = AXIS2_PLACEMENT_3D ( 'NONE', #7242, #7106, #1010 ) ;
#4495 = CARTESIAN_POINT ( 'NONE',  ( -67.91000000000001080, 3.159999999999996145, 4.500000000000000000 ) ) ;
#4496 = EDGE_CURVE ( 'NONE', #4313, #3259, #718, .T. ) ;
#4497 = CARTESIAN_POINT ( 'NONE',  ( 10.70000000000001172, 31.50000000000000000, -1.800000000000000488 ) ) ;
#4498 = CARTESIAN_POINT ( 'NONE',  ( -24.75735931288070901, -36.00000000000000000, -0.9999999999999995559 ) ) ;
#4499 = AXIS2_PLACEMENT_3D ( 'NONE', #8504, #7168, #7084 ) ;
#4500 = ORIENTED_EDGE ( 'NONE', *, *, #4958, .T. ) ;
#4501 = DIRECTION ( 'NONE',  ( -0.000000000000000000, -0.000000000000000000, 1.000000000000000000 ) ) ;
#4502 = DIRECTION ( 'NONE',  ( 1.000000000000000000, 0.000000000000000000, 0.000000000000000000 ) ) ;
#4503 = CARTESIAN_POINT ( 'NONE',  ( 9.043824816032511649, 3.450248910364980492, 4.413486547004838556 ) ) ;
#4504 = VECTOR ( 'NONE', #3586, 1000.000000000000000 ) ;
#4505 = CARTESIAN_POINT ( 'NONE',  ( -19.16332954957146484, -16.89976922699424478, 7.716405595091848646 ) ) ;
#4506 = ORIENTED_EDGE ( 'NONE', *, *, #55, .T. ) ;
#4507 = DIRECTION ( 'NONE',  ( -1.000000000000000000, 0.000000000000000000, 0.000000000000000000 ) ) ;
#4508 = ORIENTED_EDGE ( 'NONE', *, *, #918, .F. ) ;
#4509 = CIRCLE ( 'NONE', #1977, 1.250000000000001110 ) ;
#4510 = CARTESIAN_POINT ( 'NONE',  ( 18.25735931288073033, -26.34000000000000696, 5.582711823295503528 ) ) ;
#4511 = DIRECTION ( 'NONE',  ( 1.000000000000000000, 0.000000000000000000, 0.000000000000000000 ) ) ;
#4512 = CARTESIAN_POINT ( 'NONE',  ( -15.60345596729059636, 4.520000000000003126, -0.5999999999999999778 ) ) ;
#4513 = LINE ( 'NONE', #7215, #7206 ) ;
#4514 = VECTOR ( 'NONE', #3253, 1000.000000000000000 ) ;
#4515 = FACE_OUTER_BOUND ( 'NONE', #3373, .T. ) ;
#4516 = EDGE_LOOP ( 'NONE', ( #932, #2559 ) ) ;
#4517 = CYLINDRICAL_SURFACE ( 'NONE', #658, 2.850000000000005418 ) ;
#4518 = ORIENTED_EDGE ( 'NONE', *, *, #7731, .T. ) ;
#4519 = CARTESIAN_POINT ( 'NONE',  ( -60.49999999999985789, 12.74999999999999822, 2.500000000000000000 ) ) ;
#4520 = LINE ( 'NONE', #3905, #4337 ) ;
#4521 = VERTEX_POINT ( 'NONE', #4694 ) ;
#4522 = VERTEX_POINT ( 'NONE', #67 ) ;
#4523 = CIRCLE ( 'NONE', #2696, 2.599999999999998312 ) ;
#4524 = DIRECTION ( 'NONE',  ( -1.000000000000000000, 0.000000000000000000, 0.000000000000000000 ) ) ;
#4525 = CARTESIAN_POINT ( 'NONE',  ( 0.000000000000000000, 0.000000000000000000, -1.699999999999999956 ) ) ;
#4526 = EDGE_CURVE ( 'NONE', #1229, #7896, #7568, .T. ) ;
#4527 = CARTESIAN_POINT ( 'NONE',  ( -4.838190571568130594, -22.69779324348373706, -1.600000000000000089 ) ) ;
#4528 = VERTEX_POINT ( 'NONE', #6239 ) ;
#4529 = VECTOR ( 'NONE', #2893, 1000.000000000000000 ) ;
#4530 = DIRECTION ( 'NONE',  ( -1.000000000000000000, 0.000000000000000000, 0.000000000000000000 ) ) ;
#4531 = CIRCLE ( 'NONE', #715, 0.7999999999999917177 ) ;
#4532 = VERTEX_POINT ( 'NONE', #197 ) ;
#4533 = DIRECTION ( 'NONE',  ( 0.000000000000000000, 0.9761870601839527373, 0.2169304578186561638 ) ) ;
#4534 = VERTEX_POINT ( 'NONE', #2763 ) ;
#4535 = CARTESIAN_POINT ( 'NONE',  ( 1.326547323417647251, 3.321380907951521078, 4.478718870602345525 ) ) ;
#4536 = EDGE_CURVE ( 'NONE', #2031, #4171, #4523, .T. ) ;
#4537 = DIRECTION ( 'NONE',  ( 0.000000000000000000, 1.000000000000000000, 0.000000000000000000 ) ) ;
#4538 = DIRECTION ( 'NONE',  ( -1.000000000000000000, 5.551115123125700661E-15, -0.000000000000000000 ) ) ;
#4539 = EDGE_CURVE ( 'NONE', #5325, #6658, #2987, .T. ) ;
#4540 = VECTOR ( 'NONE', #452, 1000.000000000000000 ) ;
#4541 = EDGE_CURVE ( 'NONE', #1114, #1299, #4033, .T. ) ;
#4542 = DIRECTION ( 'NONE',  ( 0.000000000000000000, 0.2169304578186561638, -0.9761870601839528483 ) ) ;
#4543 = AXIS2_PLACEMENT_3D ( 'NONE', #6562, #480, #4627 ) ;
#4544 = LINE ( 'NONE', #6556, #4333 ) ;
#4545 = PRESENTATION_LAYER_ASSIGNMENT (  '', '', ( #7648 ) ) ;
#4546 = ORIENTED_EDGE ( 'NONE', *, *, #5935, .F. ) ;
#4547 = CARTESIAN_POINT ( 'NONE',  ( -3.937237552217024652E-15, 25.25000000000001066, 1.000000000000000000 ) ) ;
#4548 = DIRECTION ( 'NONE',  ( -1.706742230357500909E-15, 0.9838699100999075409, 0.1788854381999831766 ) ) ;
#4549 = EDGE_CURVE ( 'NONE', #7157, #6719, #6914, .T. ) ;
#4550 = EDGE_CURVE ( 'NONE', #2848, #1483, #2330, .T. ) ;
#4551 = EDGE_CURVE ( 'NONE', #6357, #6097, #6487, .T. ) ;
#4552 = VECTOR ( 'NONE', #4729, 1000.000000000000000 ) ;
#4553 = AXIS2_PLACEMENT_3D ( 'NONE', #2671, #8240, #4869 ) ;
#4554 = CARTESIAN_POINT ( 'NONE',  ( -19.48842409765861206, -23.81563947002335269, 6.458974641813949091 ) ) ;
#4555 = FACE_OUTER_BOUND ( 'NONE', #4043, .T. ) ;
#4556 = ORIENTED_EDGE ( 'NONE', *, *, #8003, .T. ) ;
#4557 = ORIENTED_EDGE ( 'NONE', *, *, #6092, .F. ) ;
#4558 = DIRECTION ( 'NONE',  ( -0.000000000000000000, -0.000000000000000000, 1.000000000000000000 ) ) ;
#4559 = LINE ( 'NONE', #366, #3147 ) ;
#4560 = FACE_OUTER_BOUND ( 'NONE', #627, .T. ) ;
#4561 = CARTESIAN_POINT ( 'NONE',  ( 9.963990722791917776, 3.502153497675971838, 4.369954511760779425 ) ) ;
#4562 = ORIENTED_EDGE ( 'NONE', *, *, #8554, .T. ) ;
#4563 = CARTESIAN_POINT ( 'NONE',  ( 8.874999999999994671, -24.33999999999999986, 7.900893641477321871 ) ) ;
#4564 = ORIENTED_EDGE ( 'NONE', *, *, #8450, .T. ) ;
#4565 = DIRECTION ( 'NONE',  ( 0.7071055712382683378, -0.7071079911327564638, 0.000000000000000000 ) ) ;
#4566 = DIRECTION ( 'NONE',  ( -0.000000000000000000, -0.000000000000000000, -1.000000000000000000 ) ) ;
#4567 = ORIENTED_EDGE ( 'NONE', *, *, #6093, .T. ) ;
#4568 = CARTESIAN_POINT ( 'NONE',  ( 16.92345596729059309, 4.519999999999997797, -0.5999999999999999778 ) ) ;
#4569 = CARTESIAN_POINT ( 'NONE',  ( -8.874999999999980460, -15.92944271909999010, 7.892828596527274421 ) ) ;
#4570 = VERTEX_POINT ( 'NONE', #8462 ) ;
#4571 = SURFACE_STYLE_FILL_AREA ( #6547 ) ;
#4572 = ORIENTED_EDGE ( 'NONE', *, *, #3795, .F. ) ;
#4573 = PLANE ( 'NONE',  #8227 ) ;
#4574 = ORIENTED_EDGE ( 'NONE', *, *, #2765, .F. ) ;
#4575 = CARTESIAN_POINT ( 'NONE',  ( 19.50000000000000355, -18.34000000000002473, 6.946348186931863289 ) ) ;
#4576 = CIRCLE ( 'NONE', #7121, 0.5000000000000004441 ) ;
#4577 = CARTESIAN_POINT ( 'NONE',  ( -64.26000000000000512, 18.69999999999999929, 1.000000000000000000 ) ) ;
#4578 = FACE_OUTER_BOUND ( 'NONE', #6168, .T. ) ;
#4579 = CARTESIAN_POINT ( 'NONE',  ( -18.50000000000001066, 10.25000000000003730, 1.000000000000000000 ) ) ;
#4580 = EDGE_CURVE ( 'NONE', #6992, #2271, #1062, .T. ) ;
#4581 = DIRECTION ( 'NONE',  ( 0.000000000000000000, 0.000000000000000000, 1.000000000000000000 ) ) ;
#4582 = ORIENTED_EDGE ( 'NONE', *, *, #927, .F. ) ;
#4583 = DIRECTION ( 'NONE',  ( -1.559302000878028960E-16, 1.000000000000000000, -0.000000000000000000 ) ) ;
#4584 = CARTESIAN_POINT ( 'NONE',  ( -16.49999999999989697, 16.50000000000002132, 0.5000000000000000000 ) ) ;
#4585 = DIRECTION ( 'NONE',  ( -1.711123809484820151E-06, -0.9999999999985360599, 0.000000000000000000 ) ) ;
#4586 = EDGE_CURVE ( 'NONE', #8400, #5109, #5751, .T. ) ;
#4587 = DIRECTION ( 'NONE',  ( -1.000000000000000000, 0.000000000000000000, 0.000000000000000000 ) ) ;
#4588 = ADVANCED_FACE ( 'NONE', ( #7659 ), #369, .T. ) ;
#4589 = EDGE_CURVE ( 'NONE', #80, #5109, #1414, .T. ) ;
#4590 = ORIENTED_EDGE ( 'NONE', *, *, #593, .T. ) ;
#4591 = CARTESIAN_POINT ( 'NONE',  ( 24.00000000000000711, -28.50000000000001066, -3.000000000000002665 ) ) ;
#4592 = ORIENTED_EDGE ( 'NONE', *, *, #5173, .T. ) ;
#4593 = CARTESIAN_POINT ( 'NONE',  ( 19.50000000000001776, -25.09735931288070532, 5.770990715283275563 ) ) ;
#4594 = CARTESIAN_POINT ( 'NONE',  ( 4.335856114704508713, 26.89972583984543775, 0.000000000000000000 ) ) ;
#4595 = CARTESIAN_POINT ( 'NONE',  ( 0.6600000000000019185, 20.78345596729058542, -0.5999999999999999778 ) ) ;
#4596 = EDGE_CURVE ( 'NONE', #8297, #360, #290, .T. ) ;
#4597 = LINE ( 'NONE', #4642, #1683 ) ;
#4598 = ORIENTED_EDGE ( 'NONE', *, *, #8179, .F. ) ;
#4599 = CARTESIAN_POINT ( 'NONE',  ( 22.99999999999996803, 30.00000000000001421, -5.837274330926434551 ) ) ;
#4600 = ORIENTED_EDGE ( 'NONE', *, *, #3237, .T. ) ;
#4601 = LINE ( 'NONE', #3246, #3433 ) ;
#4602 = CARTESIAN_POINT ( 'NONE',  ( 19.00000000000000355, -23.42944271909999188, 6.529192232890911107 ) ) ;
#4603 = ORIENTED_EDGE ( 'NONE', *, *, #8542, .F. ) ;
#4604 = LINE ( 'NONE', #420, #7069 ) ;
#4605 = LINE ( 'NONE', #3907, #7490 ) ;
#4606 = AXIS2_PLACEMENT_3D ( 'NONE', #5609, #6262, #8181 ) ;
#4607 = CARTESIAN_POINT ( 'NONE',  ( -67.91000000000001080, 3.159999999999996145, 4.000000000000000000 ) ) ;
#4608 = ORIENTED_EDGE ( 'NONE', *, *, #7502, .T. ) ;
#4609 = ORIENTED_EDGE ( 'NONE', *, *, #3891, .T. ) ;
#4610 = ORIENTED_EDGE ( 'NONE', *, *, #7617, .T. ) ;
#4611 = CIRCLE ( 'NONE', #2654, 0.5000000000000004441 ) ;
#4612 =( BOUNDED_SURFACE ( )  B_SPLINE_SURFACE ( 3, 2, ( 
 ( #717, #6896, #5440 ),
 ( #8147, #3429, #4776 ),
 ( #196, #2239, #2102 ),
 ( #6104, #66, #1425 ),
 ( #4131, #6810, #762 ),
 ( #2807, #5490, #7518 ),
 ( #1468, #4298, #3685 ),
 ( #5454, #1869, #8530 ),
 ( #3316, #4554, #7156 ),
 ( #4483, #4443, #7136 ) ),
 .UNSPECIFIED., .F., .F., .F. ) 
 B_SPLINE_SURFACE_WITH_KNOTS ( ( 4, 2, 2, 2, 4 ),
 ( 3, 3 ),
 ( -0.000000000000000000, 0.3926990816987241395, 0.7853981633974482790, 1.178097245096172418, 1.570796326794896558 ),
 ( 0.000000000000000000, 1.000000000000000000 ),
 .UNSPECIFIED. ) 
 GEOMETRIC_REPRESENTATION_ITEM ( )  RATIONAL_B_SPLINE_SURFACE ( (
 ( 1.000000000000000000, 0.7677517301185264875, 1.000000000000000000),
 ( 1.000000000000000000, 0.7677572915745698445, 1.000000000000000000),
 ( 1.000000000000000000, 0.7662397654469629282, 1.000000000000000000),
 ( 1.000000000000000000, 0.7603699391057546775, 1.000000000000000000),
 ( 1.000000000000000000, 0.7560124324366781501, 1.000000000000000000),
 ( 1.000000000000000000, 0.7449813093269130881, 1.000000000000000000),
 ( 1.000000000000000000, 0.7383087458139254711, 1.000000000000000000),
 ( 1.000000000000000000, 0.7235096379058203464, 1.000000000000000000),
 ( 1.000000000000000000, 0.7153892934084009614, 1.000000000000000000),
 ( 1.000000000000000000, 0.7071067811865469066, 1.000000000000000000) ) ) 
 REPRESENTATION_ITEM ( '' )  SURFACE ( )  );
#4613 = AXIS2_PLACEMENT_3D ( 'NONE', #8465, #1831, #3200 ) ;
#4614 = FACE_OUTER_BOUND ( 'NONE', #3336, .T. ) ;
#4615 = FILL_AREA_STYLE ('',( #8650 ) ) ;
#4616 = DIRECTION ( 'NONE',  ( 0.000000000000000000, 0.000000000000000000, -1.000000000000000000 ) ) ;
#4617 = VECTOR ( 'NONE', #5571, 999.9999999999998863 ) ;
#4618 = AXIS2_PLACEMENT_3D ( 'NONE', #4675, #6037, #3971 ) ;
#4619 = DIRECTION ( 'NONE',  ( 1.000000000000000000, -0.000000000000000000, -0.000000000000000000 ) ) ;
#4620 = EDGE_LOOP ( 'NONE', ( #4749, #854, #555, #467 ) ) ;
#4621 = DIRECTION ( 'NONE',  ( -1.000000000000000000, 0.000000000000000000, 0.000000000000000000 ) ) ;
#4622 = ORIENTED_EDGE ( 'NONE', *, *, #7672, .T. ) ;
#4623 = LINE ( 'NONE', #2694, #6031 ) ;
#4624 = DIRECTION ( 'NONE',  ( -0.000000000000000000, -0.000000000000000000, 1.000000000000000000 ) ) ;
#4625 = VECTOR ( 'NONE', #3490, 1000.000000000000000 ) ;
#4626 = DIRECTION ( 'NONE',  ( 0.000000000000000000, 0.000000000000000000, 1.000000000000000000 ) ) ;
#4627 = DIRECTION ( 'NONE',  ( -1.000000000000000000, 0.000000000000000000, -0.000000000000000000 ) ) ;
#4628 = LINE ( 'NONE', #1355, #146 ) ;
#4629 = EDGE_CURVE ( 'NONE', #5612, #1755, #7702, .T. ) ;
#4630 = AXIS2_PLACEMENT_3D ( 'NONE', #4432, #7795, #8586 ) ;
#4631 = CARTESIAN_POINT ( 'NONE',  ( 0.000000000000000000, 0.000000000000000000, -1.800000000000000266 ) ) ;
#4632 = ORIENTED_EDGE ( 'NONE', *, *, #6849, .F. ) ;
#4633 = DIRECTION ( 'NONE',  ( -0.000000000000000000, -0.000000000000000000, -1.000000000000000000 ) ) ;
#4634 = EDGE_LOOP ( 'NONE', ( #8158, #6378, #4910, #4880 ) ) ;
#4635 = CARTESIAN_POINT ( 'NONE',  ( -60.99999999999993605, 21.50000000000000000, 2.000000000000000000 ) ) ;
#4636 = EDGE_CURVE ( 'NONE', #886, #3153, #5095, .T. ) ;
#4637 = VECTOR ( 'NONE', #8440, 1000.000000000000000 ) ;
#4638 = ADVANCED_FACE ( 'NONE', ( #4922 ), #3606, .F. ) ;
#4639 = EDGE_CURVE ( 'NONE', #3453, #7915, #1603, .T. ) ;
#4640 = EDGE_CURVE ( 'NONE', #7383, #8621, #3028, .T. ) ;
#4641 = DIRECTION ( 'NONE',  ( 0.000000000000000000, 0.000000000000000000, -1.000000000000000000 ) ) ;
#4642 = CARTESIAN_POINT ( 'NONE',  ( -61.00000000000001421, 10.24999999999999822, 2.000000000000000000 ) ) ;
#4643 = ORIENTED_EDGE ( 'NONE', *, *, #4536, .T. ) ;
#4644 = PLANE ( 'NONE',  #6164 ) ;
#4645 = AXIS2_PLACEMENT_3D ( 'NONE', #1656, #4933, #5640 ) ;
#4646 = VERTEX_POINT ( 'NONE', #7745 ) ;
#4647 = DIRECTION ( 'NONE',  ( -1.000000000000000000, -1.734723475976807883E-15, 0.000000000000000000 ) ) ;
#4648 = DIRECTION ( 'NONE',  ( -1.000000000000000000, 0.000000000000000000, 0.000000000000000000 ) ) ;
#4649 = EDGE_LOOP ( 'NONE', ( #7747, #8140, #8623, #7478, #6059, #2306 ) ) ;
#4650 = EDGE_CURVE ( 'NONE', #7093, #7252, #4847, .T. ) ;
#4651 = FACE_OUTER_BOUND ( 'NONE', #7487, .T. ) ;
#4652 = VECTOR ( 'NONE', #2126, 1000.000000000000000 ) ;
#4653 = EDGE_CURVE ( 'NONE', #3925, #838, #4966, .T. ) ;
#4654 = DIRECTION ( 'NONE',  ( 0.000000000000000000, 0.000000000000000000, -1.000000000000000000 ) ) ;
#4655 = ORIENTED_EDGE ( 'NONE', *, *, #3096, .F. ) ;
#4656 = CARTESIAN_POINT ( 'NONE',  ( 7.933601002593408502, -30.31022109761167371, -0.2478016026522001369 ) ) ;
#4657 = ORIENTED_EDGE ( 'NONE', *, *, #593, .F. ) ;
#4658 = LINE ( 'NONE', #8559, #5679 ) ;
#4659 = EDGE_LOOP ( 'NONE', ( #4885, #1170, #5268, #64 ) ) ;
#4660 =( GEOMETRIC_REPRESENTATION_CONTEXT ( 3 ) GLOBAL_UNCERTAINTY_ASSIGNED_CONTEXT ( ( #4266 ) ) GLOBAL_UNIT_ASSIGNED_CONTEXT ( ( #4177, #6112, #2686 ) ) REPRESENTATION_CONTEXT ( 'NONE', 'WORKASPACE' ) );
#4661 = DIRECTION ( 'NONE',  ( 1.000000000000000000, -1.927470528863119739E-15, 0.000000000000000000 ) ) ;
#4662 = DIRECTION ( 'NONE',  ( 0.000000000000000000, 0.000000000000000000, -1.000000000000000000 ) ) ;
#4663 = VECTOR ( 'NONE', #1024, 1000.000000000000000 ) ;
#4664 = ORIENTED_EDGE ( 'NONE', *, *, #382, .T. ) ;
#4665 = ORIENTED_EDGE ( 'NONE', *, *, #4800, .T. ) ;
#4666 = VERTEX_POINT ( 'NONE', #8001 ) ;
#4667 = CARTESIAN_POINT ( 'NONE',  ( 0.000000000000000000, -29.19511388567677557, -0.000000000000000000 ) ) ;
#4668 = ORIENTED_EDGE ( 'NONE', *, *, #8388, .T. ) ;
#4669 = DIRECTION ( 'NONE',  ( 0.000000000000000000, 0.000000000000000000, -1.000000000000000000 ) ) ;
#4670 = AXIS2_PLACEMENT_3D ( 'NONE', #7142, #7761, #1711 ) ;
#4671 = VECTOR ( 'NONE', #2739, 1000.000000000000000 ) ;
#4672 = DIRECTION ( 'NONE',  ( -1.927470528863119344E-15, -1.000000000000000000, 0.000000000000000000 ) ) ;
#4673 = CARTESIAN_POINT ( 'NONE',  ( 2.338990722791924437, 3.502153497675970950, 4.369954511760776761 ) ) ;
#4674 = AXIS2_PLACEMENT_3D ( 'NONE', #7336, #4679, #1191 ) ;
#4675 = CARTESIAN_POINT ( 'NONE',  ( -23.00000000000000000, 33.00000000000000000, -3.000000000000000000 ) ) ;
#4676 = VERTEX_POINT ( 'NONE', #5221 ) ;
#4677 = EDGE_LOOP ( 'NONE', ( #890, #1591, #7141, #3085 ) ) ;
#4678 = PLANE ( 'NONE',  #6396 ) ;
#4679 = DIRECTION ( 'NONE',  ( 8.576161004829159278E-16, -1.000000000000000000, -0.000000000000000000 ) ) ;
#4680 = EDGE_CURVE ( 'NONE', #2326, #4024, #5303, .T. ) ;
#4681 = VECTOR ( 'NONE', #1437, 1000.000000000000000 ) ;
#4682 = CIRCLE ( 'NONE', #5387, 0.5000000000000004441 ) ;
#4683 = FACE_OUTER_BOUND ( 'NONE', #1039, .T. ) ;
#4684 = EDGE_LOOP ( 'NONE', ( #7673, #7997, #5326, #3706, #3023, #1593, #2137, #4448 ) ) ;
#4685 = CARTESIAN_POINT ( 'NONE',  ( 6.375000000000023093, -15.33999999999996611, 8.000000000000007105 ) ) ;
#4686 = ORIENTED_EDGE ( 'NONE', *, *, #8037, .F. ) ;
#4687 = CARTESIAN_POINT ( 'NONE',  ( 0.6600000000000008082, -11.74345596729059515, 0.000000000000000000 ) ) ;
#4688 = DIRECTION ( 'NONE',  ( 5.457557003073101359E-16, -1.000000000000000000, -0.000000000000000000 ) ) ;
#4689 = ADVANCED_FACE ( 'NONE', ( #575 ), #4468, .F. ) ;
#4690 = ORIENTED_EDGE ( 'NONE', *, *, #1868, .T. ) ;
#4691 = EDGE_CURVE ( 'NONE', #6146, #3436, #3261, .T. ) ;
#4692 = CARTESIAN_POINT ( 'NONE',  ( 22.72062516584436764, 22.65705369410401460, -1.800000000000000266 ) ) ;
#4693 = CARTESIAN_POINT ( 'NONE',  ( 19.50000000000000355, -23.33999999999998209, 1.000000000000000000 ) ) ;
#4694 = CARTESIAN_POINT ( 'NONE',  ( -57.50000000000000711, 2.999999999999991118, 1.000000000000000000 ) ) ;
#4695 = VERTEX_POINT ( 'NONE', #2630 ) ;
#4696 = EDGE_CURVE ( 'NONE', #620, #6234, #3689, .T. ) ;
#4697 = LINE ( 'NONE', #8154, #7722 ) ;
#4698 = EDGE_LOOP ( 'NONE', ( #6935, #7044, #638, #2827 ) ) ;
#4699 = DIRECTION ( 'NONE',  ( 1.000000000000000000, 0.000000000000000000, 0.000000000000000000 ) ) ;
#4700 = EDGE_CURVE ( 'NONE', #6288, #104, #7922, .T. ) ;
#4701 = ORIENTED_EDGE ( 'NONE', *, *, #8222, .F. ) ;
#4702 = DIRECTION ( 'NONE',  ( 0.000000000000000000, 0.000000000000000000, -1.000000000000000000 ) ) ;
#4703 = ADVANCED_FACE ( 'NONE', ( #6535 ), #492, .F. ) ;
#4704 = AXIS2_PLACEMENT_3D ( 'NONE', #7378, #3366, #1322 ) ;
#4705 = DIRECTION ( 'NONE',  ( -1.000000000000000000, 0.000000000000000000, 0.000000000000000000 ) ) ;
#4706 = ORIENTED_EDGE ( 'NONE', *, *, #12, .T. ) ;
#4707 = VERTEX_POINT ( 'NONE', #3815 ) ;
#4708 = ORIENTED_EDGE ( 'NONE', *, *, #2175, .F. ) ;
#4709 = VECTOR ( 'NONE', #1594, 1000.000000000000000 ) ;
#4710 = CARTESIAN_POINT ( 'NONE',  ( -60.99999999999989342, 16.49999999999999645, 2.000000000000000000 ) ) ;
#4711 = VERTEX_POINT ( 'NONE', #536 ) ;
#4712 = DIRECTION ( 'NONE',  ( 1.559302000878028960E-16, -1.000000000000000000, 0.000000000000000000 ) ) ;
#4713 = DIRECTION ( 'NONE',  ( 0.000000000000000000, 0.000000000000000000, -1.000000000000000000 ) ) ;
#4714 = PLANE ( 'NONE',  #4543 ) ;
#4715 = DIRECTION ( 'NONE',  ( -0.000000000000000000, -0.000000000000000000, 1.000000000000000000 ) ) ;
#4716 = PLANE ( 'NONE',  #1082 ) ;
#4717 = EDGE_LOOP ( 'NONE', ( #1966, #5736, #1920 ) ) ;
#4718 = DIRECTION ( 'NONE',  ( -0.000000000000000000, -0.000000000000000000, 1.000000000000000000 ) ) ;
#4719 = ORIENTED_EDGE ( 'NONE', *, *, #1226, .F. ) ;
#4720 = CARTESIAN_POINT ( 'NONE',  ( -16.49999999999997513, -25.92944271909999188, 6.074646778345456966 ) ) ;
#4721 = EDGE_CURVE ( 'NONE', #5741, #6336, #3939, .T. ) ;
#4722 = DIRECTION ( 'NONE',  ( -0.000000000000000000, -0.000000000000000000, -1.000000000000000000 ) ) ;
#4723 = ORIENTED_EDGE ( 'NONE', *, *, #2929, .T. ) ;
#4724 = LINE ( 'NONE', #4599, #8584 ) ;
#4725 = ORIENTED_EDGE ( 'NONE', *, *, #3668, .T. ) ;
#4726 = CARTESIAN_POINT ( 'NONE',  ( 13.77649072279191600, 3.502153497675971838, 4.369954511760779425 ) ) ;
#4727 = FACE_OUTER_BOUND ( 'NONE', #3973, .T. ) ;
#4728 = ORIENTED_EDGE ( 'NONE', *, *, #3531, .T. ) ;
#4729 = DIRECTION ( 'NONE',  ( -0.000000000000000000, -0.000000000000000000, 1.000000000000000000 ) ) ;
#4730 = FACE_BOUND ( 'NONE', #2892, .T. ) ;
#4731 = CYLINDRICAL_SURFACE ( 'NONE', #4977, 2.850000000000005418 ) ;
#4732 = CARTESIAN_POINT ( 'NONE',  ( 19.00000000000000355, -23.33999999999998209, 6.037257277840962111 ) ) ;
#4733 = EDGE_CURVE ( 'NONE', #3144, #838, #453, .T. ) ;
#4734 = EDGE_CURVE ( 'NONE', #5376, #7758, #4513, .T. ) ;
#4735 = ORIENTED_EDGE ( 'NONE', *, *, #3039, .F. ) ;
#4736 = LINE ( 'NONE', #5445, #5885 ) ;
#4737 = ORIENTED_EDGE ( 'NONE', *, *, #1979, .T. ) ;
#4738 = DIRECTION ( 'NONE',  ( 0.000000000000000000, 0.000000000000000000, 1.000000000000000000 ) ) ;
#4739 = VERTEX_POINT ( 'NONE', #1153 ) ;
#4740 = DIRECTION ( 'NONE',  ( 8.326672684688667742E-15, 1.000000000000000000, 0.000000000000000000 ) ) ;
#4741 = VECTOR ( 'NONE', #1491, 1000.000000000000000 ) ;
#4742 = EDGE_CURVE ( 'NONE', #4817, #975, #5192, .T. ) ;
#4743 = EDGE_CURVE ( 'NONE', #2117, #228, #3197, .T. ) ;
#4744 = ADVANCED_FACE ( 'NONE', ( #2547 ), #3899, .T. ) ;
#4745 = EDGE_CURVE ( 'NONE', #1102, #5728, #6132, .T. ) ;
#4746 = ORIENTED_EDGE ( 'NONE', *, *, #6739, .F. ) ;
#4747 = ORIENTED_EDGE ( 'NONE', *, *, #4526, .F. ) ;
#4748 = VECTOR ( 'NONE', #20, 1000.000000000000000 ) ;
#4749 = ORIENTED_EDGE ( 'NONE', *, *, #548, .T. ) ;
#4750 = CARTESIAN_POINT ( 'NONE',  ( 23.00000000000000000, 33.00000000000000711, -2.200000000000000178 ) ) ;
#4751 = ORIENTED_EDGE ( 'NONE', *, *, #4390, .F. ) ;
#4752 = LINE ( 'NONE', #6029, #2535 ) ;
#4753 = CARTESIAN_POINT ( 'NONE',  ( -5.062499999999976907, -15.83999999999999986, 7.400893641477320983 ) ) ;
#4754 = CIRCLE ( 'NONE', #7310, 0.6562500000000109912 ) ;
#4755 = AXIS2_PLACEMENT_3D ( 'NONE', #4969, #6326, #7705 ) ;
#4756 = LINE ( 'NONE', #8696, #8192 ) ;
#4757 = EDGE_CURVE ( 'NONE', #971, #3392, #5505, .T. ) ;
#4758 = CARTESIAN_POINT ( 'NONE',  ( -14.49999999999999467, 27.49999999999999645, 0.5000000000000000000 ) ) ;
#4759 = AXIS2_PLACEMENT_3D ( 'NONE', #6210, #5560, #8264 ) ;
#4760 = ORIENTED_EDGE ( 'NONE', *, *, #4983, .T. ) ;
#4761 = AXIS2_PLACEMENT_3D ( 'NONE', #1872, #7112, #1685 ) ;
#4762 = DIRECTION ( 'NONE',  ( 1.927470528863119739E-15, 1.000000000000000000, 0.000000000000000000 ) ) ;
#4763 = ORIENTED_EDGE ( 'NONE', *, *, #3469, .F. ) ;
#4764 = CARTESIAN_POINT ( 'NONE',  ( 12.68749999999997691, -15.34000000000000341, 4.500000000000000888 ) ) ;
#4765 = CARTESIAN_POINT ( 'NONE',  ( -13.98112743919909562, 3.159999999999996145, 4.500000000000000888 ) ) ;
#4766 = AXIS2_PLACEMENT_3D ( 'NONE', #3007, #3751, #6341 ) ;
#4767 = DIRECTION ( 'NONE',  ( 1.000000000000000000, -1.927470528863119739E-15, 0.000000000000000000 ) ) ;
#4768 = ORIENTED_EDGE ( 'NONE', *, *, #7123, .T. ) ;
#4769 = DIRECTION ( 'NONE',  ( -1.000000000000000000, 0.000000000000000000, 0.000000000000000000 ) ) ;
#4770 = ORIENTED_EDGE ( 'NONE', *, *, #7780, .T. ) ;
#4771 = CARTESIAN_POINT ( 'NONE',  ( 22.99999999999996803, -30.00000000000001421, -3.000000000000000000 ) ) ;
#4772 = ORIENTED_EDGE ( 'NONE', *, *, #2878, .F. ) ;
#4773 = VECTOR ( 'NONE', #602, 1000.000000000000000 ) ;
#4774 = CARTESIAN_POINT ( 'NONE',  ( -60.49999999999989342, 16.49999999999999645, 2.500000000000000000 ) ) ;
#4775 = DIRECTION ( 'NONE',  ( 1.000000000000000000, 0.000000000000000000, 0.000000000000000000 ) ) ;
#4776 = CARTESIAN_POINT ( 'NONE',  ( -16.89276987704234401, -26.34000000000000341, 5.582711823296071962 ) ) ;
#4777 = LINE ( 'NONE', #1469, #5773 ) ;
#4778 = CARTESIAN_POINT ( 'NONE',  ( -16.49999999999997513, -26.34000000000000341, 1.000000000000000000 ) ) ;
#4779 = CIRCLE ( 'NONE', #7609, 0.5000000000000004441 ) ;
#4780 = ORIENTED_EDGE ( 'NONE', *, *, #237, .T. ) ;
#4781 = DIRECTION ( 'NONE',  ( -1.000000000000000000, 0.000000000000000000, 0.000000000000000000 ) ) ;
#4782 = ORIENTED_EDGE ( 'NONE', *, *, #55, .F. ) ;
#4783 = DIRECTION ( 'NONE',  ( 1.000000000000000000, 0.000000000000000000, 0.000000000000000000 ) ) ;
#4784 = ORIENTED_EDGE ( 'NONE', *, *, #5502, .F. ) ;
#4785 = DIRECTION ( 'NONE',  ( 1.000000000000000000, 0.000000000000000000, 0.000000000000000000 ) ) ;
#4786 = AXIS2_PLACEMENT_3D ( 'NONE', #501, #3209, #6590 ) ;
#4787 = LINE ( 'NONE', #2610, #1772 ) ;
#4788 = EDGE_CURVE ( 'NONE', #3868, #6531, #6641, .T. ) ;
#4789 = DIRECTION ( 'NONE',  ( 1.000000000000000000, 0.000000000000000000, 0.000000000000000000 ) ) ;
#4790 = EDGE_LOOP ( 'NONE', ( #7739, #4184, #293, #1398 ) ) ;
#4791 = EDGE_LOOP ( 'NONE', ( #7272, #4312, #5226, #3725 ) ) ;
#4792 = VECTOR ( 'NONE', #3850, 1000.000000000000000 ) ;
#4793 = ORIENTED_EDGE ( 'NONE', *, *, #7768, .T. ) ;
#4794 = VERTEX_POINT ( 'NONE', #1805 ) ;
#4795 = CARTESIAN_POINT ( 'NONE',  ( -61.00000000000001421, 25.84597089274788217, -4.599999999999999645 ) ) ;
#4796 = EDGE_CURVE ( 'NONE', #6318, #867, #7189, .T. ) ;
#4797 = CARTESIAN_POINT ( 'NONE',  ( -22.99999999999999289, 32.99999999999999289, -2.299999999999999822 ) ) ;
#4798 = EDGE_CURVE ( 'NONE', #4258, #7978, #8563, .T. ) ;
#4799 = CARTESIAN_POINT ( 'NONE',  ( -4.838202549478261005, -29.69781864352349032, -0.1117121684103809659 ) ) ;
#4800 = EDGE_CURVE ( 'NONE', #4868, #5450, #1172, .T. ) ;
#4801 = DIRECTION ( 'NONE',  ( 0.000000000000000000, 1.000000000000000000, 0.000000000000000000 ) ) ;
#4802 = VECTOR ( 'NONE', #8585, 1000.000000000000000 ) ;
#4803 = LINE ( 'NONE', #6740, #7622 ) ;
#4804 = VECTOR ( 'NONE', #8234, 1000.000000000000000 ) ;
#4805 = CARTESIAN_POINT ( 'NONE',  ( 6.375000000000001776, -24.33999999999999986, 7.900893641477321871 ) ) ;
#4806 = ORIENTED_EDGE ( 'NONE', *, *, #5937, .F. ) ;
#4807 = FACE_OUTER_BOUND ( 'NONE', #5503, .T. ) ;
#4808 = ORIENTED_EDGE ( 'NONE', *, *, #8697, .F. ) ;
#4809 = DIRECTION ( 'NONE',  ( 0.000000000000000000, 0.000000000000000000, 1.000000000000000000 ) ) ;
#4810 = ADVANCED_FACE ( 'NONE', ( #5244 ), #6553, .F. ) ;
#4811 = CARTESIAN_POINT ( 'NONE',  ( -13.60219278941325172, 3.623345629987757111, 4.225949607708943567 ) ) ;
#4812 = EDGE_CURVE ( 'NONE', #2253, #8476, #2570, .T. ) ;
#4813 = VECTOR ( 'NONE', #3936, 1000.000000000000114 ) ;
#4814 = VECTOR ( 'NONE', #3240, 1000.000000000000000 ) ;
#4815 = MANIFOLD_SOLID_BREP ( '«–≥˝-¿≠…Ï14', #3489 ) ;
#4816 = DIRECTION ( 'NONE',  ( -0.000000000000000000, -1.000000000000000000, -0.000000000000000000 ) ) ;
#4817 = VERTEX_POINT ( 'NONE', #1434 ) ;
#4818 = DIRECTION ( 'NONE',  ( 1.000000000000000000, 0.000000000000000000, 0.000000000000000000 ) ) ;
#4819 = ORIENTED_EDGE ( 'NONE', *, *, #1457, .T. ) ;
#4820 = CARTESIAN_POINT ( 'NONE',  ( -2.562500000000003997, -24.33999999999999986, 7.900893641477321871 ) ) ;
#4821 = DIRECTION ( 'NONE',  ( 1.000000000000000000, 1.559302000878028960E-16, -0.000000000000000000 ) ) ;
#4822 = ORIENTED_EDGE ( 'NONE', *, *, #3187, .T. ) ;
#4823 = AXIS2_PLACEMENT_3D ( 'NONE', #3708, #6337, #6384 ) ;
#4824 = FACE_BOUND ( 'NONE', #245, .T. ) ;
#4825 = CARTESIAN_POINT ( 'NONE',  ( 8.874999999999992895, -26.83999999999999275, 5.909090909090911836 ) ) ;
#4826 = CARTESIAN_POINT ( 'NONE',  ( 12.68749999999997691, 3.003749999999987264, 1.000000000000000000 ) ) ;
#4827 = CARTESIAN_POINT ( 'NONE',  ( -17.99999999999999645, 24.00000000000000711, 0.4999999999999856781 ) ) ;
#4828 = ORIENTED_EDGE ( 'NONE', *, *, #3882, .F. ) ;
#4829 = CARTESIAN_POINT ( 'NONE',  ( -2.338980580904167272, 3.502162626495981534, 4.369946396850293624 ) ) ;
#4830 = VERTEX_POINT ( 'NONE', #6820 ) ;
#4831 = DIRECTION ( 'NONE',  ( 0.000000000000000000, 0.1788854381999801235, -0.9838699100999080960 ) ) ;
#4832 = CARTESIAN_POINT ( 'NONE',  ( -60.99999999999985079, 13.99999999999999822, 1.000000000000000000 ) ) ;
#4833 = ORIENTED_EDGE ( 'NONE', *, *, #1400, .T. ) ;
#4834 = CARTESIAN_POINT ( 'NONE',  ( 0.000000000000000000, -24.33999999999999986, 7.900893641477321871 ) ) ;
#4835 = SURFACE_STYLE_FILL_AREA ( #4615 ) ;
#4836 = CYLINDRICAL_SURFACE ( 'NONE', #8472, 0.5000000000000004441 ) ;
#4837 = ORIENTED_EDGE ( 'NONE', *, *, #8384, .T. ) ;
#4838 = EDGE_CURVE ( 'NONE', #5688, #6729, #2580, .T. ) ;
#4839 = ORIENTED_EDGE ( 'NONE', *, *, #4496, .T. ) ;
#4840 = PLANE ( 'NONE',  #7779 ) ;
#4841 = ORIENTED_EDGE ( 'NONE', *, *, #2183, .T. ) ;
#4842 = DIRECTION ( 'NONE',  ( 0.000000000000000000, -1.000000000000000000, 0.000000000000000000 ) ) ;
#4843 = ORIENTED_EDGE ( 'NONE', *, *, #8486, .F. ) ;
#4844 = CARTESIAN_POINT ( 'NONE',  ( -17.99999999999999645, 28.99999999999999289, 0.5000000000000000000 ) ) ;
#4845 = CARTESIAN_POINT ( 'NONE',  ( 0.000000000000000000, 0.000000000000000000, -0.5999999999999999778 ) ) ;
#4846 = CARTESIAN_POINT ( 'NONE',  ( -11.48193471520352382, 32.56957243571595484, -1.799999999999999600 ) ) ;
#4847 =( BOUNDED_CURVE ( )  B_SPLINE_CURVE ( 3, ( #980, #3691, #8414, #1695 ),
 .UNSPECIFIED., .F., .F. ) 
 B_SPLINE_CURVE_WITH_KNOTS ( ( 4, 4 ),
 ( 3.141592653589801110, 4.712388980384696779 ),
 .UNSPECIFIED. ) 
 CURVE ( )  GEOMETRIC_REPRESENTATION_ITEM ( )  RATIONAL_B_SPLINE_CURVE ( ( 1.000000000000000000, 0.8047378541243652705, 0.8047378541243652705, 1.000000000000000000 ) ) 
 REPRESENTATION_ITEM ( '' )  );
#4848 = CARTESIAN_POINT ( 'NONE',  ( 25.50000000000000355, 32.99999999999999289, -91.81441324469805920 ) ) ;
#4849 = VECTOR ( 'NONE', #614, 1000.000000000000000 ) ;
#4850 = EDGE_CURVE ( 'NONE', #2177, #6117, #4399, .T. ) ;
#4851 = EDGE_CURVE ( 'NONE', #1329, #2109, #8383, .T. ) ;
#4852 = CARTESIAN_POINT ( 'NONE',  ( -67.91000000000001080, 3.159999999999996145, 4.500000000000000000 ) ) ;
#4853 = ORIENTED_EDGE ( 'NONE', *, *, #6961, .F. ) ;
#4854 = DIRECTION ( 'NONE',  ( 1.000000000000000000, 0.000000000000000000, 0.000000000000000000 ) ) ;
#4855 = ORIENTED_EDGE ( 'NONE', *, *, #1356, .F. ) ;
#4856 = DIRECTION ( 'NONE',  ( -5.551115123125700661E-15, -1.000000000000000000, 0.000000000000000000 ) ) ;
#4857 = CARTESIAN_POINT ( 'NONE',  ( -16.49999999999985789, 12.75000000000002842, 2.500000000000000000 ) ) ;
#4858 = CARTESIAN_POINT ( 'NONE',  ( -6.375000000000019540, -15.83999999999999986, 7.400893641477320983 ) ) ;
#4859 = AXIS2_PLACEMENT_3D ( 'NONE', #4797, #1315, #8693 ) ;
#4860 = EDGE_CURVE ( 'NONE', #1533, #1734, #989, .T. ) ;
#4861 = CYLINDRICAL_SURFACE ( 'NONE', #8331, 0.4999999999999995559 ) ;
#4862 = DIRECTION ( 'NONE',  ( 0.000000000000000000, 0.000000000000000000, 1.000000000000000000 ) ) ;
#4863 = ADVANCED_FACE ( 'NONE', ( #6286 ), #8295, .F. ) ;
#4864 = ADVANCED_FACE ( 'NONE', ( #5721 ), #8422, .F. ) ;
#4865 = DIRECTION ( 'NONE',  ( 1.000000000000000000, 0.000000000000000000, 0.000000000000000000 ) ) ;
#4866 = ORIENTED_EDGE ( 'NONE', *, *, #6151, .T. ) ;
#4867 = CARTESIAN_POINT ( 'NONE',  ( -19.49999999999999645, -18.42944271909999188, 7.438283141981819391 ) ) ;
#4868 = VERTEX_POINT ( 'NONE', #3079 ) ;
#4869 = DIRECTION ( 'NONE',  ( 6.938893903907222067E-15, 1.000000000000000000, 0.000000000000000000 ) ) ;
#4870 = CARTESIAN_POINT ( 'NONE',  ( 2.081899558550499491E-15, 19.00000000000000000, 1.000000000000000000 ) ) ;
#4871 = VERTEX_POINT ( 'NONE', #3742 ) ;
#4872 = DIRECTION ( 'NONE',  ( 1.000000000000000000, 0.000000000000000000, 0.000000000000000000 ) ) ;
#4873 = CARTESIAN_POINT ( 'NONE',  ( 25.32921656848663616, -29.19511388567676846, 1.355252715606880543E-17 ) ) ;
#4874 = CARTESIAN_POINT ( 'NONE',  ( -16.99999999999985789, 14.00000000000003020, 2.000000000000000000 ) ) ;
#4875 = B_SPLINE_CURVE_WITH_KNOTS ( 'NONE', 3,
 ( #891, #2936, #8327, #1601, #1921, #7293, #3156, #1059 ),
 .UNSPECIFIED., .F., .F.,
 ( 4, 2, 2, 4 ),
 ( -5.123487958505037352E-06, 0.0005103980730239826005, 0.0007681588535152266079, 0.001025919634006470724 ),
 .UNSPECIFIED. ) ;
#4876 = CIRCLE ( 'NONE', #631, 3.500000000000003109 ) ;
#4877 = FACE_OUTER_BOUND ( 'NONE', #2344, .T. ) ;
#4878 = LINE ( 'NONE', #6715, #4950 ) ;
#4879 = CARTESIAN_POINT ( 'NONE',  ( 19.43360100257656953, -30.31024077553544416, -1.699999999999999956 ) ) ;
#4880 = ORIENTED_EDGE ( 'NONE', *, *, #764, .T. ) ;
#4881 = DIRECTION ( 'NONE',  ( -0.000000000000000000, -0.000000000000000000, 1.000000000000000000 ) ) ;
#4882 = EDGE_LOOP ( 'NONE', ( #8213, #1440, #3444, #4927, #4213 ) ) ;
#4883 = LINE ( 'NONE', #117, #1880 ) ;
#4884 = DIRECTION ( 'NONE',  ( 0.000000000000000000, 0.000000000000000000, -1.000000000000000000 ) ) ;
#4885 = ORIENTED_EDGE ( 'NONE', *, *, #6425, .F. ) ;
#4886 = VERTEX_POINT ( 'NONE', #2384 ) ;
#4887 = ORIENTED_EDGE ( 'NONE', *, *, #4968, .T. ) ;
#4888 = ORIENTED_EDGE ( 'NONE', *, *, #7337, .F. ) ;
#4889 = ORIENTED_EDGE ( 'NONE', *, *, #1065, .T. ) ;
#4890 = FACE_OUTER_BOUND ( 'NONE', #3191, .T. ) ;
#4891 = VERTEX_POINT ( 'NONE', #8340 ) ;
#4892 = DIRECTION ( 'NONE',  ( -1.000000000000000000, 0.000000000000000000, 0.000000000000000000 ) ) ;
#4893 = LINE ( 'NONE', #7054, #219 ) ;
#4894 = EDGE_CURVE ( 'NONE', #253, #5241, #2998, .T. ) ;
#4895 = EDGE_CURVE ( 'NONE', #2732, #5103, #6420, .T. ) ;
#4896 = CARTESIAN_POINT ( 'NONE',  ( 24.00000000000001066, 30.00000000000000711, 0.000000000000000000 ) ) ;
#4897 = VECTOR ( 'NONE', #6109, 1000.000000000000000 ) ;
#4898 = DIRECTION ( 'NONE',  ( 0.000000000000000000, 0.000000000000000000, -1.000000000000000000 ) ) ;
#4899 = ORIENTED_EDGE ( 'NONE', *, *, #8166, .F. ) ;
#4900 = CARTESIAN_POINT ( 'NONE',  ( 0.6600000000000019185, 20.78345596729058542, -0.5999999999999999778 ) ) ;
#4901 = ORIENTED_EDGE ( 'NONE', *, *, #11, .T. ) ;
#4902 = CARTESIAN_POINT ( 'NONE',  ( -25.99999999999999289, -32.99999999999999289, 1.000000000000000000 ) ) ;
#4903 = CARTESIAN_POINT ( 'NONE',  ( -16.49999999999997513, -25.84000000000000341, 5.582711823295503528 ) ) ;
#4904 = AXIS2_PLACEMENT_3D ( 'NONE', #7181, #8601, #4530 ) ;
#4905 = ADVANCED_FACE ( 'NONE', ( #2951 ), #4976, .T. ) ;
#4906 = ADVANCED_FACE ( 'NONE', ( #301 ), #1612, .F. ) ;
#4907 = DIRECTION ( 'NONE',  ( 1.000000000000000000, -0.000000000000000000, -0.000000000000000000 ) ) ;
#4908 = VECTOR ( 'NONE', #7073, 1000.000000000000000 ) ;
#4909 = AXIS2_PLACEMENT_3D ( 'NONE', #5622, #1460, #6358 ) ;
#4910 = ORIENTED_EDGE ( 'NONE', *, *, #3304, .T. ) ;
#4911 = CARTESIAN_POINT ( 'NONE',  ( -16.49999999999981881, 10.25000000000003730, 2.500000000000000000 ) ) ;
#4912 = ORIENTED_EDGE ( 'NONE', *, *, #2708, .F. ) ;
#4913 = ADVANCED_FACE ( 'NONE', ( #6379 ), #8513, .F. ) ;
#4914 = CARTESIAN_POINT ( 'NONE',  ( -14.00000000000001599, -15.34000000000000341, 4.500000000000000888 ) ) ;
#4915 = ORIENTED_EDGE ( 'NONE', *, *, #3882, .T. ) ;
#4916 = DIRECTION ( 'NONE',  ( 0.7071067811865486830, 3.859075565585127908E-16, -0.7071067811865464625 ) ) ;
#4917 = ADVANCED_FACE ( 'NONE', ( #8672 ), #1793, .T. ) ;
#4918 = CIRCLE ( 'NONE', #3794, 0.5000000000000004441 ) ;
#4919 = EDGE_CURVE ( 'NONE', #4276, #1348, #5149, .T. ) ;
#4920 = EDGE_CURVE ( 'NONE', #2236, #6688, #4604, .T. ) ;
#4921 = CARTESIAN_POINT ( 'NONE',  ( 18.68446597413322152, -17.17039527601372839, 7.667200858906595862 ) ) ;
#4922 = FACE_OUTER_BOUND ( 'NONE', #1098, .T. ) ;
#4923 = PLANE ( 'NONE',  #133 ) ;
#4924 = ORIENTED_EDGE ( 'NONE', *, *, #6747, .F. ) ;
#4925 = CARTESIAN_POINT ( 'NONE',  ( -60.49999999999985789, 13.99999999999999822, 2.500000000000000000 ) ) ;
#4926 = VECTOR ( 'NONE', #6094, 1000.000000000000000 ) ;
#4927 = ORIENTED_EDGE ( 'NONE', *, *, #483, .F. ) ;
#4928 = CARTESIAN_POINT ( 'NONE',  ( 6.375000000000019540, -15.83999999999999986, 7.400893641477320983 ) ) ;
#4929 = DIRECTION ( 'NONE',  ( 0.000000000000000000, 0.000000000000000000, -1.000000000000000000 ) ) ;
#4930 = ORIENTED_EDGE ( 'NONE', *, *, #8652, .F. ) ;
#4932 = EDGE_CURVE ( 'NONE', #167, #1849, #3701, .T. ) ;
#4931 = DIRECTION ( 'NONE',  ( -0.000000000000000000, -0.000000000000000000, 1.000000000000000000 ) ) ;
#4933 = DIRECTION ( 'NONE',  ( 0.000000000000000000, 0.000000000000000000, -1.000000000000000000 ) ) ;
#4934 = VECTOR ( 'NONE', #8628, 1000.000000000000000 ) ;
#4935 = ORIENTED_EDGE ( 'NONE', *, *, #5722, .F. ) ;
#4936 = ORIENTED_EDGE ( 'NONE', *, *, #3948, .T. ) ;
#4937 = ORIENTED_EDGE ( 'NONE', *, *, #4580, .F. ) ;
#4938 = ORIENTED_EDGE ( 'NONE', *, *, #7501, .T. ) ;
#4939 = DIRECTION ( 'NONE',  ( 0.000000000000000000, 0.000000000000000000, -1.000000000000000000 ) ) ;
#4940 = AXIS2_PLACEMENT_3D ( 'NONE', #5550, #4090, #2160 ) ;
#4941 = DIRECTION ( 'NONE',  ( -1.927470528863119344E-15, 1.000000000000000000, -0.000000000000000000 ) ) ;
#4942 = LINE ( 'NONE', #7632, #1620 ) ;
#4943 = CARTESIAN_POINT ( 'NONE',  ( -17.99999999999999645, 28.99999999999999289, 0.4999999999999856781 ) ) ;
#4944 = CARTESIAN_POINT ( 'NONE',  ( 11.50000000000000533, 6.499999999999999112, 0.9999999999999970024 ) ) ;
#4945 = VECTOR ( 'NONE', #6674, 1000.000000000000000 ) ;
#4946 = CARTESIAN_POINT ( 'NONE',  ( -2.562500000000015987, -15.83999999999999986, 7.900893641477321871 ) ) ;
#4947 = ORIENTED_EDGE ( 'NONE', *, *, #3482, .F. ) ;
#4948 = CARTESIAN_POINT ( 'NONE',  ( -26.00000000000000000, -32.99999999999999289, -0.3333333333333329263 ) ) ;
#4949 = VERTEX_POINT ( 'NONE', #8638 ) ;
#4950 = VECTOR ( 'NONE', #2148, 1000.000000000000000 ) ;
#4951 = DIRECTION ( 'NONE',  ( -0.000000000000000000, 0.000000000000000000, 1.000000000000000000 ) ) ;
#4952 = CARTESIAN_POINT ( 'NONE',  ( -16.49999999999997513, -15.34000000000000163, 7.400893641477320983 ) ) ;
#4953 = LINE ( 'NONE', #7734, #976 ) ;
#4954 = AXIS2_PLACEMENT_3D ( 'NONE', #5637, #2296, #2599 ) ;
#4955 = ORIENTED_EDGE ( 'NONE', *, *, #581, .F. ) ;
#4956 = CARTESIAN_POINT ( 'NONE',  ( -14.49999999999999467, 27.49999999999999645, -1.800000000000000488 ) ) ;
#4957 = ORIENTED_EDGE ( 'NONE', *, *, #4042, .T. ) ;
#4958 = EDGE_CURVE ( 'NONE', #188, #1794, #7064, .T. ) ;
#4959 = CARTESIAN_POINT ( 'NONE',  ( 19.50000000000000355, -23.33999999999998209, 8.000000000000000000 ) ) ;
#4960 = ORIENTED_EDGE ( 'NONE', *, *, #5173, .F. ) ;
#4961 = DIRECTION ( 'NONE',  ( 3.469446951953614189E-16, 1.000000000000000000, -0.000000000000000000 ) ) ;
#4962 = AXIS2_PLACEMENT_3D ( 'NONE', #8262, #6826, #5508 ) ;
#4963 = VECTOR ( 'NONE', #1306, 1000.000000000000000 ) ;
#4964 = CARTESIAN_POINT ( 'NONE',  ( 5.062499999999996447, -24.33999999999999986, 6.363636363636365090 ) ) ;
#4965 = CARTESIAN_POINT ( 'NONE',  ( 18.89900051991038055, -16.49635983279109652, 7.225687606205925206 ) ) ;
#4966 = LINE ( 'NONE', #4389, #1990 ) ;
#4967 = DIRECTION ( 'NONE',  ( -1.000000000000000000, 0.000000000000000000, 0.000000000000000000 ) ) ;
#4968 = EDGE_CURVE ( 'NONE', #7896, #7831, #1115, .T. ) ;
#4969 = CARTESIAN_POINT ( 'NONE',  ( -22.99999999999999289, -32.99999999999999289, -10.35391052434009040 ) ) ;
#4970 =( GEOMETRIC_REPRESENTATION_CONTEXT ( 3 ) GLOBAL_UNCERTAINTY_ASSIGNED_CONTEXT ( ( #5845 ) ) GLOBAL_UNIT_ASSIGNED_CONTEXT ( ( #2905, #1068, #7707 ) ) REPRESENTATION_CONTEXT ( 'NONE', 'WORKASPACE' ) );
#4971 = ADVANCED_FACE ( 'NONE', ( #3825 ), #7135, .T. ) ;
#4972 = VERTEX_POINT ( 'NONE', #5191 ) ;
#4973 = EDGE_CURVE ( 'NONE', #5598, #3642, #1251, .T. ) ;
#4974 = CARTESIAN_POINT ( 'NONE',  ( -10.14796343554636060, 3.244292926283402601, 4.499999999999999112 ) ) ;
#4975 = ORIENTED_EDGE ( 'NONE', *, *, #2556, .T. ) ;
#4976 = CYLINDRICAL_SURFACE ( 'NONE', #6774, 0.5000000000000004441 ) ;
#4977 = AXIS2_PLACEMENT_3D ( 'NONE', #7429, #1377, #7470 ) ;
#4978 = FACE_OUTER_BOUND ( 'NONE', #1278, .T. ) ;
#4979 = VECTOR ( 'NONE', #7409, 1000.000000000000000 ) ;
#4980 = ORIENTED_EDGE ( 'NONE', *, *, #231, .T. ) ;
#4981 = ADVANCED_FACE ( 'NONE', ( #586 ), #1838, .F. ) ;
#4982 = ORIENTED_EDGE ( 'NONE', *, *, #6424, .F. ) ;
#4983 = EDGE_CURVE ( 'NONE', #5013, #8011, #7225, .T. ) ;
#4984 = ORIENTED_EDGE ( 'NONE', *, *, #5347, .F. ) ;
#4985 = CARTESIAN_POINT ( 'NONE',  ( 2.081899558550499491E-15, 19.00000000000000000, 0.5000000000000000000 ) ) ;
#4986 = ORIENTED_EDGE ( 'NONE', *, *, #8328, .T. ) ;
#4987 = CARTESIAN_POINT ( 'NONE',  ( 19.99999999999999645, -34.00000000000000711, -5.837274330926434551 ) ) ;
#4988 = CARTESIAN_POINT ( 'NONE',  ( -17.99999999999999645, 28.99999999999999289, 0.5000000000000000000 ) ) ;
#4989 = CARTESIAN_POINT ( 'NONE',  ( -16.49999999999985789, 14.00000000000003020, 2.000000000000000000 ) ) ;
#4990 = CARTESIAN_POINT ( 'NONE',  ( 12.68749999999997868, -15.34000000000002473, 7.999999999999996447 ) ) ;
#4991 = DIRECTION ( 'NONE',  ( -1.000000000000000000, 0.000000000000000000, 0.000000000000000000 ) ) ;
#4992 = DIRECTION ( 'NONE',  ( -1.000000000000000000, 0.000000000000000000, 0.000000000000000000 ) ) ;
#4993 = PRODUCT_DEFINITION_SHAPE ( 'NONE', 'NONE',  #4417 ) ;
#4994 = CARTESIAN_POINT ( 'NONE',  ( -18.99999999999999645, -23.34000000000000341, 6.037257277840957670 ) ) ;
#4995 = EDGE_LOOP ( 'NONE', ( #7936, #5383, #3539, #4936 ) ) ;
#4996 = DIRECTION ( 'NONE',  ( -1.000000000000000000, 0.000000000000000000, 0.000000000000000000 ) ) ;
#4997 = ORIENTED_EDGE ( 'NONE', *, *, #7893, .F. ) ;
#4998 = PLANE ( 'NONE',  #6402 ) ;
#4999 = CARTESIAN_POINT ( 'NONE',  ( 26.00000000000001066, -15.83999999999999986, 7.400893641477320983 ) ) ;
#5000 = AXIS2_PLACEMENT_3D ( 'NONE', #8273, #8402, #2363 ) ;
#5001 = CARTESIAN_POINT ( 'NONE',  ( 8.874999999999978684, -15.34000000000000341, 4.500000000000001776 ) ) ;
#5002 = ORIENTED_EDGE ( 'NONE', *, *, #5518, .F. ) ;
#5003 = DIRECTION ( 'NONE',  ( 0.000000000000000000, 0.000000000000000000, -1.000000000000000000 ) ) ;
#5004 = VERTEX_POINT ( 'NONE', #5106 ) ;
#5005 = VECTOR ( 'NONE', #6882, 1000.000000000000000 ) ;
#5006 = DIRECTION ( 'NONE',  ( 0.7071067811865486830, 4.961668584323736445E-16, -0.7071067811865464625 ) ) ;
#5007 = ORIENTED_EDGE ( 'NONE', *, *, #1614, .T. ) ;
#5008 = CARTESIAN_POINT ( 'NONE',  ( -16.50000000000001421, 29.00000000000000000, 2.500000000000000000 ) ) ;
#5009 = LINE ( 'NONE', #1643, #7640 ) ;
#5010 = CARTESIAN_POINT ( 'NONE',  ( 18.99999999999480949, -18.10213448809410153, 7.497793729437435495 ) ) ;
#5011 = VECTOR ( 'NONE', #6162, 1000.000000000000114 ) ;
#5012 = CARTESIAN_POINT ( 'NONE',  ( 26.00000000000000711, -32.99999999999999289, 1.000000000000000000 ) ) ;
#5013 = VERTEX_POINT ( 'NONE', #7803 ) ;
#5014 = LINE ( 'NONE', #3648, #3916 ) ;
#5015 = EDGE_LOOP ( 'NONE', ( #3682, #3442, #4421, #8293 ) ) ;
#5016 = DIRECTION ( 'NONE',  ( 0.000000000000000000, 0.000000000000000000, 1.000000000000000000 ) ) ;
#5017 = ORIENTED_EDGE ( 'NONE', *, *, #4788, .T. ) ;
#5018 = AXIS2_PLACEMENT_3D ( 'NONE', #4577, #7899, #349 ) ;
#5019 = DIRECTION ( 'NONE',  ( -1.000000000000000000, -3.898255002195072399E-16, 0.000000000000000000 ) ) ;
#5020 = EDGE_CURVE ( 'NONE', #4224, #7306, #2638, .T. ) ;
#5021 = ORIENTED_EDGE ( 'NONE', *, *, #3096, .T. ) ;
#5022 = VERTEX_POINT ( 'NONE', #8059 ) ;
#5023 = ORIENTED_EDGE ( 'NONE', *, *, #3306, .T. ) ;
#5024 = FACE_OUTER_BOUND ( 'NONE', #2390, .T. ) ;
#5025 = ORIENTED_EDGE ( 'NONE', *, *, #6019, .F. ) ;
#5026 = DIRECTION ( 'NONE',  ( -1.000000000000000000, 0.000000000000000000, 0.000000000000000000 ) ) ;
#5027 = ADVANCED_FACE ( 'NONE', ( #4651 ), #3331, .F. ) ;
#5028 = CARTESIAN_POINT ( 'NONE',  ( -64.26000000000000512, 18.69999999999999929, -4.599999999999999645 ) ) ;
#5029 = FACE_OUTER_BOUND ( 'NONE', #4135, .T. ) ;
#5030 = EDGE_CURVE ( 'NONE', #7353, #5598, #4233, .T. ) ;
#5031 = EDGE_CURVE ( 'NONE', #4154, #4226, #804, .T. ) ;
#5032 = FACE_OUTER_BOUND ( 'NONE', #8532, .T. ) ;
#5033 = CARTESIAN_POINT ( 'NONE',  ( 10.70000000000001172, 6.499999999999999112, 0.9999999999999970024 ) ) ;
#5034 = CARTESIAN_POINT ( 'NONE',  ( -20.00000000000000355, 33.00000000000000000, -3.000000000000000000 ) ) ;
#5035 = FACE_OUTER_BOUND ( 'NONE', #5443, .T. ) ;
#5036 = ORIENTED_EDGE ( 'NONE', *, *, #2229, .F. ) ;
#5037 = DIRECTION ( 'NONE',  ( -0.000000000000000000, -0.000000000000000000, 1.000000000000000000 ) ) ;
#5038 = FACE_OUTER_BOUND ( 'NONE', #3076, .T. ) ;
#5039 = AXIS2_PLACEMENT_3D ( 'NONE', #4631, #4016, #6697 ) ;
#5040 = EDGE_CURVE ( 'NONE', #4871, #3612, #3991, .T. ) ;
#5041 = DIRECTION ( 'NONE',  ( 1.000000000000000000, -0.000000000000000000, -0.000000000000000000 ) ) ;
#5042 = VERTEX_POINT ( 'NONE', #1296 ) ;
#5043 = CARTESIAN_POINT ( 'NONE',  ( -19.42191802610746620, -17.55475633751282061, 7.065324499429963545 ) ) ;
#5044 = VECTOR ( 'NONE', #4929, 1000.000000000000000 ) ;
#5045 = EDGE_LOOP ( 'NONE', ( #6246, #3475 ) ) ;
#5046 = AXIS2_PLACEMENT_3D ( 'NONE', #7171, #3161, #1030 ) ;
#5047 = CYLINDRICAL_SURFACE ( 'NONE', #1514, 0.6562500000000109912 ) ;
#5048 = ORIENTED_EDGE ( 'NONE', *, *, #4218, .F. ) ;
#5049 = DIRECTION ( 'NONE',  ( -1.000000000000000000, 0.000000000000000000, 0.000000000000000000 ) ) ;
#5050 = DIRECTION ( 'NONE',  ( 1.000000000000000000, 0.000000000000000000, 0.000000000000000000 ) ) ;
#5051 = CARTESIAN_POINT ( 'NONE',  ( 1.249999999999979128, -15.34000000000000341, 7.900893641477321871 ) ) ;
#5052 = AXIS2_PLACEMENT_3D ( 'NONE', #1493, #1630, #7688 ) ;
#5053 = VECTOR ( 'NONE', #6047, 1000.000000000000000 ) ;
#5054 = ORIENTED_EDGE ( 'NONE', *, *, #3993, .T. ) ;
#5055 = CARTESIAN_POINT ( 'NONE',  ( -16.49999999999997513, -15.34000000000000163, 8.000000000000000000 ) ) ;
#5056 = ORIENTED_EDGE ( 'NONE', *, *, #2556, .F. ) ;
#5057 = CARTESIAN_POINT ( 'NONE',  ( 5.081372560800887506, 3.159999999999996145, 4.500000000000000888 ) ) ;
#5058 = ORIENTED_EDGE ( 'NONE', *, *, #6571, .T. ) ;
#5059 = CIRCLE ( 'NONE', #123, 1.249999999999996003 ) ;
#5060 = CARTESIAN_POINT ( 'NONE',  ( -13.70000000000000462, 27.49999999999999645, 1.000000000000000000 ) ) ;
#5061 = AXIS2_PLACEMENT_3D ( 'NONE', #6946, #2855, #8201 ) ;
#5062 = ORIENTED_EDGE ( 'NONE', *, *, #4539, .F. ) ;
#5063 = ORIENTED_EDGE ( 'NONE', *, *, #1227, .T. ) ;
#5064 = ORIENTED_EDGE ( 'NONE', *, *, #1564, .F. ) ;
#5065 = DIRECTION ( 'NONE',  ( 0.9999999999985359489, -1.711123809484819939E-06, 0.000000000000000000 ) ) ;
#5066 = ORIENTED_EDGE ( 'NONE', *, *, #8356, .F. ) ;
#5067 = DIRECTION ( 'NONE',  ( -0.000000000000000000, 0.000000000000000000, 1.000000000000000000 ) ) ;
#5068 = ADVANCED_FACE ( 'NONE', ( #6103 ), #6009, .F. ) ;
#5069 = LINE ( 'NONE', #4492, #1097 ) ;
#5070 = VECTOR ( 'NONE', #393, 1000.000000000000000 ) ;
#5071 = CARTESIAN_POINT ( 'NONE',  ( -16.49999999999985789, 12.75000000000002842, 2.000000000000000000 ) ) ;
#5072 = PLANE ( 'NONE',  #7039 ) ;
#5073 = CARTESIAN_POINT ( 'NONE',  ( -25.59999999999999076, -32.99999999999999289, -0.3333333333333330373 ) ) ;
#5074 = AXIS2_PLACEMENT_3D ( 'NONE', #264, #5650, #4991 ) ;
#5075 = CARTESIAN_POINT ( 'NONE',  ( -5.062499999999978684, -15.34000000000000341, 7.900893641477321871 ) ) ;
#5076 = CARTESIAN_POINT ( 'NONE',  ( -16.49999999999993605, 20.25000000000001421, 0.5000000000000000000 ) ) ;
#5077 = ADVANCED_FACE ( 'NONE', ( #6809 ), #761, .T. ) ;
#5078 = ORIENTED_EDGE ( 'NONE', *, *, #231, .F. ) ;
#5079 = DIRECTION ( 'NONE',  ( -1.000000000000000000, 0.000000000000000000, 0.000000000000000000 ) ) ;
#5080 =( NAMED_UNIT ( * ) PLANE_ANGLE_UNIT ( ) SI_UNIT ( $, .RADIAN. ) );
#5081 = LINE ( 'NONE', #1726, #1410 ) ;
#5082 = EDGE_CURVE ( 'NONE', #4024, #8345, #4165, .T. ) ;
#5083 = ORIENTED_EDGE ( 'NONE', *, *, #4053, .T. ) ;
#5084 = CARTESIAN_POINT ( 'NONE',  ( -14.00000000000001243, -15.92944271909999010, 7.892828596527274421 ) ) ;
#5085 = AXIS2_PLACEMENT_3D ( 'NONE', #6661, #5793, #7962 ) ;
#5086 = EDGE_CURVE ( 'NONE', #2165, #6457, #6850, .T. ) ;
#5087 = VERTEX_POINT ( 'NONE', #2760 ) ;
#5088 = ADVANCED_FACE ( 'NONE', ( #6671, #4730 ), #3470, .F. ) ;
#5089 = CARTESIAN_POINT ( 'NONE',  ( -18.50000000000000000, -35.50000000000000000, -3.000000000000002665 ) ) ;
#5090 = VERTEX_POINT ( 'NONE', #5311 ) ;
#5091 = DIRECTION ( 'NONE',  ( -0.7071079911327607936, -0.7071055712382638969, 0.000000000000000000 ) ) ;
#5092 = CARTESIAN_POINT ( 'NONE',  ( -16.49999999999989697, 16.50000000000002132, 2.500000000000000000 ) ) ;
#5093 = DIRECTION ( 'NONE',  ( -1.000000000000000000, 0.000000000000000000, 0.000000000000000000 ) ) ;
#5094 = CIRCLE ( 'NONE', #1275, 2.999999999999992450 ) ;
#5095 = LINE ( 'NONE', #7793, #993 ) ;
#5096 = CARTESIAN_POINT ( 'NONE',  ( 12.68749999999997868, -15.83999999999999986, 7.400893641477320983 ) ) ;
#5097 = ORIENTED_EDGE ( 'NONE', *, *, #8627, .T. ) ;
#5098 = DIRECTION ( 'NONE',  ( -0.7071067811865486830, -4.961668584323736445E-16, 0.7071067811865464625 ) ) ;
#5099 = VERTEX_POINT ( 'NONE', #2676 ) ;
#5100 = DIRECTION ( 'NONE',  ( -1.000000000000000000, 0.000000000000000000, 0.000000000000000000 ) ) ;
#5101 = CARTESIAN_POINT ( 'NONE',  ( 18.30654557499348556, -25.76577758136460261, 6.104404076115606870 ) ) ;
#5102 = CIRCLE ( 'NONE', #1143, 1.250000000000001110 ) ;
#5103 = VERTEX_POINT ( 'NONE', #2016 ) ;
#5104 = EDGE_LOOP ( 'NONE', ( #7592, #6106, #7342, #7559 ) ) ;
#5105 = AXIS2_PLACEMENT_3D ( 'NONE', #7000, #3130, #257 ) ;
#5106 = CARTESIAN_POINT ( 'NONE',  ( -6.375000000000005329, 3.003749999999987264, 4.500000000000000888 ) ) ;
#5107 = VECTOR ( 'NONE', #1541, 1000.000000000000000 ) ;
#5108 = VECTOR ( 'NONE', #3775, 1000.000000000000000 ) ;
#5109 = VERTEX_POINT ( 'NONE', #7469 ) ;
#5110 = ORIENTED_EDGE ( 'NONE', *, *, #5629, .F. ) ;
#5111 = CARTESIAN_POINT ( 'NONE',  ( -67.91000000000001080, 3.159999999999996145, 4.500000000000000000 ) ) ;
#5112 = EDGE_LOOP ( 'NONE', ( #139, #3189, #5036, #7848 ) ) ;
#5113 = DIRECTION ( 'NONE',  ( -0.000000000000000000, -0.000000000000000000, 1.000000000000000000 ) ) ;
#5114 = CARTESIAN_POINT ( 'NONE',  ( 25.50000000000000355, 28.50000000000000355, -91.81441324469805920 ) ) ;
#5115 = AXIS2_PLACEMENT_3D ( 'NONE', #3897, #3025, #7211 ) ;
#5116 = VECTOR ( 'NONE', #6455, 1000.000000000000114 ) ;
#5117 = CARTESIAN_POINT ( 'NONE',  ( -12.70637256080087951, 3.159999999999996145, 4.500000000000000888 ) ) ;
#5118 = CARTESIAN_POINT ( 'NONE',  ( -21.75000000000000000, 33.00000000000000000, 0.000000000000000000 ) ) ;
#5119 = LINE ( 'NONE', #1759, #5217 ) ;
#5120 = PLANE ( 'NONE',  #7898 ) ;
#5121 = CARTESIAN_POINT ( 'NONE',  ( -60.99999999999985079, 13.99999999999999822, 2.000000000000000000 ) ) ;
#5122 = CARTESIAN_POINT ( 'NONE',  ( 16.92345596729059309, 4.519999999999997797, -0.5999999999999999778 ) ) ;
#5123 = ORIENTED_EDGE ( 'NONE', *, *, #5031, .F. ) ;
#5124 = CYLINDRICAL_SURFACE ( 'NONE', #4494, 2.999999999999999112 ) ;
#5125 = PLANE ( 'NONE',  #5416 ) ;
#5126 = FACE_OUTER_BOUND ( 'NONE', #7677, .T. ) ;
#5127 = ADVANCED_FACE ( 'NONE', ( #5357 ), #4031, .T. ) ;
#5128 = EDGE_LOOP ( 'NONE', ( #316, #4094, #4760, #4091, #719, #7116, #2543, #2163 ) ) ;
#5129 = CARTESIAN_POINT ( 'NONE',  ( -60.99999999999993605, 20.24999999999999645, 1.000000000000000000 ) ) ;
#5130 = ORIENTED_EDGE ( 'NONE', *, *, #7794, .T. ) ;
#5131 = CYLINDRICAL_SURFACE ( 'NONE', #5469, 0.5000000000000004441 ) ;
#5132 = ORIENTED_EDGE ( 'NONE', *, *, #3228, .T. ) ;
#5133 = CARTESIAN_POINT ( 'NONE',  ( 16.49999999999998224, -26.34000000000000341, 5.582711823295503528 ) ) ;
#5134 = CIRCLE ( 'NONE', #4704, 1.250000000000001110 ) ;
#5135 = EDGE_CURVE ( 'NONE', #8050, #3925, #5094, .T. ) ;
#5136 = ADVANCED_FACE ( 'NONE', ( #1375 ), #6760, .T. ) ;
#5137 = CARTESIAN_POINT ( 'NONE',  ( -60.49999999999989342, 0.000000000000000000, 2.500000000000000000 ) ) ;
#5138 = ADVANCED_FACE ( 'NONE', ( #8329 ), #4253, .T. ) ;
#5139 = DIRECTION ( 'NONE',  ( -1.000000000000000000, 0.000000000000000000, -0.000000000000000000 ) ) ;
#5140 = EDGE_CURVE ( 'NONE', #253, #4313, #4531, .T. ) ;
#5141 = DIRECTION ( 'NONE',  ( -1.000000000000000000, 1.927470528863119739E-15, -0.000000000000000000 ) ) ;
#5142 =( GEOMETRIC_REPRESENTATION_CONTEXT ( 3 ) GLOBAL_UNCERTAINTY_ASSIGNED_CONTEXT ( ( #990 ) ) GLOBAL_UNIT_ASSIGNED_CONTEXT ( ( #2407, #5080, #1724 ) ) REPRESENTATION_CONTEXT ( 'NONE', 'WORKASPACE' ) );
#5143 = ORIENTED_EDGE ( 'NONE', *, *, #4007, .F. ) ;
#5144 = FACE_BOUND ( 'NONE', #5662, .T. ) ;
#5145 = ORIENTED_EDGE ( 'NONE', *, *, #2928, .F. ) ;
#5146 = CARTESIAN_POINT ( 'NONE',  ( -4.838190571568130594, -22.69779324348373706, -1.600000000000000089 ) ) ;
#5147 = CARTESIAN_POINT ( 'NONE',  ( -25.59999999999999076, -32.99999999999999289, -0.3333333333333330373 ) ) ;
#5148 = EDGE_LOOP ( 'NONE', ( #6426, #3255, #4245, #8263 ) ) ;
#5149 = LINE ( 'NONE', #7264, #6356 ) ;
#5150 = UNCERTAINTY_MEASURE_WITH_UNIT (LENGTH_MEASURE( 1.000000000000000082E-05 ), #7401, 'distance_accuracy_value', 'NONE');
#5151 = ADVANCED_FACE ( 'NONE', ( #2288 ), #3731, .F. ) ;
#5152 = ORIENTED_EDGE ( 'NONE', *, *, #625, .F. ) ;
#5153 = ORIENTED_EDGE ( 'NONE', *, *, #4098, .T. ) ;
#5154 = LINE ( 'NONE', #7852, #5804 ) ;
#5155 = ORIENTED_EDGE ( 'NONE', *, *, #115, .F. ) ;
#5156 = LINE ( 'NONE', #4449, #2002 ) ;
#5157 = DIRECTION ( 'NONE',  ( 0.000000000000000000, 0.000000000000000000, -1.000000000000000000 ) ) ;
#5158 = DIRECTION ( 'NONE',  ( -1.000000000000000000, 0.000000000000000000, 0.000000000000000000 ) ) ;
#5159 = DIRECTION ( 'NONE',  ( 0.000000000000000000, -1.000000000000000000, 0.000000000000000000 ) ) ;
#5160 = VECTOR ( 'NONE', #4537, 1000.000000000000000 ) ;
#5161 = CARTESIAN_POINT ( 'NONE',  ( -16.99999999999982236, 0.000000000000000000, 2.500000000000000000 ) ) ;
#5162 = FACE_OUTER_BOUND ( 'NONE', #5998, .T. ) ;
#5163 = ORIENTED_EDGE ( 'NONE', *, *, #7847, .F. ) ;
#5164 = CARTESIAN_POINT ( 'NONE',  ( -6.375000000000005329, 3.003749999999987264, 1.000000000000000000 ) ) ;
#5165 = CARTESIAN_POINT ( 'NONE',  ( 12.68749999999999467, -24.33999999999999986, 6.363636363636365090 ) ) ;
#5166 = PRESENTATION_STYLE_ASSIGNMENT (( #6525 ) ) ;
#5167 = ORIENTED_EDGE ( 'NONE', *, *, #4096, .F. ) ;
#5168 = CARTESIAN_POINT ( 'NONE',  ( 5.590248500369294327, 3.659999999999996589, 4.112165163103640886 ) ) ;
#5169 = ORIENTED_EDGE ( 'NONE', *, *, #1750, .F. ) ;
#5170 = FACE_OUTER_BOUND ( 'NONE', #8202, .T. ) ;
#5171 = ORIENTED_EDGE ( 'NONE', *, *, #6961, .T. ) ;
#5172 = LINE ( 'NONE', #7873, #6960 ) ;
#5173 = EDGE_CURVE ( 'NONE', #975, #3325, #2701, .T. ) ;
#5174 = FACE_OUTER_BOUND ( 'NONE', #3614, .T. ) ;
#5175 = CARTESIAN_POINT ( 'NONE',  ( -22.79566257332769652, 21.25588329590373249, -1.800000000000000266 ) ) ;
#5176 = DIRECTION ( 'NONE',  ( -0.000000000000000000, -0.000000000000000000, 1.000000000000000000 ) ) ;
#5177 = VECTOR ( 'NONE', #6668, 1000.000000000000000 ) ;
#5178 = CARTESIAN_POINT ( 'NONE',  ( 5.062499999999984013, 3.003749999999987264, 4.500000000000000888 ) ) ;
#5179 = ADVANCED_FACE ( 'NONE', ( #6321 ), #1693, .T. ) ;
#5180 = ORIENTED_EDGE ( 'NONE', *, *, #2866, .F. ) ;
#5181 = CARTESIAN_POINT ( 'NONE',  ( -61.00000000000001421, 8.999999999999998224, 1.000000000000000000 ) ) ;
#5182 = ORIENTED_EDGE ( 'NONE', *, *, #2124, .T. ) ;
#5183 = CARTESIAN_POINT ( 'NONE',  ( 10.18750000000001954, -15.34000000000000341, 4.500000000000001776 ) ) ;
#5184 = DIRECTION ( 'NONE',  ( -0.000000000000000000, -0.000000000000000000, -1.000000000000000000 ) ) ;
#5185 = EDGE_CURVE ( 'NONE', #4972, #5341, #241, .T. ) ;
#5186 = ORIENTED_EDGE ( 'NONE', *, *, #4032, .T. ) ;
#5187 = EDGE_LOOP ( 'NONE', ( #2786, #8031, #4217, #4109 ) ) ;
#5188 = ADVANCED_FACE ( 'NONE', ( #1558 ), #7700, .F. ) ;
#5189 = EDGE_CURVE ( 'NONE', #6631, #8385, #2301, .T. ) ;
#5190 = VECTOR ( 'NONE', #3278, 1000.000000000000000 ) ;
#5191 = CARTESIAN_POINT ( 'NONE',  ( 4.335856114704508713, 26.89972583984543775, -1.800000000000002931 ) ) ;
#5192 =( BOUNDED_CURVE ( )  B_SPLINE_CURVE ( 3, ( #3861, #1883, #7298, #1242 ),
 .UNSPECIFIED., .F., .F. ) 
 B_SPLINE_CURVE_WITH_KNOTS ( ( 4, 4 ),
 ( 3.141592653589797557, 4.230550341857518326 ),
 .UNSPECIFIED. ) 
 CURVE ( )  GEOMETRIC_REPRESENTATION_ITEM ( )  RATIONAL_B_SPLINE_CURVE ( ( 1.000000000000000000, 0.9035982341796846562, 0.9035982341796846562, 1.000000000000000000 ) ) 
 REPRESENTATION_ITEM ( '' )  );
#5193 = CARTESIAN_POINT ( 'NONE',  ( 16.49999999999998224, -15.34000000000000163, 8.000000000000000000 ) ) ;
#5194 = ORIENTED_EDGE ( 'NONE', *, *, #5970, .F. ) ;
#5195 = CARTESIAN_POINT ( 'NONE',  ( 22.99999999999998224, 30.00000000000001421, -3.000000000000000000 ) ) ;
#5196 = AXIS2_PLACEMENT_3D ( 'NONE', #4371, #1723, #1863 ) ;
#5197 = EDGE_LOOP ( 'NONE', ( #6120, #4404, #2513, #7132 ) ) ;
#5198 = DIRECTION ( 'NONE',  ( 0.000000000000000000, 1.000000000000000000, 0.000000000000000000 ) ) ;
#5199 = VECTOR ( 'NONE', #8096, 1000.000000000000114 ) ;
#5200 = ORIENTED_EDGE ( 'NONE', *, *, #3081, .F. ) ;
#5201 = DIRECTION ( 'NONE',  ( 0.000000000000000000, 0.000000000000000000, 1.000000000000000000 ) ) ;
#5202 = EDGE_CURVE ( 'NONE', #2522, #384, #1510, .T. ) ;
#5203 = CARTESIAN_POINT ( 'NONE',  ( 19.43362324718605194, -17.31024077555447604, -0.000000000000000000 ) ) ;
#5204 = DIRECTION ( 'NONE',  ( 0.000000000000000000, -0.000000000000000000, -1.000000000000000000 ) ) ;
#5205 = CARTESIAN_POINT ( 'NONE',  ( 20.00000000000000355, 33.00000000000000711, 0.000000000000000000 ) ) ;
#5206 = LINE ( 'NONE', #476, #1728 ) ;
#5207 = AXIS2_PLACEMENT_3D ( 'NONE', #808, #2200, #1107 ) ;
#5208 = ORIENTED_EDGE ( 'NONE', *, *, #6954, .T. ) ;
#5209 = CARTESIAN_POINT ( 'NONE',  ( -10.18750000000000178, -24.33999999999999986, 1.000000000000000000 ) ) ;
#5210 = CARTESIAN_POINT ( 'NONE',  ( 16.50000000000000355, -15.34000000000000341, 7.400893641477320983 ) ) ;
#5211 = DIRECTION ( 'NONE',  ( 0.000000000000000000, 0.000000000000000000, 1.000000000000000000 ) ) ;
#5212 = AXIS2_PLACEMENT_3D ( 'NONE', #7339, #1284, #6662 ) ;
#5213 = CARTESIAN_POINT ( 'NONE',  ( -16.49999999999999289, -15.33999999999999808, 7.999999999999998224 ) ) ;
#5214 = EDGE_LOOP ( 'NONE', ( #2142, #1753, #8259, #5056 ) ) ;
#5215 = FACE_OUTER_BOUND ( 'NONE', #6040, .T. ) ;
#5216 = ORIENTED_EDGE ( 'NONE', *, *, #5629, .T. ) ;
#5217 = VECTOR ( 'NONE', #3622, 1000.000000000000000 ) ;
#5218 = CARTESIAN_POINT ( 'NONE',  ( -5.139044574982071012, 3.321375232574444336, 4.478720436846128194 ) ) ;
#5219 = DIRECTION ( 'NONE',  ( 1.000000000000000000, 1.734723475976807883E-15, 0.000000000000000000 ) ) ;
#5220 = CARTESIAN_POINT ( 'NONE',  ( -16.99999999999989697, 16.50000000000002132, 2.500000000000000000 ) ) ;
#5221 = CARTESIAN_POINT ( 'NONE',  ( 10.00000000000000355, 19.00000000000000000, 0.5000000000000000000 ) ) ;
#5222 = VECTOR ( 'NONE', #3431, 1000.000000000000000 ) ;
#5223 = CYLINDRICAL_SURFACE ( 'NONE', #1539, 2.999999999999999112 ) ;
#5224 = ORIENTED_EDGE ( 'NONE', *, *, #2821, .T. ) ;
#5225 = DIRECTION ( 'NONE',  ( -1.000000000000000000, 0.000000000000000000, 0.000000000000000000 ) ) ;
#5226 = ORIENTED_EDGE ( 'NONE', *, *, #4958, .F. ) ;
#5227 = DIRECTION ( 'NONE',  ( -9.637352644315597708E-17, -1.000000000000000000, 0.000000000000000000 ) ) ;
#5228 = CARTESIAN_POINT ( 'NONE',  ( 16.50000000000000000, -26.34000000000000341, 5.582711823295503528 ) ) ;
#5229 = EDGE_LOOP ( 'NONE', ( #3001, #3747, #3213, #6864 ) ) ;
#5230 = ORIENTED_EDGE ( 'NONE', *, *, #6302, .F. ) ;
#5231 = VECTOR ( 'NONE', #2373, 1000.000000000000000 ) ;
#5232 = DIRECTION ( 'NONE',  ( 1.000000000000000000, 7.016859003951130319E-16, 0.000000000000000000 ) ) ;
#5233 = CARTESIAN_POINT ( 'NONE',  ( 25.59999999999999787, 33.00000000000000711, -2.200000000000000622 ) ) ;
#5234 = EDGE_CURVE ( 'NONE', #8088, #1710, #286, .T. ) ;
#5235 = ORIENTED_EDGE ( 'NONE', *, *, #6091, .T. ) ;
#5236 = VECTOR ( 'NONE', #8079, 1000.000000000000000 ) ;
#5237 = SURFACE_STYLE_USAGE ( .BOTH. , #503 ) ;
#5238 = AXIS2_PLACEMENT_3D ( 'NONE', #7744, #4386, #3604 ) ;
#5239 = VERTEX_POINT ( 'NONE', #4964 ) ;
#5240 = CARTESIAN_POINT ( 'NONE',  ( -12.68749999999997691, 3.159999999999996145, 0.07192234969262845112 ) ) ;
#5241 = VERTEX_POINT ( 'NONE', #978 ) ;
#5242 = CARTESIAN_POINT ( 'NONE',  ( 10.18750000000001954, -15.34000000000000341, 7.900893641477321871 ) ) ;
#5243 = DIRECTION ( 'NONE',  ( 0.000000000000000000, 0.000000000000000000, 1.000000000000000000 ) ) ;
#5244 = FACE_OUTER_BOUND ( 'NONE', #674, .T. ) ;
#5245 = AXIS2_PLACEMENT_3D ( 'NONE', #6570, #530, #572 ) ;
#5246 = CARTESIAN_POINT ( 'NONE',  ( 23.00000000000000000, -33.00000000000000711, -10.35391052434009040 ) ) ;
#5247 = CIRCLE ( 'NONE', #8220, 0.5000000000000004441 ) ;
#5248 = EDGE_CURVE ( 'NONE', #7464, #4891, #7657, .T. ) ;
#5249 = EDGE_CURVE ( 'NONE', #2343, #2165, #6237, .T. ) ;
#5250 = DIRECTION ( 'NONE',  ( 1.000000000000000000, -0.000000000000000000, -0.000000000000000000 ) ) ;
#5251 = AXIS2_PLACEMENT_3D ( 'NONE', #3512, #760, #8104 ) ;
#5252 = CARTESIAN_POINT ( 'NONE',  ( 6.375000000000019540, -15.83999999999999986, 7.400893641477320983 ) ) ;
#5253 = PLANE ( 'NONE',  #2850 ) ;
#5254 = AXIS2_PLACEMENT_3D ( 'NONE', #3034, #7751, #1701 ) ;
#5255 = VERTEX_POINT ( 'NONE', #892 ) ;
#5256 = LINE ( 'NONE', #1946, #2399 ) ;
#5257 = DIRECTION ( 'NONE',  ( -0.7071067811865474617, -0.7071067811865474617, 0.000000000000000000 ) ) ;
#5258 = FACE_OUTER_BOUND ( 'NONE', #1501, .T. ) ;
#5259 = CARTESIAN_POINT ( 'NONE',  ( 20.00000000000000355, -32.99999999999997868, -3.000000000000000000 ) ) ;
#5260 = ORIENTED_EDGE ( 'NONE', *, *, #4733, .T. ) ;
#5261 = PLANE ( 'NONE',  #6163 ) ;
#5262 = ORIENTED_EDGE ( 'NONE', *, *, #4121, .T. ) ;
#5263 = DIRECTION ( 'NONE',  ( -0.000000000000000000, 0.000000000000000000, 1.000000000000000000 ) ) ;
#5264 = DIRECTION ( 'NONE',  ( 0.000000000000000000, 0.000000000000000000, 1.000000000000000000 ) ) ;
#5265 = CARTESIAN_POINT ( 'NONE',  ( -23.99999999999999289, -28.50000000000001066, -3.000000000000000000 ) ) ;
#5266 = CARTESIAN_POINT ( 'NONE',  ( -11.83821597160787853, -22.69778126557361020, -1.600000000000000089 ) ) ;
#5267 = DIRECTION ( 'NONE',  ( 1.000000000000000000, -0.000000000000000000, -0.000000000000000000 ) ) ;
#5268 = ORIENTED_EDGE ( 'NONE', *, *, #4427, .F. ) ;
#5269 = FACE_OUTER_BOUND ( 'NONE', #1350, .T. ) ;
#5270 = ORIENTED_EDGE ( 'NONE', *, *, #3151, .T. ) ;
#5271 = FACE_OUTER_BOUND ( 'NONE', #1703, .T. ) ;
#5272 = ORIENTED_EDGE ( 'NONE', *, *, #707, .T. ) ;
#5273 = DIRECTION ( 'NONE',  ( 1.000000000000000000, -0.000000000000000000, -0.000000000000000000 ) ) ;
#5274 = CARTESIAN_POINT ( 'NONE',  ( 12.29999999999999893, 6.499999999999999112, 0.9999999999999970024 ) ) ;
#5275 = DIRECTION ( 'NONE',  ( 0.000000000000000000, -1.000000000000000000, 0.000000000000000000 ) ) ;
#5276 = B_SPLINE_CURVE_WITH_KNOTS ( 'NONE', 3,
 ( #3217, #3878, #7100, #3792, #1899, #7234, #1084, #5117 ),
 .UNSPECIFIED., .F., .F.,
 ( 4, 2, 2, 4 ),
 ( -5.123487958507391257E-06, 0.0005103980730239806489, 0.0007681588535152246563, 0.001025919634006468555 ),
 .UNSPECIFIED. ) ;
#5277 = ORIENTED_EDGE ( 'NONE', *, *, #6049, .T. ) ;
#5278 = CYLINDRICAL_SURFACE ( 'NONE', #2939, 0.5000000000000004441 ) ;
#5279 = VERTEX_POINT ( 'NONE', #4300 ) ;
#5280 = ORIENTED_EDGE ( 'NONE', *, *, #7125, .F. ) ;
#5281 = LINE ( 'NONE', #5242, #4398 ) ;
#5282 = EDGE_CURVE ( 'NONE', #1219, #137, #195, .T. ) ;
#5283 = LINE ( 'NONE', #7980, #5851 ) ;
#5284 = EDGE_CURVE ( 'NONE', #1786, #1324, #5009, .T. ) ;
#5285 = LINE ( 'NONE', #509, #7903 ) ;
#5286 = PLANE ( 'NONE',  #456 ) ;
#5287 = DIRECTION ( 'NONE',  ( 0.000000000000000000, -1.000000000000000000, 0.000000000000000000 ) ) ;
#5288 = FACE_OUTER_BOUND ( 'NONE', #7844, .T. ) ;
#5289 = ADVANCED_FACE ( 'NONE', ( #4560 ), #5833, .T. ) ;
#5290 = ORIENTED_EDGE ( 'NONE', *, *, #7553, .T. ) ;
#5291 = CARTESIAN_POINT ( 'NONE',  ( -25.49999999999998934, 28.50000000000001066, -91.81441324469805920 ) ) ;
#5292 = CARTESIAN_POINT ( 'NONE',  ( 25.59999999999999787, -38.20000000000000284, -1.488888888888891815 ) ) ;
#5293 = CARTESIAN_POINT ( 'NONE',  ( -22.99999999999999289, -32.99999999999999289, -2.200000000000000622 ) ) ;
#5294 = EDGE_CURVE ( 'NONE', #1482, #2222, #7256, .T. ) ;
#5295 = EDGE_CURVE ( 'NONE', #6263, #3705, #3194, .T. ) ;
#5296 = CARTESIAN_POINT ( 'NONE',  ( -24.25000000000000000, 33.00000000000000000, -3.000000000000000000 ) ) ;
#5297 = CARTESIAN_POINT ( 'NONE',  ( -1.249999999999996003, -24.33999999999999986, 6.363636363636365090 ) ) ;
#5298 = ORIENTED_EDGE ( 'NONE', *, *, #4539, .T. ) ;
#5299 = DIRECTION ( 'NONE',  ( 0.000000000000000000, 1.000000000000000000, 0.000000000000000000 ) ) ;
#5300 = ORIENTED_EDGE ( 'NONE', *, *, #969, .F. ) ;
#5301 = FACE_OUTER_BOUND ( 'NONE', #504, .T. ) ;
#5302 = EDGE_CURVE ( 'NONE', #2073, #7475, #3814, .T. ) ;
#5303 = LINE ( 'NONE', #2468, #8048 ) ;
#5304 = LINE ( 'NONE', #2667, #1104 ) ;
#5305 = ORIENTED_EDGE ( 'NONE', *, *, #4267, .T. ) ;
#5306 = PLANE ( 'NONE',  #2662 ) ;
#5307 = ORIENTED_EDGE ( 'NONE', *, *, #1562, .T. ) ;
#5308 = DIRECTION ( 'NONE',  ( -0.000000000000000000, -0.000000000000000000, 1.000000000000000000 ) ) ;
#5309 = DIRECTION ( 'NONE',  ( 0.000000000000000000, 0.000000000000000000, -1.000000000000000000 ) ) ;
#5310 = ORIENTED_EDGE ( 'NONE', *, *, #6527, .F. ) ;
#5311 = CARTESIAN_POINT ( 'NONE',  ( -16.49999999999981881, 10.25000000000003730, 2.000000000000000000 ) ) ;
#5312 = DIRECTION ( 'NONE',  ( 0.000000000000000000, 0.000000000000000000, -1.000000000000000000 ) ) ;
#5313 = VERTEX_POINT ( 'NONE', #7961 ) ;
#5314 = CARTESIAN_POINT ( 'NONE',  ( -22.99999999999999289, -36.00000000000000000, 1.000000000000000000 ) ) ;
#5315 = ORIENTED_EDGE ( 'NONE', *, *, #5666, .T. ) ;
#5316 = CARTESIAN_POINT ( 'NONE',  ( -17.99999999999999645, 28.99999999999999289, 0.4999999999999856781 ) ) ;
#5317 = ORIENTED_EDGE ( 'NONE', *, *, #3132, .T. ) ;
#5318 = CARTESIAN_POINT ( 'NONE',  ( -57.50000000000000711, 36.00000000000000000, -2.299999999999999822 ) ) ;
#5319 = VECTOR ( 'NONE', #4072, 1000.000000000000000 ) ;
#5320 = CIRCLE ( 'NONE', #7019, 0.6562500000000109912 ) ;
#5321 = DIRECTION ( 'NONE',  ( -1.000000000000000000, -7.016859003951130319E-16, 0.000000000000000000 ) ) ;
#5322 = CYLINDRICAL_SURFACE ( 'NONE', #1404, 0.5000000000000004441 ) ;
#5323 = AXIS2_PLACEMENT_3D ( 'NONE', #569, #6127, #91 ) ;
#5324 = VECTOR ( 'NONE', #2714, 1000.000000000000000 ) ;
#5325 = VERTEX_POINT ( 'NONE', #491 ) ;
#5326 = ORIENTED_EDGE ( 'NONE', *, *, #1626, .F. ) ;
#5327 = ORIENTED_EDGE ( 'NONE', *, *, #7297, .F. ) ;
#5328 = EDGE_CURVE ( 'NONE', #2637, #5741, #7834, .T. ) ;
#5329 = CYLINDRICAL_SURFACE ( 'NONE', #7368, 2.999999999999999112 ) ;
#5330 = ORIENTED_EDGE ( 'NONE', *, *, #1891, .T. ) ;
#5331 = DIRECTION ( 'NONE',  ( 1.000000000000000000, -0.000000000000000000, -0.000000000000000000 ) ) ;
#5332 = CARTESIAN_POINT ( 'NONE',  ( 18.50000000000000355, 33.99999999999998579, 0.000000000000000000 ) ) ;
#5333 = AXIS2_PLACEMENT_3D ( 'NONE', #6295, #4278, #4892 ) ;
#5334 = LINE ( 'NONE', #8657, #3743 ) ;
#5335 = CARTESIAN_POINT ( 'NONE',  ( 23.00000000000000000, 33.00000000000000711, -3.000000000000000000 ) ) ;
#5336 = CARTESIAN_POINT ( 'NONE',  ( 2.393682747913470799, 3.450240184018304568, 4.413492270693931019 ) ) ;
#5337 = EDGE_CURVE ( 'NONE', #7612, #3808, #1923, .T. ) ;
#5338 = ADVANCED_FACE ( 'NONE', ( #4467 ), #7212, .F. ) ;
#5339 = EDGE_CURVE ( 'NONE', #4711, #2305, #7224, .T. ) ;
#5340 = CARTESIAN_POINT ( 'NONE',  ( 23.00000000000000000, -33.00000000000000711, -2.200000000000000178 ) ) ;
#5341 = VERTEX_POINT ( 'NONE', #4594 ) ;
#5342 = CARTESIAN_POINT ( 'NONE',  ( -2.562500000000016875, -15.34000000000000341, 7.400893641477320983 ) ) ;
#5343 = VERTEX_POINT ( 'NONE', #6448 ) ;
#5344 = DIRECTION ( 'NONE',  ( -1.000000000000000000, 0.000000000000000000, 0.000000000000000000 ) ) ;
#5345 = VECTOR ( 'NONE', #1489, 1000.000000000000114 ) ;
#5346 = EDGE_CURVE ( 'NONE', #2476, #7381, #3860, .T. ) ;
#5347 = EDGE_CURVE ( 'NONE', #8496, #1887, #5870, .T. ) ;
#5348 = EDGE_CURVE ( 'NONE', #6558, #3784, #5917, .T. ) ;
#5349 = CARTESIAN_POINT ( 'NONE',  ( -67.91000000000001080, 3.159999999999996145, 4.500000000000000000 ) ) ;
#5350 = VERTEX_POINT ( 'NONE', #8582 ) ;
#5351 = CARTESIAN_POINT ( 'NONE',  ( -5.847251499630693239, 3.659999999999996589, 4.112165163103640886 ) ) ;
#5352 = EDGE_LOOP ( 'NONE', ( #8680, #131, #2956, #992 ) ) ;
#5353 = CARTESIAN_POINT ( 'NONE',  ( -21.75000000000000000, 33.00000000000000000, -3.000000000000000000 ) ) ;
#5354 = CARTESIAN_POINT ( 'NONE',  ( -16.49999999999997513, 25.25000000000000711, 0.5000000000000000000 ) ) ;
#5355 = ORIENTED_EDGE ( 'NONE', *, *, #6747, .T. ) ;
#5356 = DIRECTION ( 'NONE',  ( -0.000000000000000000, -0.000000000000000000, 1.000000000000000000 ) ) ;
#5357 = FACE_OUTER_BOUND ( 'NONE', #2679, .T. ) ;
#5358 = DIRECTION ( 'NONE',  ( 3.469446951953611033E-15, 1.000000000000000000, -5.204170427930416550E-15 ) ) ;
#5359 = DIRECTION ( 'NONE',  ( -0.000000000000000000, -0.000000000000000000, 1.000000000000000000 ) ) ;
#5360 = VECTOR ( 'NONE', #6630, 1000.000000000000000 ) ;
#5361 = LINE ( 'NONE', #7933, #4945 ) ;
#5362 = ORIENTED_EDGE ( 'NONE', *, *, #1214, .F. ) ;
#5363 = CARTESIAN_POINT ( 'NONE',  ( 19.43360100257656953, -30.31024077553544416, -0.2478059755241486806 ) ) ;
#5364 = ORIENTED_EDGE ( 'NONE', *, *, #3890, .T. ) ;
#5365 = ORIENTED_EDGE ( 'NONE', *, *, #7067, .F. ) ;
#5366 = PRESENTATION_LAYER_ASSIGNMENT (  '', '', ( #3957 ) ) ;
#5367 = CARTESIAN_POINT ( 'NONE',  ( -16.49999999999999289, -24.33999999999999986, 6.363636363636365090 ) ) ;
#5368 = DIRECTION ( 'NONE',  ( -0.000000000000000000, -0.000000000000000000, 1.000000000000000000 ) ) ;
#5369 = EDGE_CURVE ( 'NONE', #2522, #3893, #7356, .T. ) ;
#5370 = AXIS2_PLACEMENT_3D ( 'NONE', #3163, #5227, #459 ) ;
#5371 = AXIS2_PLACEMENT_3D ( 'NONE', #2257, #943, #3656 ) ;
#5372 = ORIENTED_EDGE ( 'NONE', *, *, #5302, .F. ) ;
#5373 = ORIENTED_EDGE ( 'NONE', *, *, #3043, .F. ) ;
#5374 = ORIENTED_EDGE ( 'NONE', *, *, #8541, .T. ) ;
#5375 = DIRECTION ( 'NONE',  ( -1.000000000000000000, 0.000000000000000000, 0.000000000000000000 ) ) ;
#5376 = VERTEX_POINT ( 'NONE', #5220 ) ;
#5377 = DIRECTION ( 'NONE',  ( -0.000000000000000000, -0.000000000000000000, -1.000000000000000000 ) ) ;
#5378 = AXIS2_PLACEMENT_3D ( 'NONE', #4858, #1454, #2839 ) ;
#5379 = CARTESIAN_POINT ( 'NONE',  ( 24.00000000000000355, 28.50000000000000355, 0.000000000000000000 ) ) ;
#5380 = PLANE ( 'NONE',  #3951 ) ;
#5381 = VECTOR ( 'NONE', #6078, 1000.000000000000000 ) ;
#5382 = CARTESIAN_POINT ( 'NONE',  ( -8.874999999999980460, 3.003749999999987264, 0.07192234969262845112 ) ) ;
#5383 = ORIENTED_EDGE ( 'NONE', *, *, #1727, .T. ) ;
#5384 = VERTEX_POINT ( 'NONE', #7919 ) ;
#5385 = CARTESIAN_POINT ( 'NONE',  ( 1.249999999999976907, -15.83999999999999986, 7.400893641477320983 ) ) ;
#5386 = AXIS2_PLACEMENT_3D ( 'NONE', #4692, #7563, #1508 ) ;
#5387 = AXIS2_PLACEMENT_3D ( 'NONE', #8510, #8591, #1200 ) ;
#5388 = ADVANCED_FACE ( 'NONE', ( #1882 ), #6573, .F. ) ;
#5389 = LINE ( 'NONE', #15, #4934 ) ;
#5390 = ORIENTED_EDGE ( 'NONE', *, *, #1740, .T. ) ;
#5391 = DIRECTION ( 'NONE',  ( 1.000000000000000000, -1.927470528863119739E-15, 0.000000000000000000 ) ) ;
#5392 = ORIENTED_EDGE ( 'NONE', *, *, #548, .F. ) ;
#5393 = PLANE ( 'NONE',  #6648 ) ;
#5394 = EDGE_CURVE ( 'NONE', #6990, #8063, #367, .T. ) ;
#5395 = DIRECTION ( 'NONE',  ( 1.000000000000000000, 0.000000000000000000, 0.000000000000000000 ) ) ;
#5396 = VERTEX_POINT ( 'NONE', #7120 ) ;
#5397 = EDGE_CURVE ( 'NONE', #5481, #3868, #1061, .T. ) ;
#5398 = FACE_OUTER_BOUND ( 'NONE', #2823, .T. ) ;
#5399 = ADVANCED_FACE ( 'NONE', ( #3914 ), #3341, .F. ) ;
#5400 = CARTESIAN_POINT ( 'NONE',  ( -23.00000000000000000, 33.00000000000000000, -3.000000000000000000 ) ) ;
#5401 = PLANE ( 'NONE',  #2591 ) ;
#5402 = CARTESIAN_POINT ( 'NONE',  ( 17.31160695459684362, -15.42316085516442570, 7.984879844515660352 ) ) ;
#5403 = CARTESIAN_POINT ( 'NONE',  ( -20.00000000000000355, 33.00000000000001421, -5.837274330926434551 ) ) ;
#5404 = ORIENTED_EDGE ( 'NONE', *, *, #6366, .F. ) ;
#5405 = CARTESIAN_POINT ( 'NONE',  ( -5.062499999999995559, -24.33999999999999986, 1.000000000000000000 ) ) ;
#5406 = VERTEX_POINT ( 'NONE', #5853 ) ;
#5407 = DIRECTION ( 'NONE',  ( 0.000000000000000000, 0.000000000000000000, -1.000000000000000000 ) ) ;
#5408 = EDGE_LOOP ( 'NONE', ( #7484, #3371, #7400, #5953, #4828 ) ) ;
#5409 = LINE ( 'NONE', #8121, #3472 ) ;
#5410 = ADVANCED_FACE ( 'NONE', ( #7360 ), #7897, .T. ) ;
#5411 = AXIS2_PLACEMENT_3D ( 'NONE', #7550, #7690, #5701 ) ;
#5412 = DIRECTION ( 'NONE',  ( -0.000000000000000000, -0.000000000000000000, 1.000000000000000000 ) ) ;
#5413 = ORIENTED_EDGE ( 'NONE', *, *, #1672, .F. ) ;
#5414 = ORIENTED_EDGE ( 'NONE', *, *, #3152, .T. ) ;
#5415 = ORIENTED_EDGE ( 'NONE', *, *, #2651, .T. ) ;
#5416 = AXIS2_PLACEMENT_3D ( 'NONE', #564, #3271, #2581 ) ;
#5417 = CARTESIAN_POINT ( 'NONE',  ( -6.375000000000019540, -15.83999999999999986, 7.900893641477321871 ) ) ;
#5418 = ORIENTED_EDGE ( 'NONE', *, *, #4721, .T. ) ;
#5419 = CARTESIAN_POINT ( 'NONE',  ( -8.893872560800883065, 3.159999999999996145, 4.500000000000000888 ) ) ;
#5420 = DIRECTION ( 'NONE',  ( -0.000000000000000000, -0.000000000000000000, 1.000000000000000000 ) ) ;
#5421 = DIRECTION ( 'NONE',  ( 0.7071055712382640079, -0.7071079911327605716, 0.000000000000000000 ) ) ;
#5422 = CARTESIAN_POINT ( 'NONE',  ( 2.164711460426743006, 3.623336801509736471, 4.225965562294261346 ) ) ;
#5423 = CARTESIAN_POINT ( 'NONE',  ( 2.081899558550499491E-15, 8.999999999999998224, 0.5000000000000000000 ) ) ;
#5424 = ORIENTED_EDGE ( 'NONE', *, *, #7169, .F. ) ;
#5425 = VECTOR ( 'NONE', #5158, 1000.000000000000000 ) ;
#5426 = FACE_OUTER_BOUND ( 'NONE', #2908, .T. ) ;
#5427 = ORIENTED_EDGE ( 'NONE', *, *, #2408, .T. ) ;
#5428 = CARTESIAN_POINT ( 'NONE',  ( 1.249999999999976907, -15.83999999999999986, 7.400893641477320983 ) ) ;
#5429 = CARTESIAN_POINT ( 'NONE',  ( -13.34374999999998757, 3.659999999999996589, 4.000000000000000000 ) ) ;
#5430 = DIRECTION ( 'NONE',  ( 0.000000000000000000, -1.000000000000000000, 0.000000000000000000 ) ) ;
#5431 = ORIENTED_EDGE ( 'NONE', *, *, #764, .F. ) ;
#5432 = LINE ( 'NONE', #1965, #1525 ) ;
#5433 = EDGE_LOOP ( 'NONE', ( #6348, #577, #8453, #815 ) ) ;
#5434 = LINE ( 'NONE', #8194, #4268 ) ;
#5435 = EDGE_CURVE ( 'NONE', #8006, #4534, #896, .T. ) ;
#5436 = DIRECTION ( 'NONE',  ( -0.000000000000000000, -0.000000000000000000, 1.000000000000000000 ) ) ;
#5437 = VERTEX_POINT ( 'NONE', #6017 ) ;
#5438 =( NAMED_UNIT ( * ) SI_UNIT ( $, .STERADIAN. ) SOLID_ANGLE_UNIT ( ) );
#5439 = DIRECTION ( 'NONE',  ( -0.000000000000000000, -0.000000000000000000, 1.000000000000000000 ) ) ;
#5440 = CARTESIAN_POINT ( 'NONE',  ( -16.49999999999999645, -26.34000000000000341, 5.582711823295503528 ) ) ;
#5441 = CARTESIAN_POINT ( 'NONE',  ( 18.05626420043241964, -15.74322791881436245, 7.926685832942738763 ) ) ;
#5442 = DIRECTION ( 'NONE',  ( -1.000000000000000000, 0.000000000000000000, 0.000000000000000000 ) ) ;
#5443 = EDGE_LOOP ( 'NONE', ( #7505, #5415, #8509, #6274, #3533 ) ) ;
#5444 = ADVANCED_FACE ( 'NONE', ( #507 ), #5941, .F. ) ;
#5445 = CARTESIAN_POINT ( 'NONE',  ( -60.99999999999985079, 13.99999999999999822, 2.500000000000000000 ) ) ;
#5446 = EDGE_CURVE ( 'NONE', #4193, #6016, #5281, .T. ) ;
#5447 = ORIENTED_EDGE ( 'NONE', *, *, #4798, .F. ) ;
#5448 = LINE ( 'NONE', #160, #3712 ) ;
#5449 = CARTESIAN_POINT ( 'NONE',  ( -17.99999999999999645, 27.75000000000000000, 0.4999999999999857891 ) ) ;
#5450 = VERTEX_POINT ( 'NONE', #5318 ) ;
#5451 = CARTESIAN_POINT ( 'NONE',  ( 14.00000000000001421, -15.83999999999999986, 7.400893641477320983 ) ) ;
#5452 = LINE ( 'NONE', #5942, #4022 ) ;
#5453 = AXIS2_PLACEMENT_3D ( 'NONE', #2270, #831, #7639 ) ;
#5454 = CARTESIAN_POINT ( 'NONE',  ( -18.93493168842263685, -24.08381243783917824, 6.410215920392876576 ) ) ;
#5455 = CARTESIAN_POINT ( 'NONE',  ( -12.70637256080087951, 3.159999999999996145, 4.500000000000000888 ) ) ;
#5456 = VERTEX_POINT ( 'NONE', #7979 ) ;
#5457 = EDGE_LOOP ( 'NONE', ( #5549, #2948, #3112, #2293 ) ) ;
#5458 = VECTOR ( 'NONE', #1702, 1000.000000000000000 ) ;
#5459 = EDGE_CURVE ( 'NONE', #1108, #7227, #2303, .T. ) ;
#5460 = ORIENTED_EDGE ( 'NONE', *, *, #5760, .T. ) ;
#5461 = CARTESIAN_POINT ( 'NONE',  ( 0.000000000000000000, -29.19511388567677557, -0.000000000000000000 ) ) ;
#5462 = AXIS2_PLACEMENT_3D ( 'NONE', #5055, #8250, #201 ) ;
#5463 = DIRECTION ( 'NONE',  ( 1.000000000000000000, 0.000000000000000000, 0.000000000000000000 ) ) ;
#5464 = VERTEX_POINT ( 'NONE', #8561 ) ;
#5465 = DIRECTION ( 'NONE',  ( -0.9999999999985359489, 1.711123808989186445E-06, 0.000000000000000000 ) ) ;
#5466 = LINE ( 'NONE', #8130, #2198 ) ;
#5467 = CYLINDRICAL_SURFACE ( 'NONE', #6933, 1.500000000000001332 ) ;
#5468 = CARTESIAN_POINT ( 'NONE',  ( -16.99999999999982236, 0.000000000000000000, 2.000000000000000000 ) ) ;
#5469 = AXIS2_PLACEMENT_3D ( 'NONE', #3855, #7251, #1019 ) ;
#5470 =( BOUNDED_CURVE ( )  B_SPLINE_CURVE ( 3, ( #3845, #5292, #1269, #3314 ),
 .UNSPECIFIED., .F., .F. ) 
 B_SPLINE_CURVE_WITH_KNOTS ( ( 4, 4 ),
 ( 1.570796326794896558, 4.712388980384689674 ),
 .UNSPECIFIED. ) 
 CURVE ( )  GEOMETRIC_REPRESENTATION_ITEM ( )  RATIONAL_B_SPLINE_CURVE ( ( 1.000000000000000000, 0.3333333333333333703, 0.3333333333333333703, 1.000000000000000000 ) ) 
 REPRESENTATION_ITEM ( '' )  );
#5471 = AXIS2_PLACEMENT_3D ( 'NONE', #4422, #2413, #2366 ) ;
#5472 = LINE ( 'NONE', #3450, #7911 ) ;
#5473 = EDGE_CURVE ( 'NONE', #5552, #8560, #1898, .T. ) ;
#5474 = DIRECTION ( 'NONE',  ( 0.000000000000000000, 0.000000000000000000, -1.000000000000000000 ) ) ;
#5475 = VECTOR ( 'NONE', #8392, 1000.000000000000000 ) ;
#5476 = ORIENTED_EDGE ( 'NONE', *, *, #964, .F. ) ;
#5477 = AXIS2_PLACEMENT_3D ( 'NONE', #5252, #771, #4137 ) ;
#5478 = EDGE_LOOP ( 'NONE', ( #3800, #7180, #5725 ) ) ;
#5479 = DIRECTION ( 'NONE',  ( 1.000000000000000000, 0.000000000000000000, 0.000000000000000000 ) ) ;
#5480 = CARTESIAN_POINT ( 'NONE',  ( -25.59999999999999787, -27.80000000000000071, 0.8222222222222218546 ) ) ;
#5481 = VERTEX_POINT ( 'NONE', #4575 ) ;
#5482 = DIRECTION ( 'NONE',  ( -0.000000000000000000, 0.000000000000000000, 1.000000000000000000 ) ) ;
#5483 = ORIENTED_EDGE ( 'NONE', *, *, #346, .F. ) ;
#5484 = FACE_OUTER_BOUND ( 'NONE', #6776, .T. ) ;
#5485 = FACE_OUTER_BOUND ( 'NONE', #4357, .T. ) ;
#5486 = ORIENTED_EDGE ( 'NONE', *, *, #2996, .T. ) ;
#5487 = VECTOR ( 'NONE', #4619, 1000.000000000000000 ) ;
#5488 = DIRECTION ( 'NONE',  ( 1.000000000000000000, 0.000000000000000000, 0.000000000000000000 ) ) ;
#5489 = DIRECTION ( 'NONE',  ( -1.000000000000000000, -7.016859003951130319E-16, 0.000000000000000000 ) ) ;
#5490 = CARTESIAN_POINT ( 'NONE',  ( -18.86076881589835708, -25.23234217621919484, 6.201392331596433216 ) ) ;
#5491 = DIRECTION ( 'NONE',  ( -0.000000000000000000, 1.000000000000000000, -0.000000000000000000 ) ) ;
#5492 = VECTOR ( 'NONE', #1390, 1000.000000000000000 ) ;
#5493 = DIRECTION ( 'NONE',  ( 0.000000000000000000, 0.000000000000000000, 1.000000000000000000 ) ) ;
#5494 = EDGE_LOOP ( 'NONE', ( #1821, #4491, #327, #305, #3560, #7757, #477, #2518 ) ) ;
#5495 = DIRECTION ( 'NONE',  ( -1.734723475976807489E-15, 1.000000000000000000, 0.000000000000000000 ) ) ;
#5496 = ORIENTED_EDGE ( 'NONE', *, *, #2514, .F. ) ;
#5497 = LINE ( 'NONE', #8613, #3634 ) ;
#5498 = ORIENTED_EDGE ( 'NONE', *, *, #859, .T. ) ;
#5499 = AXIS2_PLACEMENT_3D ( 'NONE', #4291, #1636, #6354 ) ;
#5501 = EDGE_CURVE ( 'NONE', #1570, #8421, #8355, .T. ) ;
#5500 = CARTESIAN_POINT ( 'NONE',  ( 26.00000000000001066, -15.83999999999999986, 7.400893641477320983 ) ) ;
#5502 = EDGE_CURVE ( 'NONE', #4460, #4274, #7931, .T. ) ;
#5503 = EDGE_LOOP ( 'NONE', ( #200, #2342, #7641, #5169 ) ) ;
#5504 = ORIENTED_EDGE ( 'NONE', *, *, #1562, .F. ) ;
#5505 = CIRCLE ( 'NONE', #153, 1.249999999999995115 ) ;
#5506 = ORIENTED_EDGE ( 'NONE', *, *, #510, .T. ) ;
#5507 = CARTESIAN_POINT ( 'NONE',  ( -61.00000000000001421, 2.999999999999990674, 1.000000000000000000 ) ) ;
#5508 = DIRECTION ( 'NONE',  ( -1.000000000000000000, 0.000000000000000000, 0.000000000000000000 ) ) ;
#5509 = ORIENTED_EDGE ( 'NONE', *, *, #62, .F. ) ;
#5510 = DIRECTION ( 'NONE',  ( 1.734723475976807341E-16, -1.000000000000000000, 0.000000000000000000 ) ) ;
#5511 = ADVANCED_FACE ( 'NONE', ( #6721 ), #7479, .F. ) ;
#5512 = DIRECTION ( 'NONE',  ( 0.000000000000000000, -0.000000000000000000, 1.000000000000000000 ) ) ;
#5513 = CARTESIAN_POINT ( 'NONE',  ( -61.00000000000001421, 25.84597089274787862, 1.000000000000000000 ) ) ;
#5515 = EDGE_CURVE ( 'NONE', #8173, #2462, #5247, .T. ) ;
#5514 = CARTESIAN_POINT ( 'NONE',  ( 2.081899558550499491E-15, 29.00000000000000000, 0.5000000000000000000 ) ) ;
#5516 = AXIS2_PLACEMENT_3D ( 'NONE', #4130, #1467, #6712 ) ;
#5517 = ADVANCED_FACE ( 'NONE', ( #678 ), #2068, .T. ) ;
#5518 = EDGE_CURVE ( 'NONE', #5437, #1684, #1441, .T. ) ;
#5519 = CARTESIAN_POINT ( 'NONE',  ( -65.51000000000001933, 18.69999999999999929, 7.900893641477321871 ) ) ;
#5520 = VECTOR ( 'NONE', #3105, 1000.000000000000000 ) ;
#5521 = DIRECTION ( 'NONE',  ( 0.000000000000000000, 0.000000000000000000, -1.000000000000000000 ) ) ;
#5522 = AXIS2_PLACEMENT_3D ( 'NONE', #5596, #7528, #1479 ) ;
#5523 = ORIENTED_EDGE ( 'NONE', *, *, #8003, .F. ) ;
#5524 = LINE ( 'NONE', #7593, #5619 ) ;
#5525 = ORIENTED_EDGE ( 'NONE', *, *, #2503, .F. ) ;
#5526 = DIRECTION ( 'NONE',  ( -1.896380255952778525E-15, 0.9838699100999075409, 0.1788854381999831766 ) ) ;
#5527 = EDGE_CURVE ( 'NONE', #801, #5623, #6635, .T. ) ;
#5528 = CARTESIAN_POINT ( 'NONE',  ( 5.062499999999996447, -24.33999999999999986, 6.363636363636365090 ) ) ;
#5529 = CIRCLE ( 'NONE', #1721, 1.250000000000001110 ) ;
#5530 = LINE ( 'NONE', #3755, #7452 ) ;
#5531 = ORIENTED_EDGE ( 'NONE', *, *, #3471, .F. ) ;
#5532 = CARTESIAN_POINT ( 'NONE',  ( -16.49999999999999645, -18.34000000000000341, 4.500000000000000888 ) ) ;
#5533 = ORIENTED_EDGE ( 'NONE', *, *, #6617, .T. ) ;
#5534 = DIRECTION ( 'NONE',  ( 1.734723475976805517E-15, 1.000000000000000000, -5.204170427930416550E-15 ) ) ;
#5535 = DIRECTION ( 'NONE',  ( -0.000000000000000000, -0.000000000000000000, 1.000000000000000000 ) ) ;
#5536 = STYLED_ITEM ( 'NONE', ( #3378 ), #7544 ) ;
#5537 = ORIENTED_EDGE ( 'NONE', *, *, #8478, .F. ) ;
#5538 = DIRECTION ( 'NONE',  ( -0.000000000000000000, -0.000000000000000000, -1.000000000000000000 ) ) ;
#5539 = DIRECTION ( 'NONE',  ( -7.016859003951130319E-16, 1.000000000000000000, 0.000000000000000000 ) ) ;
#5540 = CARTESIAN_POINT ( 'NONE',  ( -23.99999999999998579, 28.50000000000001066, -91.81441324469805920 ) ) ;
#5541 = CARTESIAN_POINT ( 'NONE',  ( -16.49999999999997513, -15.34000000000000163, 8.000000000000000000 ) ) ;
#5542 = DIRECTION ( 'NONE',  ( -0.000000000000000000, -0.000000000000000000, 1.000000000000000000 ) ) ;
#5543 = FACE_OUTER_BOUND ( 'NONE', #7209, .T. ) ;
#5544 = ORIENTED_EDGE ( 'NONE', *, *, #5527, .F. ) ;
#5545 = DIRECTION ( 'NONE',  ( -1.670376918261094144E-06, -0.9761870601825909377, -0.2169304578183535448 ) ) ;
#5546 = ORIENTED_EDGE ( 'NONE', *, *, #3587, .T. ) ;
#5547 = CYLINDRICAL_SURFACE ( 'NONE', #2720, 0.5000000000000004441 ) ;
#5548 = DIRECTION ( 'NONE',  ( 1.559302000878028960E-16, -1.000000000000000000, -0.000000000000000000 ) ) ;
#5549 = ORIENTED_EDGE ( 'NONE', *, *, #6915, .F. ) ;
#5550 = CARTESIAN_POINT ( 'NONE',  ( 11.50000000000000533, 31.50000000000000000, 1.000000000000000000 ) ) ;
#5551 = ORIENTED_EDGE ( 'NONE', *, *, #5881, .T. ) ;
#5552 = VERTEX_POINT ( 'NONE', #4225 ) ;
#5553 = ORIENTED_EDGE ( 'NONE', *, *, #4218, .T. ) ;
#5554 = CARTESIAN_POINT ( 'NONE',  ( -22.99999999999999645, -33.00000000000000000, -3.000000000000000000 ) ) ;
#5555 = EDGE_CURVE ( 'NONE', #7894, #975, #3396, .T. ) ;
#5556 = ORIENTED_EDGE ( 'NONE', *, *, #3356, .T. ) ;
#5557 = DIRECTION ( 'NONE',  ( 0.000000000000000000, 0.000000000000000000, -1.000000000000000000 ) ) ;
#5558 = EDGE_LOOP ( 'NONE', ( #3320, #2115, #5569, #5418 ) ) ;
#5559 = EDGE_CURVE ( 'NONE', #8011, #6949, #8171, .T. ) ;
#5560 = DIRECTION ( 'NONE',  ( 0.000000000000000000, 0.000000000000000000, -1.000000000000000000 ) ) ;
#5561 = LINE ( 'NONE', #134, #2346 ) ;
#5562 = CARTESIAN_POINT ( 'NONE',  ( -6.375000000000003553, -24.33999999999999986, 1.000000000000000000 ) ) ;
#5563 = LINE ( 'NONE', #7683, #3252 ) ;
#5564 = VECTOR ( 'NONE', #2286, 1000.000000000000114 ) ;
#5565 = EDGE_CURVE ( 'NONE', #461, #2064, #3415, .T. ) ;
#5566 = DIRECTION ( 'NONE',  ( 1.734723475976805517E-15, -1.000000000000000000, -5.204170427930416550E-15 ) ) ;
#5567 = ADVANCED_FACE ( 'NONE', ( #6158 ), #4840, .F. ) ;
#5568 = ADVANCED_FACE ( 'NONE', ( #8428, #2957 ), #8346, .T. ) ;
#5569 = ORIENTED_EDGE ( 'NONE', *, *, #5328, .T. ) ;
#5570 = EDGE_CURVE ( 'NONE', #4035, #2077, #6291, .T. ) ;
#5571 = DIRECTION ( 'NONE',  ( -1.706742230357500909E-15, 0.9838699100999075409, 0.1788854381999831766 ) ) ;
#5572 = ORIENTED_EDGE ( 'NONE', *, *, #1503, .F. ) ;
#5573 = LINE ( 'NONE', #4857, #5005 ) ;
#5574 = AXIS2_PLACEMENT_3D ( 'NONE', #7200, #3847, #1181 ) ;
#5575 = ADVANCED_FACE ( 'NONE', ( #5024 ), #343, .F. ) ;
#5576 = AXIS2_PLACEMENT_3D ( 'NONE', #6963, #4319, #827 ) ;
#5577 = ORIENTED_EDGE ( 'NONE', *, *, #223, .F. ) ;
#5578 = CARTESIAN_POINT ( 'NONE',  ( 1.906249999999998224, 3.003749999999987264, 4.500000000000000888 ) ) ;
#5579 = EDGE_CURVE ( 'NONE', #1895, #3660, #1754, .T. ) ;
#5580 = ORIENTED_EDGE ( 'NONE', *, *, #5234, .F. ) ;
#5581 = DIRECTION ( 'NONE',  ( -0.000000000000000000, -0.000000000000000000, -1.000000000000000000 ) ) ;
#5582 = DIRECTION ( 'NONE',  ( -1.000000000000000000, 0.000000000000000000, 0.000000000000000000 ) ) ;
#5583 = ORIENTED_EDGE ( 'NONE', *, *, #2341, .T. ) ;
#5584 = DIRECTION ( 'NONE',  ( 1.734723475976807341E-16, -1.000000000000000000, 0.000000000000000000 ) ) ;
#5585 = CARTESIAN_POINT ( 'NONE',  ( 18.49999999999999645, -35.50000000000000000, -1.401085803182942735 ) ) ;
#5586 = DIRECTION ( 'NONE',  ( -0.000000000000000000, -0.000000000000000000, 1.000000000000000000 ) ) ;
#5587 = VECTOR ( 'NONE', #6640, 1000.000000000000000 ) ;
#5588 = CARTESIAN_POINT ( 'NONE',  ( 19.44457519512222987, -17.63945012685512026, 7.581918158753717663 ) ) ;
#5589 = CARTESIAN_POINT ( 'NONE',  ( -64.26000000000000512, 18.69999999999999929, 1.000000000000000000 ) ) ;
#5590 = CARTESIAN_POINT ( 'NONE',  ( -16.99999999999985789, 0.000000000000000000, 2.000000000000000000 ) ) ;
#5591 = ORIENTED_EDGE ( 'NONE', *, *, #2710, .F. ) ;
#5592 = CARTESIAN_POINT ( 'NONE',  ( -16.49999999999997513, -15.34000000000000341, 4.500000000000000888 ) ) ;
#5593 = ORIENTED_EDGE ( 'NONE', *, *, #4310, .T. ) ;
#5594 = CARTESIAN_POINT ( 'NONE',  ( -13.99999999999999822, -24.33999999999999986, 7.900893641477321871 ) ) ;
#5595 = VERTEX_POINT ( 'NONE', #3004 ) ;
#5596 = CARTESIAN_POINT ( 'NONE',  ( 16.50000000000000355, -18.34000000000000341, 8.000000000000000000 ) ) ;
#5597 = CARTESIAN_POINT ( 'NONE',  ( 0.6600000000000008082, -11.74345596729059515, -0.5999999999999999778 ) ) ;
#5598 = VERTEX_POINT ( 'NONE', #2391 ) ;
#5599 = EDGE_LOOP ( 'NONE', ( #7785, #7223, #3580, #985, #8207, #5186, #2812, #6548 ) ) ;
#5600 = ORIENTED_EDGE ( 'NONE', *, *, #3152, .F. ) ;
#5601 = ORIENTED_EDGE ( 'NONE', *, *, #7552, .T. ) ;
#5602 = CARTESIAN_POINT ( 'NONE',  ( -60.49999999999993605, 0.000000000000000000, 2.000000000000000000 ) ) ;
#5603 = DIRECTION ( 'NONE',  ( 1.000000000000000000, 0.000000000000000000, 0.000000000000000000 ) ) ;
#5604 = CARTESIAN_POINT ( 'NONE',  ( -26.00000000000000355, 2.999999999999994671, 1.000000000000000000 ) ) ;
#5605 = FACE_OUTER_BOUND ( 'NONE', #8443, .T. ) ;
#5606 = FACE_OUTER_BOUND ( 'NONE', #1660, .T. ) ;
#5607 = VECTOR ( 'NONE', #7149, 999.9999999999998863 ) ;
#5608 = EDGE_CURVE ( 'NONE', #3784, #6350, #7050, .T. ) ;
#5609 = CARTESIAN_POINT ( 'NONE',  ( -64.26000000000000512, 18.69999999999999929, -2.200000000000000622 ) ) ;
#5610 = ORIENTED_EDGE ( 'NONE', *, *, #4324, .F. ) ;
#5611 = DIRECTION ( 'NONE',  ( 0.000000000000000000, 0.000000000000000000, 1.000000000000000000 ) ) ;
#5612 = VERTEX_POINT ( 'NONE', #8475 ) ;
#5613 = AXIS2_PLACEMENT_3D ( 'NONE', #7928, #542, #3122 ) ;
#5614 = CARTESIAN_POINT ( 'NONE',  ( -16.49999999999981881, 9.000000000000035527, 2.500000000000000000 ) ) ;
#5615 = CARTESIAN_POINT ( 'NONE',  ( 10.70000000000001172, 31.50000000000000000, 1.000000000000000000 ) ) ;
#5616 = AXIS2_PLACEMENT_3D ( 'NONE', #8547, #2507, #1109 ) ;
#5617 = EDGE_CURVE ( 'NONE', #1482, #7512, #5645, .T. ) ;
#5618 = EDGE_CURVE ( 'NONE', #6004, #8406, #7714, .T. ) ;
#5619 = VECTOR ( 'NONE', #3630, 1000.000000000000000 ) ;
#5620 = AXIS2_PLACEMENT_3D ( 'NONE', #7867, #5787, #8573 ) ;
#5621 = VERTEX_POINT ( 'NONE', #1079 ) ;
#5622 = CARTESIAN_POINT ( 'NONE',  ( -17.00000000000001421, 29.00000000000000000, 2.000000000000000000 ) ) ;
#5623 = VERTEX_POINT ( 'NONE', #2480 ) ;
#5624 = DIRECTION ( 'NONE',  ( 0.000000000000000000, 1.000000000000000000, 0.000000000000000000 ) ) ;
#5625 = EDGE_LOOP ( 'NONE', ( #7151, #5763, #3843, #2913 ) ) ;
#5626 = LINE ( 'NONE', #5747, #8255 ) ;
#5627 = EDGE_CURVE ( 'NONE', #1698, #6531, #7676, .T. ) ;
#5628 = AXIS2_PLACEMENT_3D ( 'NONE', #3801, #4501, #7198 ) ;
#5629 = EDGE_CURVE ( 'NONE', #1386, #4711, #948, .T. ) ;
#5630 = EDGE_CURVE ( 'NONE', #7594, #7377, #4252, .T. ) ;
#5631 = EDGE_CURVE ( 'NONE', #1091, #2644, #5807, .T. ) ;
#5632 = DIRECTION ( 'NONE',  ( -1.000000000000000000, 0.000000000000000000, -0.000000000000000000 ) ) ;
#5633 = LINE ( 'NONE', #6240, #1825 ) ;
#5634 = EDGE_LOOP ( 'NONE', ( #2361, #1041, #1443, #2431, #8387, #3647, #1439 ) ) ;
#5635 = CARTESIAN_POINT ( 'NONE',  ( 19.43359658567291248, -32.89152895571207580, -0.8214255711189557552 ) ) ;
#5636 = VERTEX_POINT ( 'NONE', #1040 ) ;
#5637 = CARTESIAN_POINT ( 'NONE',  ( -17.99999999999999645, 28.99999999999999289, 0.4999999999999856781 ) ) ;
#5638 = CARTESIAN_POINT ( 'NONE',  ( -20.00000000000000711, 32.99999999999999289, 0.000000000000000000 ) ) ;
#5639 = ORIENTED_EDGE ( 'NONE', *, *, #8208, .T. ) ;
#5640 = DIRECTION ( 'NONE',  ( -1.000000000000000000, 0.000000000000000000, 0.000000000000000000 ) ) ;
#5641 = CIRCLE ( 'NONE', #2113, 2.599999999999991207 ) ;
#5642 = ORIENTED_EDGE ( 'NONE', *, *, #2408, .F. ) ;
#5643 = ORIENTED_EDGE ( 'NONE', *, *, #784, .T. ) ;
#5644 = ORIENTED_EDGE ( 'NONE', *, *, #4338, .T. ) ;
#5645 = LINE ( 'NONE', #2307, #6783 ) ;
#5646 = VERTEX_POINT ( 'NONE', #5692 ) ;
#5647 = CIRCLE ( 'NONE', #3811, 0.5000000000000004441 ) ;
#5648 = LINE ( 'NONE', #6870, #820 ) ;
#5649 = DIRECTION ( 'NONE',  ( 1.000000000000000000, 1.239088197126290324E-16, -0.000000000000000000 ) ) ;
#5650 = DIRECTION ( 'NONE',  ( 0.000000000000000000, 0.000000000000000000, -1.000000000000000000 ) ) ;
#5651 = DIRECTION ( 'NONE',  ( -1.000000000000000000, -3.898255002195072399E-16, 0.000000000000000000 ) ) ;
#5652 = AXIS2_PLACEMENT_3D ( 'NONE', #4607, #7313, #3294 ) ;
#5653 = FACE_OUTER_BOUND ( 'NONE', #5478, .T. ) ;
#5654 = ORIENTED_EDGE ( 'NONE', *, *, #5835, .F. ) ;
#5655 = CARTESIAN_POINT ( 'NONE',  ( 19.43362324718605194, -17.31024077555447249, -1.699999999999999956 ) ) ;
#5656 = EDGE_LOOP ( 'NONE', ( #6413, #1599, #162, #5654 ) ) ;
#5657 = VECTOR ( 'NONE', #5176, 1000.000000000000000 ) ;
#5658 = CARTESIAN_POINT ( 'NONE',  ( -25.99999999999999645, 33.00000000000000000, -3.000000000000000000 ) ) ;
#5659 = DIRECTION ( 'NONE',  ( 0.000000000000000000, 0.000000000000000000, 1.000000000000000000 ) ) ;
#5660 = VECTOR ( 'NONE', #8485, 1000.000000000000000 ) ;
#5661 = VECTOR ( 'NONE', #1163, 1000.000000000000000 ) ;
#5662 = EDGE_LOOP ( 'NONE', ( #7573, #5048 ) ) ;
#5663 = CARTESIAN_POINT ( 'NONE',  ( -60.50000000000001421, 8.999999999999998224, 2.500000000000000000 ) ) ;
#5664 = ORIENTED_EDGE ( 'NONE', *, *, #5337, .T. ) ;
#5665 = DIRECTION ( 'NONE',  ( 0.000000000000000000, 0.000000000000000000, 1.000000000000000000 ) ) ;
#5666 = EDGE_CURVE ( 'NONE', #3077, #7252, #3045, .T. ) ;
#5667 = ORIENTED_EDGE ( 'NONE', *, *, #4653, .F. ) ;
#5668 = DIRECTION ( 'NONE',  ( -0.7071055712382638969, 0.7071079911327607936, 0.000000000000000000 ) ) ;
#5669 = EDGE_CURVE ( 'NONE', #2064, #461, #873, .T. ) ;
#5670 = B_SPLINE_CURVE_WITH_KNOTS ( 'NONE', 3,
 ( #6654, #1992, #5422, #4673, #5336, #6033, #694, #7372 ),
 .UNSPECIFIED., .F., .F.,
 ( 4, 2, 2, 4 ),
 ( -5.123487958505364307E-06, 0.0005103980730239820584, 0.0007681588535152260658, 0.001025919634006470290 ),
 .UNSPECIFIED. ) ;
#5671 = VECTOR ( 'NONE', #2888, 1000.000000000000000 ) ;
#5672 = VECTOR ( 'NONE', #3158, 1000.000000000000000 ) ;
#5673 = DIRECTION ( 'NONE',  ( -1.000000000000000000, 0.000000000000000000, 0.000000000000000000 ) ) ;
#5674 = DIRECTION ( 'NONE',  ( 1.000000000000000000, 0.000000000000000000, 0.000000000000000000 ) ) ;
#5675 = PLANE ( 'NONE',  #4356 ) ;
#5676 = ORIENTED_EDGE ( 'NONE', *, *, #7067, .T. ) ;
#5677 = VECTOR ( 'NONE', #7312, 1000.000000000000000 ) ;
#5678 = LINE ( 'NONE', #7570, #6723 ) ;
#5679 = VECTOR ( 'NONE', #1975, 1000.000000000000000 ) ;
#5680 = EDGE_CURVE ( 'NONE', #3388, #779, #3426, .T. ) ;
#5681 = VERTEX_POINT ( 'NONE', #3661 ) ;
#5682 = CARTESIAN_POINT ( 'NONE',  ( -20.39999999999999503, -32.99999999999999289, -0.3333333333333330373 ) ) ;
#5683 = ADVANCED_FACE ( 'NONE', ( #7140 ), #911, .F. ) ;
#5684 = VERTEX_POINT ( 'NONE', #6679 ) ;
#5685 = EDGE_CURVE ( 'NONE', #6729, #281, #6374, .T. ) ;
#5686 = APPLICATION_PROTOCOL_DEFINITION ( 'draft international standard', 'automotive_design', 1998, #7296 ) ;
#5687 = CIRCLE ( 'NONE', #4244, 3.650000000000000355 ) ;
#5688 = VERTEX_POINT ( 'NONE', #7977 ) ;
#5689 = ORIENTED_EDGE ( 'NONE', *, *, #4650, .F. ) ;
#5690 = EDGE_CURVE ( 'NONE', #4011, #1698, #5952, .T. ) ;
#5691 = ORIENTED_EDGE ( 'NONE', *, *, #1077, .F. ) ;
#5692 = CARTESIAN_POINT ( 'NONE',  ( 12.29999999999999893, 31.50000000000000000, -1.800000000000000488 ) ) ;
#5693 = EDGE_CURVE ( 'NONE', #2005, #5715, #6015, .T. ) ;
#5694 = DIRECTION ( 'NONE',  ( 1.734723475976805517E-15, -1.000000000000000000, -5.204170427930416550E-15 ) ) ;
#5695 = DIRECTION ( 'NONE',  ( 0.000000000000000000, 0.000000000000000000, -1.000000000000000000 ) ) ;
#5696 = DIRECTION ( 'NONE',  ( -7.016859003951130319E-16, 1.000000000000000000, -0.000000000000000000 ) ) ;
#5697 = DIRECTION ( 'NONE',  ( -1.559302000878028960E-16, 1.000000000000000000, 0.000000000000000000 ) ) ;
#5698 = CARTESIAN_POINT ( 'NONE',  ( -8.874999999999980460, 3.003749999999987264, 1.000000000000000000 ) ) ;
#5699 = ORIENTED_EDGE ( 'NONE', *, *, #5680, .T. ) ;
#5700 = CARTESIAN_POINT ( 'NONE',  ( 13.99999999999999822, 3.003749999999987264, 4.500000000000000888 ) ) ;
#5701 = DIRECTION ( 'NONE',  ( 0.000000000000000000, 0.000000000000000000, 1.000000000000000000 ) ) ;
#5702 = LINE ( 'NONE', #1633, #7920 ) ;
#5703 = ORIENTED_EDGE ( 'NONE', *, *, #177, .F. ) ;
#5704 = CARTESIAN_POINT ( 'NONE',  ( -19.51184633620540509, -18.03422371828037285, 7.510141142131345759 ) ) ;
#5705 = VERTEX_POINT ( 'NONE', #596 ) ;
#5706 = CIRCLE ( 'NONE', #7964, 0.5000000000000004441 ) ;
#5707 = PLANE ( 'NONE',  #6018 ) ;
#5708 = ORIENTED_EDGE ( 'NONE', *, *, #7780, .F. ) ;
#5709 = CARTESIAN_POINT ( 'NONE',  ( 11.50000000000000533, 31.50000000000000000, 1.000000000000000000 ) ) ;
#5710 = CARTESIAN_POINT ( 'NONE',  ( -17.99999999999999289, 21.50000000000001421, 0.4999999999999849565 ) ) ;
#5711 = CARTESIAN_POINT ( 'NONE',  ( 19.16332954957089285, -16.89976922699423767, 7.716405595091850422 ) ) ;
#5712 = CARTESIAN_POINT ( 'NONE',  ( -3.812500000000000000, -24.33999999999999986, 1.000000000000000000 ) ) ;
#5713 = DIRECTION ( 'NONE',  ( -1.000000000000000000, -1.734723475976807883E-15, 0.000000000000000000 ) ) ;
#5714 = ADVANCED_FACE ( 'NONE', ( #1169 ), #8020, .F. ) ;
#5715 = VERTEX_POINT ( 'NONE', #5975 ) ;
#5716 = CARTESIAN_POINT ( 'NONE',  ( -15.24999999999999645, -24.33999999999999986, 7.900893641477321871 ) ) ;
#5717 = ORIENTED_EDGE ( 'NONE', *, *, #2769, .F. ) ;
#5718 = LINE ( 'NONE', #2251, #450 ) ;
#5719 = DIRECTION ( 'NONE',  ( 1.927470528863119739E-15, 1.000000000000000000, 0.000000000000000000 ) ) ;
#5720 = ORIENTED_EDGE ( 'NONE', *, *, #6589, .T. ) ;
#5721 = FACE_OUTER_BOUND ( 'NONE', #1358, .T. ) ;
#5722 = EDGE_CURVE ( 'NONE', #2732, #7750, #8721, .T. ) ;
#5723 = EDGE_CURVE ( 'NONE', #1887, #2774, #4658, .T. ) ;
#5724 = ORIENTED_EDGE ( 'NONE', *, *, #5284, .T. ) ;
#5725 = ORIENTED_EDGE ( 'NONE', *, *, #5295, .T. ) ;
#5726 = VERTEX_POINT ( 'NONE', #3172 ) ;
#5727 = CARTESIAN_POINT ( 'NONE',  ( 26.00000000000001066, -15.92944271909999010, 7.892828596527274421 ) ) ;
#5728 = VERTEX_POINT ( 'NONE', #2643 ) ;
#5729 = CARTESIAN_POINT ( 'NONE',  ( 21.75000000000000000, -33.00000000000000711, -3.000000000000000000 ) ) ;
#5730 = DIRECTION ( 'NONE',  ( 1.000000000000000000, 0.000000000000000000, 0.000000000000000000 ) ) ;
#5731 = DIRECTION ( 'NONE',  ( -1.000000000000000000, -1.927470528863119739E-15, 0.000000000000000000 ) ) ;
#5732 = ADVANCED_FACE ( 'NONE', ( #2564 ), #2521, .F. ) ;
#5733 = EDGE_CURVE ( 'NONE', #383, #281, #6511, .T. ) ;
#5734 = DIRECTION ( 'NONE',  ( -0.000000000000000000, -0.000000000000000000, 1.000000000000000000 ) ) ;
#5735 = CARTESIAN_POINT ( 'NONE',  ( -65.51000000000001933, 18.69999999999999929, -4.599999999999999645 ) ) ;
#5736 = ORIENTED_EDGE ( 'NONE', *, *, #4851, .T. ) ;
#5737 = CARTESIAN_POINT ( 'NONE',  ( -60.99999999999997158, 0.000000000000000000, 1.000000000000000000 ) ) ;
#5738 = CARTESIAN_POINT ( 'NONE',  ( 13.08530721058672341, 3.623345629987757111, 4.225949607708943567 ) ) ;
#5739 = CARTESIAN_POINT ( 'NONE',  ( 19.99999999999999289, -34.05707521763980594, -1.080435851547340675 ) ) ;
#5740 = AXIS2_PLACEMENT_3D ( 'NONE', #7196, #4368, #3671 ) ;
#5741 = VERTEX_POINT ( 'NONE', #1848 ) ;
#5742 = CARTESIAN_POINT ( 'NONE',  ( -18.03636680600775222, -16.43027561917499568, 7.801768069240910819 ) ) ;
#5743 = AXIS2_PLACEMENT_3D ( 'NONE', #8420, #7042, #2947 ) ;
#5744 = ORIENTED_EDGE ( 'NONE', *, *, #6851, .T. ) ;
#5745 = DIRECTION ( 'NONE',  ( 1.000000000000000000, 1.559302000878028960E-16, 0.000000000000000000 ) ) ;
#5746 = ORIENTED_EDGE ( 'NONE', *, *, #546, .F. ) ;
#5747 = CARTESIAN_POINT ( 'NONE',  ( -25.99999999999999289, 32.99999999999999289, -2.299999999999999822 ) ) ;
#5748 = CARTESIAN_POINT ( 'NONE',  ( 24.25000000000000000, -33.00000000000000711, -3.000000000000000000 ) ) ;
#5749 = VECTOR ( 'NONE', #5006, 999.9999999999998863 ) ;
#5750 = CIRCLE ( 'NONE', #2392, 0.6562500000000109912 ) ;
#5751 = LINE ( 'NONE', #6408, #6064 ) ;
#5752 = DIRECTION ( 'NONE',  ( -1.000000000000000000, -0.000000000000000000, -0.000000000000000000 ) ) ;
#5753 = VERTEX_POINT ( 'NONE', #3339 ) ;
#5754 = CARTESIAN_POINT ( 'NONE',  ( 13.34374999999998757, 3.659999999999996145, 4.000000000000000000 ) ) ;
#5755 = VERTEX_POINT ( 'NONE', #630 ) ;
#5756 = CARTESIAN_POINT ( 'NONE',  ( 18.03636680600776643, -25.42860981902495610, 6.165707305631826785 ) ) ;
#5757 = ORIENTED_EDGE ( 'NONE', *, *, #5617, .T. ) ;
#5758 = ORIENTED_EDGE ( 'NONE', *, *, #4640, .F. ) ;
#5759 = VECTOR ( 'NONE', #1486, 1000.000000000000000 ) ;
#5760 = EDGE_CURVE ( 'NONE', #8615, #5350, #5154, .T. ) ;
#5761 = VECTOR ( 'NONE', #3159, 1000.000000000000000 ) ;
#5762 = ORIENTED_EDGE ( 'NONE', *, *, #8317, .T. ) ;
#5763 = ORIENTED_EDGE ( 'NONE', *, *, #5768, .T. ) ;
#5764 = DIRECTION ( 'NONE',  ( -1.000000000000000000, 0.000000000000000000, 0.000000000000000000 ) ) ;
#5765 = EDGE_LOOP ( 'NONE', ( #8427, #193, #5152, #8343 ) ) ;
#5766 = CARTESIAN_POINT ( 'NONE',  ( 24.00000000000001066, 30.00000000000000711, -3.000000000000000000 ) ) ;
#5767 = LINE ( 'NONE', #7810, #1676 ) ;
#5768 = EDGE_CURVE ( 'NONE', #6731, #3160, #7183, .T. ) ;
#5769 = AXIS2_PLACEMENT_3D ( 'NONE', #2794, #5734, #6390 ) ;
#5770 = CARTESIAN_POINT ( 'NONE',  ( -2.562500000000019540, -15.34000000000005137, 7.999999999999991118 ) ) ;
#5771 = LINE ( 'NONE', #1668, #551 ) ;
#5772 = CARTESIAN_POINT ( 'NONE',  ( -25.59999999999999787, -38.19999999999998153, -1.488888888888888040 ) ) ;
#5773 = VECTOR ( 'NONE', #1513, 1000.000000000000000 ) ;
#5774 = ADVANCED_FACE ( 'NONE', ( #1122 ), #468, .T. ) ;
#5775 = DIRECTION ( 'NONE',  ( -0.000000000000000000, -1.000000000000000000, -0.000000000000000000 ) ) ;
#5776 = CARTESIAN_POINT ( 'NONE',  ( -61.00000000000001421, 6.499999999999992006, -2.299999999999999822 ) ) ;
#5777 = EDGE_CURVE ( 'NONE', #6558, #8076, #505, .T. ) ;
#5778 = ORIENTED_EDGE ( 'NONE', *, *, #2456, .T. ) ;
#5779 = ADVANCED_FACE ( 'NONE', ( #1896 ), #4573, .F. ) ;
#5780 = CARTESIAN_POINT ( 'NONE',  ( -8.874999999999973355, -15.33999999999993769, 8.000000000000012434 ) ) ;
#5781 = ADVANCED_FACE ( 'NONE', ( #554 ), #8115, .T. ) ;
#5782 = CARTESIAN_POINT ( 'NONE',  ( -11.43749999999999822, -24.33999999999999986, 1.000000000000000000 ) ) ;
#5783 = EDGE_CURVE ( 'NONE', #7475, #5376, #6904, .T. ) ;
#5784 = AXIS2_PLACEMENT_3D ( 'NONE', #7589, #312, #5651 ) ;
#5785 = DIRECTION ( 'NONE',  ( -0.000000000000000000, -0.000000000000000000, 1.000000000000000000 ) ) ;
#5786 = ORIENTED_EDGE ( 'NONE', *, *, #4742, .T. ) ;
#5787 = DIRECTION ( 'NONE',  ( 0.000000000000000000, 0.000000000000000000, 1.000000000000000000 ) ) ;
#5788 = VECTOR ( 'NONE', #1645, 1000.000000000000000 ) ;
#5789 = ORIENTED_EDGE ( 'NONE', *, *, #5435, .T. ) ;
#5790 = CARTESIAN_POINT ( 'NONE',  ( -60.50000000000001421, 10.24999999999999822, 2.500000000000000000 ) ) ;
#5791 = EDGE_LOOP ( 'NONE', ( #7662, #4839, #8389, #34 ) ) ;
#5792 = DIRECTION ( 'NONE',  ( 0.7071067811865479058, 0.7071067811865472397, 0.000000000000000000 ) ) ;
#5793 = DIRECTION ( 'NONE',  ( -0.000000000000000000, -0.000000000000000000, 1.000000000000000000 ) ) ;
#5794 = PLANE ( 'NONE',  #4499 ) ;
#5795 = EDGE_LOOP ( 'NONE', ( #4912, #1973, #8660, #8717 ) ) ;
#5796 = CARTESIAN_POINT ( 'NONE',  ( 25.59999999999999787, -33.00000000000000711, -0.3333333333333365345 ) ) ;
#5797 = ORIENTED_EDGE ( 'NONE', *, *, #5777, .T. ) ;
#5798 = DIRECTION ( 'NONE',  ( 0.000000000000000000, 0.000000000000000000, 1.000000000000000000 ) ) ;
#5799 = CARTESIAN_POINT ( 'NONE',  ( -60.99999999999997158, 24.00000000000000000, 2.500000000000000000 ) ) ;
#5800 = CIRCLE ( 'NONE', #4670, 0.5000000000000004441 ) ;
#5801 = ORIENTED_EDGE ( 'NONE', *, *, #2501, .F. ) ;
#5802 = VECTOR ( 'NONE', #8502, 1000.000000000000000 ) ;
#5803 =( BOUNDED_CURVE ( )  B_SPLINE_CURVE ( 3, ( #3572, #204, #6330, #941 ),
 .UNSPECIFIED., .F., .F. ) 
 B_SPLINE_CURVE_WITH_KNOTS ( ( 4, 4 ),
 ( 4.712388980384689674, 7.853981633974482790 ),
 .UNSPECIFIED. ) 
 CURVE ( )  GEOMETRIC_REPRESENTATION_ITEM ( )  RATIONAL_B_SPLINE_CURVE ( ( 1.000000000000000000, 0.3333333333333333703, 0.3333333333333333703, 1.000000000000000000 ) ) 
 REPRESENTATION_ITEM ( '' )  );
#5804 = VECTOR ( 'NONE', #1798, 1000.000000000000000 ) ;
#5805 = EDGE_LOOP ( 'NONE', ( #3425, #3952, #2387, #5580 ) ) ;
#5806 = ORIENTED_EDGE ( 'NONE', *, *, #7833, .F. ) ;
#5807 = LINE ( 'NONE', #8516, #6505 ) ;
#5808 = ORIENTED_EDGE ( 'NONE', *, *, #6589, .F. ) ;
#5809 = LINE ( 'NONE', #2438, #8626 ) ;
#5810 = FACE_OUTER_BOUND ( 'NONE', #4791, .T. ) ;
#5811 = AXIS2_PLACEMENT_3D ( 'NONE', #4385, #5219, #1881 ) ;
#5812 = VECTOR ( 'NONE', #5841, 1000.000000000000114 ) ;
#5813 = CARTESIAN_POINT ( 'NONE',  ( -29.49999999999999289, -0.5000000000000056621, 1.000000000000000000 ) ) ;
#5814 = CARTESIAN_POINT ( 'NONE',  ( -23.99999999999999289, 30.00000000000001421, -5.837274330926434551 ) ) ;
#5815 = PLANE ( 'NONE',  #4228 ) ;
#5816 = LINE ( 'NONE', #6644, #415 ) ;
#5817 = ADVANCED_FACE ( 'NONE', ( #71 ), #675, .F. ) ;
#5818 = CARTESIAN_POINT ( 'NONE',  ( 26.00000000000001066, -32.99999999999999289, -3.000000000000002665 ) ) ;
#5819 = CYLINDRICAL_SURFACE ( 'NONE', #1298, 0.4999999999999995559 ) ;
#5820 = ORIENTED_EDGE ( 'NONE', *, *, #7554, .F. ) ;
#5821 = DIRECTION ( 'NONE',  ( -5.551115123125700661E-15, 1.000000000000000000, 0.000000000000000000 ) ) ;
#5822 = DIRECTION ( 'NONE',  ( -1.711123809484818880E-06, -0.9999999999985359489, 0.000000000000000000 ) ) ;
#5823 = CARTESIAN_POINT ( 'NONE',  ( 9.272807210586728743, 3.623345629987757999, 4.225949607708941791 ) ) ;
#5824 = EDGE_CURVE ( 'NONE', #1996, #1845, #2861, .T. ) ;
#5825 = ADVANCED_FACE ( 'NONE', ( #6817 ), #5547, .T. ) ;
#5826 = ORIENTED_EDGE ( 'NONE', *, *, #82, .F. ) ;
#5827 = CARTESIAN_POINT ( 'NONE',  ( -18.89900051991008567, -16.49635983279081231, 7.225687606205926095 ) ) ;
#5828 = ORIENTED_EDGE ( 'NONE', *, *, #275, .F. ) ;
#5829 = DIRECTION ( 'NONE',  ( -1.734723475976807489E-15, 1.000000000000000000, 0.000000000000000000 ) ) ;
#5830 = EDGE_LOOP ( 'NONE', ( #4665, #8190, #6417, #5260, #5667, #5208 ) ) ;
#5831 = LINE ( 'NONE', #1103, #6533 ) ;
#5832 = VECTOR ( 'NONE', #7018, 1000.000000000000000 ) ;
#5833 = CYLINDRICAL_SURFACE ( 'NONE', #3136, 0.4999999999999995559 ) ;
#5834 = CARTESIAN_POINT ( 'NONE',  ( 23.00000000000001066, 36.00000000000000000, 1.000000000000000000 ) ) ;
#5835 = EDGE_CURVE ( 'NONE', #7229, #3827, #5448, .T. ) ;
#5836 = DIRECTION ( 'NONE',  ( -0.7071067811865474617, 0.7071067811865474617, 0.000000000000000000 ) ) ;
#5837 = VECTOR ( 'NONE', #7951, 1000.000000000000000 ) ;
#5838 = VERTEX_POINT ( 'NONE', #3478 ) ;
#5839 = CARTESIAN_POINT ( 'NONE',  ( 16.49999999999998224, -15.92944271909999365, 7.892828596527274421 ) ) ;
#5840 = ORIENTED_EDGE ( 'NONE', *, *, #1635, .T. ) ;
#5841 = DIRECTION ( 'NONE',  ( -0.7071067811865474617, -0.7071067811865474617, 0.000000000000000000 ) ) ;
#5842 = FACE_OUTER_BOUND ( 'NONE', #2295, .T. ) ;
#5843 = ORIENTED_EDGE ( 'NONE', *, *, #2292, .F. ) ;
#5844 = VERTEX_POINT ( 'NONE', #3437 ) ;
#5845 = UNCERTAINTY_MEASURE_WITH_UNIT (LENGTH_MEASURE( 1.000000000000000082E-05 ), #2905, 'distance_accuracy_value', 'NONE');
#5846 = CARTESIAN_POINT ( 'NONE',  ( -60.49999999999985079, 0.000000000000000000, 2.500000000000000000 ) ) ;
#5847 = ORIENTED_EDGE ( 'NONE', *, *, #2063, .F. ) ;
#5848 = FILL_AREA_STYLE_COLOUR ( '', #244 ) ;
#5849 = ORIENTED_EDGE ( 'NONE', *, *, #380, .F. ) ;
#5850 = CARTESIAN_POINT ( 'NONE',  ( -16.99999999999989697, 0.000000000000000000, 2.000000000000000000 ) ) ;
#5851 = VECTOR ( 'NONE', #1940, 1000.000000000000000 ) ;
#5852 = EDGE_LOOP ( 'NONE', ( #2021, #869, #649, #6375 ) ) ;
#5853 = CARTESIAN_POINT ( 'NONE',  ( -18.00000000000001066, 21.50000000000001421, 0.5000000000000000000 ) ) ;
#5854 = DIRECTION ( 'NONE',  ( -1.927470528863119344E-15, 1.000000000000000000, 0.000000000000000000 ) ) ;
#5855 = CARTESIAN_POINT ( 'NONE',  ( 16.49999999999997868, -15.34000000000002117, 7.999999999999996447 ) ) ;
#5856 = LINE ( 'NONE', #5898, #966 ) ;
#5857 = DIRECTION ( 'NONE',  ( -0.000000000000000000, 1.000000000000000000, -0.000000000000000000 ) ) ;
#5858 = LINE ( 'NONE', #7061, #6090 ) ;
#5859 = EDGE_LOOP ( 'NONE', ( #8296, #1732, #1459, #3728 ) ) ;
#5860 = DIRECTION ( 'NONE',  ( 1.734723475976807883E-15, -1.000000000000000000, 0.000000000000000000 ) ) ;
#5861 = FACE_OUTER_BOUND ( 'NONE', #7885, .T. ) ;
#5862 = FACE_OUTER_BOUND ( 'NONE', #8667, .T. ) ;
#5863 = CARTESIAN_POINT ( 'NONE',  ( -16.49999999999999289, -15.92944271909999010, 7.892828596527274421 ) ) ;
#5864 = ORIENTED_EDGE ( 'NONE', *, *, #1400, .F. ) ;
#5865 = FACE_OUTER_BOUND ( 'NONE', #1575, .T. ) ;
#5866 = ORIENTED_EDGE ( 'NONE', *, *, #4282, .T. ) ;
#5867 = VECTOR ( 'NONE', #5857, 1000.000000000000000 ) ;
#5868 = CARTESIAN_POINT ( 'NONE',  ( -5.460288539573249444, 3.623336801509736915, 4.225965562294261346 ) ) ;
#5869 = EDGE_CURVE ( 'NONE', #21, #3536, #4410, .T. ) ;
#5870 = LINE ( 'NONE', #2419, #4540 ) ;
#5871 = EDGE_CURVE ( 'NONE', #7306, #4024, #724, .T. ) ;
#5872 = CARTESIAN_POINT ( 'NONE',  ( -25.99999999999999289, -0.5000000000000073275, 1.000000000000000000 ) ) ;
#5873 = AXIS2_PLACEMENT_3D ( 'NONE', #6195, #161, #1432 ) ;
#5874 = CARTESIAN_POINT ( 'NONE',  ( -60.50000000000001421, 28.99999999999999289, 2.500000000000000000 ) ) ;
#5875 = ORIENTED_EDGE ( 'NONE', *, *, #8117, .T. ) ;
#5876 = CARTESIAN_POINT ( 'NONE',  ( -23.00000000000000000, 33.00000000000000000, 0.000000000000000000 ) ) ;
#5877 = ORIENTED_EDGE ( 'NONE', *, *, #1238, .T. ) ;
#5878 = DIRECTION ( 'NONE',  ( -0.7071055712382640079, 0.7071079911327606826, 0.000000000000000000 ) ) ;
#5879 = CARTESIAN_POINT ( 'NONE',  ( 19.08619113976790516, -24.90957052653828185, 6.260078086083923132 ) ) ;
#5880 = ORIENTED_EDGE ( 'NONE', *, *, #3739, .T. ) ;
#5881 = EDGE_CURVE ( 'NONE', #5974, #8496, #4883, .T. ) ;
#5882 = CIRCLE ( 'NONE', #2659, 2.599999999999998312 ) ;
#5884 = ADVANCED_FACE ( 'NONE', ( #1520 ), #2682, .T. ) ;
#5883 = CARTESIAN_POINT ( 'NONE',  ( -60.50000000000001421, 0.000000000000000000, 2.000000000000000000 ) ) ;
#5885 = VECTOR ( 'NONE', #2731, 1000.000000000000000 ) ;
#5886 = LINE ( 'NONE', #2557, #4514 ) ;
#5887 = ORIENTED_EDGE ( 'NONE', *, *, #3466, .T. ) ;
#5888 = CARTESIAN_POINT ( 'NONE',  ( -1.268872560800890836, 3.159999999999996145, 4.500000000000000888 ) ) ;
#5889 = CIRCLE ( 'NONE', #6458, 0.5000000000000004441 ) ;
#5890 = VERTEX_POINT ( 'NONE', #7525 ) ;
#5891 = CARTESIAN_POINT ( 'NONE',  ( -16.49999999999993605, 21.50000000000001421, 2.500000000000000000 ) ) ;
#5892 = VECTOR ( 'NONE', #4246, 1000.000000000000000 ) ;
#5893 = ORIENTED_EDGE ( 'NONE', *, *, #5030, .T. ) ;
#5894 = DIRECTION ( 'NONE',  ( -1.000000000000000000, 0.000000000000000000, 0.000000000000000000 ) ) ;
#5895 = FACE_OUTER_BOUND ( 'NONE', #3723, .T. ) ;
#5896 = CARTESIAN_POINT ( 'NONE',  ( 24.00000000000000711, -30.00000000000001421, -0.1788635809607200811 ) ) ;
#5897 = VECTOR ( 'NONE', #4023, 1000.000000000000000 ) ;
#5898 = CARTESIAN_POINT ( 'NONE',  ( -22.99999999999999289, 35.50000000000000000, -3.000000000000002665 ) ) ;
#5899 = LINE ( 'NONE', #8157, #2789 ) ;
#5900 = LINE ( 'NONE', #4667, #8370 ) ;
#5901 = CIRCLE ( 'NONE', #6893, 0.5000000000000004441 ) ;
#5902 = ORIENTED_EDGE ( 'NONE', *, *, #2612, .F. ) ;
#5903 = DIRECTION ( 'NONE',  ( -0.000000000000000000, -1.000000000000000000, -0.000000000000000000 ) ) ;
#5904 = CARTESIAN_POINT ( 'NONE',  ( 11.50000000000000533, 6.499999999999999112, 0.9999999999999970024 ) ) ;
#5905 = LINE ( 'NONE', #1867, #906 ) ;
#5906 = CARTESIAN_POINT ( 'NONE',  ( -1.249999999999980238, -15.34000000000000341, 4.500000000000000888 ) ) ;
#5907 = VECTOR ( 'NONE', #207, 1000.000000000000000 ) ;
#5908 = DIRECTION ( 'NONE',  ( 1.000000000000000000, 0.000000000000000000, 0.000000000000000000 ) ) ;
#5909 = EDGE_CURVE ( 'NONE', #3524, #2870, #5529, .T. ) ;
#5910 = EDGE_LOOP ( 'NONE', ( #247, #1823, #120, #5880 ) ) ;
#5911 = CARTESIAN_POINT ( 'NONE',  ( -16.49999999999997513, 3.659999999999997033, 1.000000000000000000 ) ) ;
#5912 = ORIENTED_EDGE ( 'NONE', *, *, #1922, .T. ) ;
#5913 = AXIS2_PLACEMENT_3D ( 'NONE', #4848, #7637, #4280 ) ;
#5914 = CARTESIAN_POINT ( 'NONE',  ( 19.50000000000000355, -23.33999999999998209, 6.037257277840962111 ) ) ;
#5915 = CARTESIAN_POINT ( 'NONE',  ( 19.50000000000000355, -23.33999999999998209, 6.037257277840962111 ) ) ;
#5916 = CARTESIAN_POINT ( 'NONE',  ( -11.83823341428499809, -32.89147796385555012, -0.8214142395952848119 ) ) ;
#5917 = LINE ( 'NONE', #1739, #5672 ) ;
#5918 = AXIS2_PLACEMENT_3D ( 'NONE', #7393, #1333, #5442 ) ;
#5919 = CARTESIAN_POINT ( 'NONE',  ( -21.74999999999999645, -33.00000000000000000, 0.000000000000000000 ) ) ;
#5920 = ORIENTED_EDGE ( 'NONE', *, *, #2710, .T. ) ;
#5921 = EDGE_CURVE ( 'NONE', #779, #7956, #770, .T. ) ;
#5922 = CARTESIAN_POINT ( 'NONE',  ( 19.00000000000001421, -16.96497662503272963, 7.704549704539504162 ) ) ;
#5923 = ORIENTED_EDGE ( 'NONE', *, *, #6954, .F. ) ;
#5924 = CARTESIAN_POINT ( 'NONE',  ( -22.79566257332769652, 21.25588329590373249, -1.800000000000000266 ) ) ;
#5925 = EDGE_CURVE ( 'NONE', #2263, #2109, #8642, .T. ) ;
#5926 = CARTESIAN_POINT ( 'NONE',  ( 19.12135916896045984, -24.85085693170286447, 5.808339560916246924 ) ) ;
#5927 = ORIENTED_EDGE ( 'NONE', *, *, #3739, .F. ) ;
#5928 = AXIS2_PLACEMENT_3D ( 'NONE', #847, #5542, #2199 ) ;
#5929 = DIRECTION ( 'NONE',  ( 0.000000000000000000, 0.000000000000000000, 1.000000000000000000 ) ) ;
#5930 = EDGE_CURVE ( 'NONE', #6381, #7583, #4174, .T. ) ;
#5931 = LINE ( 'NONE', #8639, #5360 ) ;
#5932 = DIRECTION ( 'NONE',  ( 0.000000000000000000, 0.000000000000000000, -1.000000000000000000 ) ) ;
#5933 = VERTEX_POINT ( 'NONE', #8379 ) ;
#5934 = VECTOR ( 'NONE', #7537, 1000.000000000000000 ) ;
#5935 = EDGE_CURVE ( 'NONE', #5022, #3679, #4351, .T. ) ;
#5936 = AXIS2_PLACEMENT_3D ( 'NONE', #6598, #3481, #6153 ) ;
#5937 = EDGE_CURVE ( 'NONE', #3877, #5279, #3569, .T. ) ;
#5938 = ORIENTED_EDGE ( 'NONE', *, *, #5981, .F. ) ;
#5939 = DIRECTION ( 'NONE',  ( 1.000000000000000000, 1.927470528863119739E-15, 0.000000000000000000 ) ) ;
#5940 = ORIENTED_EDGE ( 'NONE', *, *, #1344, .F. ) ;
#5941 = PLANE ( 'NONE',  #7077 ) ;
#5942 = CARTESIAN_POINT ( 'NONE',  ( -25.59999999999999787, 33.00000000000000000, -9.553910524340087917 ) ) ;
#5943 = DIRECTION ( 'NONE',  ( 1.000000000000000000, 0.000000000000000000, -0.000000000000000000 ) ) ;
#5944 = CIRCLE ( 'NONE', #4674, 0.5000000000000004441 ) ;
#5945 = FACE_OUTER_BOUND ( 'NONE', #4415, .T. ) ;
#5946 = AXIS2_PLACEMENT_3D ( 'NONE', #7295, #1237, #6406 ) ;
#5947 = DIRECTION ( 'NONE',  ( 1.000000000000000000, 1.927470528863119739E-15, 0.000000000000000000 ) ) ;
#5948 = ADVANCED_FACE ( 'NONE', ( #6414 ), #6993, .T. ) ;
#5949 = EDGE_CURVE ( 'NONE', #6531, #597, #2012, .T. ) ;
#5950 = PRESENTATION_LAYER_ASSIGNMENT (  '', '', ( #5536 ) ) ;
#5951 = DIRECTION ( 'NONE',  ( 0.000000000000000000, 0.000000000000000000, -1.000000000000000000 ) ) ;
#5952 = CIRCLE ( 'NONE', #1015, 0.4999999999999995559 ) ;
#5953 = ORIENTED_EDGE ( 'NONE', *, *, #5082, .T. ) ;
#5954 = CARTESIAN_POINT ( 'NONE',  ( -64.38251748251749973, 15.05205681698884312, 1.000000000000000000 ) ) ;
#5955 = CARTESIAN_POINT ( 'NONE',  ( 11.50000000000000533, 31.50000000000000000, -1.800000000000000488 ) ) ;
#5956 = CARTESIAN_POINT ( 'NONE',  ( 2.081899558550499491E-15, 19.00000000000000000, 0.5000000000000000000 ) ) ;
#5957 = ORIENTED_EDGE ( 'NONE', *, *, #2921, .T. ) ;
#5958 = DIRECTION ( 'NONE',  ( -0.000000000000000000, -0.000000000000000000, 1.000000000000000000 ) ) ;
#5959 = VERTEX_POINT ( 'NONE', #8468 ) ;
#5960 = DIRECTION ( 'NONE',  ( -0.000000000000000000, 1.000000000000000000, -0.000000000000000000 ) ) ;
#5961 = LINE ( 'NONE', #7587, #5345 ) ;
#5962 = DIRECTION ( 'NONE',  ( 1.711123809484818457E-06, 0.9999999999985359489, 0.000000000000000000 ) ) ;
#5963 = ORIENTED_EDGE ( 'NONE', *, *, #8356, .T. ) ;
#5964 = LINE ( 'NONE', #8668, #7876 ) ;
#5965 = ORIENTED_EDGE ( 'NONE', *, *, #7407, .F. ) ;
#5966 = CARTESIAN_POINT ( 'NONE',  ( -1.249999999999996003, -24.33999999999999986, 1.000000000000000000 ) ) ;
#5967 = ORIENTED_EDGE ( 'NONE', *, *, #5937, .T. ) ;
#5968 = CARTESIAN_POINT ( 'NONE',  ( -61.00000000000001421, 27.75000000000000000, 2.500000000000000000 ) ) ;
#5969 = CYLINDRICAL_SURFACE ( 'NONE', #3567, 0.7999999999999933831 ) ;
#5970 = EDGE_CURVE ( 'NONE', #8173, #2895, #5718, .T. ) ;
#5971 = CARTESIAN_POINT ( 'NONE',  ( 26.00000000000001066, -15.83999999999999986, 7.900893641477321871 ) ) ;
#5972 = ORIENTED_EDGE ( 'NONE', *, *, #6301, .F. ) ;
#5973 = FACE_OUTER_BOUND ( 'NONE', #8290, .T. ) ;
#5974 = VERTEX_POINT ( 'NONE', #4263 ) ;
#5975 = CARTESIAN_POINT ( 'NONE',  ( -26.00000000000000000, -26.99999999999999645, 1.000000000000000000 ) ) ;
#5976 = VERTEX_POINT ( 'NONE', #8336 ) ;
#5977 = AXIS2_PLACEMENT_3D ( 'NONE', #3802, #2451, #3146 ) ;
#5978 = LINE ( 'NONE', #8682, #2209 ) ;
#5980 = EDGE_CURVE ( 'NONE', #1833, #7028, #6950, .T. ) ;
#5979 = DIRECTION ( 'NONE',  ( -1.000000000000000000, -1.855190384030753040E-15, 0.000000000000000000 ) ) ;
#5981 = EDGE_CURVE ( 'NONE', #7612, #2520, #7041, .T. ) ;
#5982 = CIRCLE ( 'NONE', #5576, 0.5000000000000004441 ) ;
#5983 = LINE ( 'NONE', #8523, #7603 ) ;
#5984 = ORIENTED_EDGE ( 'NONE', *, *, #346, .T. ) ;
#5985 = ORIENTED_EDGE ( 'NONE', *, *, #1304, .F. ) ;
#5986 = FACE_OUTER_BOUND ( 'NONE', #4457, .T. ) ;
#5987 = CARTESIAN_POINT ( 'NONE',  ( -22.99999999999996803, -30.00000000000002132, -0.1788635809607200811 ) ) ;
#5988 = EDGE_CURVE ( 'NONE', #3463, #42, #3676, .T. ) ;
#5989 = CARTESIAN_POINT ( 'NONE',  ( 23.00000000000000000, -33.00000000000000711, -3.000000000000000000 ) ) ;
#5990 = ADVANCED_FACE ( 'NONE', ( #7128 ), #336, .F. ) ;
#5991 = CIRCLE ( 'NONE', #2761, 0.4999999999999995559 ) ;
#5992 = EDGE_CURVE ( 'NONE', #7978, #910, #321, .T. ) ;
#5993 = ADVANCED_FACE ( 'NONE', ( #248 ), #2946, .F. ) ;
#5994 = LINE ( 'NONE', #1316, #7334 ) ;
#5995 = DIRECTION ( 'NONE',  ( -0.000000000000000000, -0.000000000000000000, 1.000000000000000000 ) ) ;
#5996 = ORIENTED_EDGE ( 'NONE', *, *, #690, .T. ) ;
#5997 = FACE_OUTER_BOUND ( 'NONE', #270, .T. ) ;
#5998 = EDGE_LOOP ( 'NONE', ( #3345, #8492, #8257 ) ) ;
#5999 = CARTESIAN_POINT ( 'NONE',  ( -18.00000000000001066, 25.25000000000000711, 0.5000000000000000000 ) ) ;
#6000 = DIRECTION ( 'NONE',  ( -6.826968921429999693E-15, -0.9838699100999082070, -0.1788854381999798460 ) ) ;
#6001 = DIRECTION ( 'NONE',  ( 0.000000000000000000, -0.000000000000000000, -1.000000000000000000 ) ) ;
#6002 = ORIENTED_EDGE ( 'NONE', *, *, #2061, .T. ) ;
#6003 = CARTESIAN_POINT ( 'NONE',  ( 21.75000000000000000, -33.00000000000000711, -2.200000000000000178 ) ) ;
#6004 = VERTEX_POINT ( 'NONE', #1787 ) ;
#6005 = LINE ( 'NONE', #2052, #2298 ) ;
#6006 = LINE ( 'NONE', #1464, #1223 ) ;
#6007 = ORIENTED_EDGE ( 'NONE', *, *, #690, .F. ) ;
#6008 = CARTESIAN_POINT ( 'NONE',  ( 10.18750000000001954, -15.92944271909999010, 7.892828596527274421 ) ) ;
#6009 = CYLINDRICAL_SURFACE ( 'NONE', #2434, 1.500000000000001332 ) ;
#6010 = DIRECTION ( 'NONE',  ( -5.457557003073101359E-16, 1.000000000000000000, -0.000000000000000000 ) ) ;
#6011 = CIRCLE ( 'NONE', #7422, 0.5000000000000004441 ) ;
#6012 = ORIENTED_EDGE ( 'NONE', *, *, #8124, .T. ) ;
#6013 = DIRECTION ( 'NONE',  ( -1.000000000000000000, 0.000000000000000000, -0.000000000000000000 ) ) ;
#6014 = ORIENTED_EDGE ( 'NONE', *, *, #6799, .F. ) ;
#6015 = LINE ( 'NONE', #6637, #1294 ) ;
#6016 = VERTEX_POINT ( 'NONE', #5183 ) ;
#6017 = CARTESIAN_POINT ( 'NONE',  ( -1.249999999999980460, -15.92944271909999010, 7.892828596527274421 ) ) ;
#6018 = AXIS2_PLACEMENT_3D ( 'NONE', #8281, #6891, #1555 ) ;
#6019 = EDGE_CURVE ( 'NONE', #8214, #7612, #4601, .T. ) ;
#6020 = DIRECTION ( 'NONE',  ( -0.000000000000000000, -0.000000000000000000, 1.000000000000000000 ) ) ;
#6021 = DIRECTION ( 'NONE',  ( -0.000000000000000000, -0.000000000000000000, 1.000000000000000000 ) ) ;
#6022 = CIRCLE ( 'NONE', #2255, 0.5000000000000004441 ) ;
#6023 = ORIENTED_EDGE ( 'NONE', *, *, #8164, .T. ) ;
#6024 = ORIENTED_EDGE ( 'NONE', *, *, #3950, .F. ) ;
#6025 = ORIENTED_EDGE ( 'NONE', *, *, #5935, .T. ) ;
#6026 = CARTESIAN_POINT ( 'NONE',  ( 6.375000000000019540, -15.34000000000000341, 7.900893641477321871 ) ) ;
#6027 = ORIENTED_EDGE ( 'NONE', *, *, #6633, .T. ) ;
#6028 = EDGE_CURVE ( 'NONE', #929, #2031, #3866, .T. ) ;
#6029 = CARTESIAN_POINT ( 'NONE',  ( -17.99999999999999645, 28.99999999999999289, 0.5000000000000000000 ) ) ;
#6030 = B_SPLINE_CURVE_WITH_KNOTS ( 'NONE', 3,
 ( #4486, #7849, #3170, #1076, #3874, #2606, #6464, #5888 ),
 .UNSPECIFIED., .F., .F.,
 ( 4, 2, 2, 4 ),
 ( -5.123487958505037352E-06, 0.0005103980730239827089, 0.0007681588535152266079, 0.001025919634006470724 ),
 .UNSPECIFIED. ) ;
#6031 = VECTOR ( 'NONE', #5377, 1000.000000000000000 ) ;
#6032 = DIRECTION ( 'NONE',  ( 1.734723475976807341E-16, -1.000000000000000000, 0.000000000000000000 ) ) ;
#6033 = CARTESIAN_POINT ( 'NONE',  ( 2.485955425017921439, 3.321375232574444780, 4.478720436846127306 ) ) ;
#6034 = EDGE_CURVE ( 'NONE', #3160, #3277, #181, .T. ) ;
#6035 = ADVANCED_FACE ( 'NONE', ( #541 ), #8009, .T. ) ;
#6036 = VECTOR ( 'NONE', #6619, 1000.000000000000000 ) ;
#6037 = DIRECTION ( 'NONE',  ( 0.000000000000000000, 0.000000000000000000, -1.000000000000000000 ) ) ;
#6038 = ADVANCED_FACE ( 'NONE', ( #7307 ), #7883, .F. ) ;
#6039 = ADVANCED_FACE ( 'NONE', ( #6501 ), #7261, .F. ) ;
#6040 = EDGE_LOOP ( 'NONE', ( #6154, #3810, #1394, #7664 ) ) ;
#6041 = PLANE ( 'NONE',  #2793 ) ;
#6042 = ORIENTED_EDGE ( 'NONE', *, *, #3678, .F. ) ;
#6043 = DIRECTION ( 'NONE',  ( -0.000000000000000000, 0.000000000000000000, -1.000000000000000000 ) ) ;
#6044 = AXIS2_PLACEMENT_3D ( 'NONE', #1458, #4159, #3011 ) ;
#6045 = FACE_OUTER_BOUND ( 'NONE', #7291, .T. ) ;
#6046 = ORIENTED_EDGE ( 'NONE', *, *, #4098, .F. ) ;
#6047 = DIRECTION ( 'NONE',  ( 1.000000000000000000, -0.000000000000000000, -0.000000000000000000 ) ) ;
#6048 = VECTOR ( 'NONE', #3069, 1000.000000000000000 ) ;
#6049 = EDGE_CURVE ( 'NONE', #7423, #5595, #41, .T. ) ;
#6050 = ORIENTED_EDGE ( 'NONE', *, *, #8323, .T. ) ;
#6051 = FACE_OUTER_BOUND ( 'NONE', #2300, .T. ) ;
#6052 = EDGE_CURVE ( 'NONE', #1287, #360, #498, .T. ) ;
#6053 = CARTESIAN_POINT ( 'NONE',  ( 10.18750000000000178, 3.003749999999987264, 0.07192234969262845112 ) ) ;
#6054 = VERTEX_POINT ( 'NONE', #4519 ) ;
#6055 = CARTESIAN_POINT ( 'NONE',  ( -60.99999999999993605, 20.24999999999999645, 2.500000000000000000 ) ) ;
#6056 = DIRECTION ( 'NONE',  ( -0.000000000000000000, -0.000000000000000000, 1.000000000000000000 ) ) ;
#6057 = DIRECTION ( 'NONE',  ( -1.000000000000000000, 1.927470528863119739E-15, -0.000000000000000000 ) ) ;
#6058 = AXIS2_PLACEMENT_3D ( 'NONE', #1771, #4585, #7284 ) ;
#6059 = ORIENTED_EDGE ( 'NONE', *, *, #969, .T. ) ;
#6060 = EDGE_LOOP ( 'NONE', ( #7321, #1565, #2512, #3286 ) ) ;
#6061 = DIRECTION ( 'NONE',  ( 0.000000000000000000, 0.000000000000000000, -1.000000000000000000 ) ) ;
#6062 = DIRECTION ( 'NONE',  ( -1.000000000000000000, 0.000000000000000000, 0.000000000000000000 ) ) ;
#6063 = ORIENTED_EDGE ( 'NONE', *, *, #3404, .T. ) ;
#6064 = VECTOR ( 'NONE', #935, 1000.000000000000000 ) ;
#6065 = DIRECTION ( 'NONE',  ( -0.000000000000000000, -0.000000000000000000, -1.000000000000000000 ) ) ;
#6066 = CARTESIAN_POINT ( 'NONE',  ( 26.00000000000000711, -36.00000000000000000, 1.000000000000000000 ) ) ;
#6067 = VECTOR ( 'NONE', #1419, 1000.000000000000000 ) ;
#6068 = AXIS2_PLACEMENT_3D ( 'NONE', #2937, #2852, #2195 ) ;
#6069 = EDGE_LOOP ( 'NONE', ( #3108, #5496 ) ) ;
#6070 = ORIENTED_EDGE ( 'NONE', *, *, #967, .F. ) ;
#6071 = EDGE_LOOP ( 'NONE', ( #4723, #3573, #852, #3419 ) ) ;
#6072 = FACE_OUTER_BOUND ( 'NONE', #2308, .T. ) ;
#6073 = ORIENTED_EDGE ( 'NONE', *, *, #1013, .F. ) ;
#6074 = LINE ( 'NONE', #3399, #2259 ) ;
#6075 = AXIS2_PLACEMENT_3D ( 'NONE', #1906, #1861, #4581 ) ;
#6076 = VECTOR ( 'NONE', #6895, 1000.000000000000000 ) ;
#6077 = DIRECTION ( 'NONE',  ( 1.000000000000000000, 0.000000000000000000, 0.000000000000000000 ) ) ;
#6078 = DIRECTION ( 'NONE',  ( -0.000000000000000000, -1.000000000000000000, -0.000000000000000000 ) ) ;
#6079 = EDGE_CURVE ( 'NONE', #6972, #1348, #4682, .T. ) ;
#6080 = AXIS2_PLACEMENT_3D ( 'NONE', #5332, #3226, #7326 ) ;
#6081 = VECTOR ( 'NONE', #375, 1000.000000000000000 ) ;
#6082 = CARTESIAN_POINT ( 'NONE',  ( -61.41000000000000369, 18.69999999999999929, -5.599999999999999645 ) ) ;
#6083 = ORIENTED_EDGE ( 'NONE', *, *, #8692, .F. ) ;
#6084 = PLANE ( 'NONE',  #8574 ) ;
#6085 = ORIENTED_EDGE ( 'NONE', *, *, #3796, .T. ) ;
#6086 = DIRECTION ( 'NONE',  ( 1.051347561198064958E-16, 1.000000000000000000, 0.000000000000000000 ) ) ;
#6087 = LINE ( 'NONE', #1235, #4813 ) ;
#6088 = EDGE_CURVE ( 'NONE', #7512, #1287, #2474, .T. ) ;
#6089 = VECTOR ( 'NONE', #686, 1000.000000000000000 ) ;
#6090 = VECTOR ( 'NONE', #1048, 1000.000000000000000 ) ;
#6091 = EDGE_CURVE ( 'NONE', #8155, #6620, #3945, .T. ) ;
#6092 = EDGE_CURVE ( 'NONE', #3718, #6117, #8633, .T. ) ;
#6093 = EDGE_CURVE ( 'NONE', #5623, #8050, #580, .T. ) ;
#6094 = DIRECTION ( 'NONE',  ( -0.000000000000000000, -0.000000000000000000, 1.000000000000000000 ) ) ;
#6095 = VERTEX_POINT ( 'NONE', #3202 ) ;
#6096 = CARTESIAN_POINT ( 'NONE',  ( -16.49999999999981881, 10.25000000000003730, 0.5000000000000000000 ) ) ;
#6097 = VERTEX_POINT ( 'NONE', #6541 ) ;
#6098 = CARTESIAN_POINT ( 'NONE',  ( 13.96046420531398979, 3.244289786235253992, 4.500000000000000000 ) ) ;
#6099 = CARTESIAN_POINT ( 'NONE',  ( 7.933623247202887363, -17.31022109763069849, -1.699999999999999956 ) ) ;
#6100 = ORIENTED_EDGE ( 'NONE', *, *, #7893, .T. ) ;
#6101 = CARTESIAN_POINT ( 'NONE',  ( 20.40000000000000213, 33.00000000000000711, -9.553910524340087917 ) ) ;
#6102 = ADVANCED_FACE ( 'NONE', ( #1112 ), #3289, .T. ) ;
#6103 = FACE_OUTER_BOUND ( 'NONE', #1799, .T. ) ;
#6104 = CARTESIAN_POINT ( 'NONE',  ( -17.75904744290349413, -25.61390869330909226, 6.132016601216529139 ) ) ;
#6105 = EDGE_CURVE ( 'NONE', #8088, #5456, #1888, .T. ) ;
#6106 = ORIENTED_EDGE ( 'NONE', *, *, #3890, .F. ) ;
#6107 = LINE ( 'NONE', #5314, #2792 ) ;
#6108 = ORIENTED_EDGE ( 'NONE', *, *, #7021, .F. ) ;
#6109 = DIRECTION ( 'NONE',  ( -0.000000000000000000, -0.000000000000000000, 1.000000000000000000 ) ) ;
#6110 = ORIENTED_EDGE ( 'NONE', *, *, #5086, .T. ) ;
#6111 = DIRECTION ( 'NONE',  ( 0.000000000000000000, 0.000000000000000000, 1.000000000000000000 ) ) ;
#6112 =( NAMED_UNIT ( * ) PLANE_ANGLE_UNIT ( ) SI_UNIT ( $, .RADIAN. ) );
#6113 = VECTOR ( 'NONE', #4250, 1000.000000000000000 ) ;
#6114 = CARTESIAN_POINT ( 'NONE',  ( -16.49999999999981881, 9.000000000000000000, 1.000000000000000000 ) ) ;
#6115 = ORIENTED_EDGE ( 'NONE', *, *, #5618, .F. ) ;
#6116 = ORIENTED_EDGE ( 'NONE', *, *, #859, .F. ) ;
#6117 = VERTEX_POINT ( 'NONE', #4687 ) ;
#6118 = CIRCLE ( 'NONE', #2339, 1.500000000000001332 ) ;
#6119 = DIRECTION ( 'NONE',  ( 1.000000000000000000, 1.734723475976807883E-15, 0.000000000000000000 ) ) ;
#6120 = ORIENTED_EDGE ( 'NONE', *, *, #1185, .T. ) ;
#6121 = CARTESIAN_POINT ( 'NONE',  ( 2.562500000000023093, -15.33999999999995900, 8.000000000000008882 ) ) ;
#6122 = CARTESIAN_POINT ( 'NONE',  ( -5.062499999999978684, -15.34000000000000341, 4.500000000000000888 ) ) ;
#6123 = DIRECTION ( 'NONE',  ( 1.000000000000000000, 3.898255002195072399E-16, 0.000000000000000000 ) ) ;
#6124 = DIRECTION ( 'NONE',  ( 1.000000000000000000, 0.000000000000000000, 0.000000000000000000 ) ) ;
#6125 = ORIENTED_EDGE ( 'NONE', *, *, #679, .F. ) ;
#6126 = PRODUCT_DEFINITION_FORMATION_WITH_SPECIFIED_SOURCE ( '‰ª', '', #8525, .NOT_KNOWN. ) ;
#6127 = DIRECTION ( 'NONE',  ( 0.7071079911327606826, 0.7071055712382641190, 0.000000000000000000 ) ) ;
#6128 = ORIENTED_EDGE ( 'NONE', *, *, #7248, .T. ) ;
#6129 = CARTESIAN_POINT ( 'NONE',  ( 23.00000000000000000, 33.00000000000000711, -2.200000000000000178 ) ) ;
#6130 = CARTESIAN_POINT ( 'NONE',  ( 9.531249999999991118, 3.003749999999987264, 4.500000000000000888 ) ) ;
#6131 =( BOUNDED_CURVE ( )  B_SPLINE_CURVE ( 3, ( #4435, #5922, #6412, #5839 ),
 .UNSPECIFIED., .F., .F. ) 
 B_SPLINE_CURVE_WITH_KNOTS ( ( 4, 4 ),
 ( 1.570796326794889675, 3.141592653589801110 ),
 .UNSPECIFIED. ) 
 CURVE ( )  GEOMETRIC_REPRESENTATION_ITEM ( )  RATIONAL_B_SPLINE_CURVE ( ( 1.000000000000000000, 0.8047378541243614958, 0.8047378541243614958, 1.000000000000000000 ) ) 
 REPRESENTATION_ITEM ( '' )  );
#6132 = LINE ( 'NONE', #96, #702 ) ;
#6133 = LINE ( 'NONE', #2184, #2545 ) ;
#6134 = ORIENTED_EDGE ( 'NONE', *, *, #5570, .T. ) ;
#6135 = CARTESIAN_POINT ( 'NONE',  ( -64.38251748251749973, 22.34794318301115368, 1.000000000000000000 ) ) ;
#6136 = ORIENTED_EDGE ( 'NONE', *, *, #2176, .F. ) ;
#6137 = CARTESIAN_POINT ( 'NONE',  ( -13.98112743919909562, 3.159999999999996145, 1.000000000000000000 ) ) ;
#6138 = DIRECTION ( 'NONE',  ( 1.000000000000000000, 0.000000000000000000, 0.000000000000000000 ) ) ;
#6139 = EDGE_CURVE ( 'NONE', #597, #70, #8710, .T. ) ;
#6140 = ORIENTED_EDGE ( 'NONE', *, *, #968, .F. ) ;
#6141 = FACE_OUTER_BOUND ( 'NONE', #1958, .T. ) ;
#6142 = CARTESIAN_POINT ( 'NONE',  ( 13.34374999999998757, 3.003749999999987264, 4.500000000000000888 ) ) ;
#6143 = AXIS2_PLACEMENT_3D ( 'NONE', #8645, #7805, #1752 ) ;
#6144 = ORIENTED_EDGE ( 'NONE', *, *, #4968, .F. ) ;
#6145 = LINE ( 'NONE', #7355, #8300 ) ;
#6146 = VERTEX_POINT ( 'NONE', #148 ) ;
#6147 = DIRECTION ( 'NONE',  ( -0.000000000000000000, -0.9838699100999080960, -0.1788854381999801235 ) ) ;
#6148 = CARTESIAN_POINT ( 'NONE',  ( 2.081899558550499491E-15, 19.00000000000000000, 0.5000000000000000000 ) ) ;
#6149 = ADVANCED_FACE ( 'NONE', ( #2846 ), #7384, .T. ) ;
#6150 = EDGE_LOOP ( 'NONE', ( #4126, #5330, #7388, #7986 ) ) ;
#6151 = EDGE_CURVE ( 'NONE', #671, #1053, #6515, .T. ) ;
#6152 = VECTOR ( 'NONE', #1047, 1000.000000000000000 ) ;
#6153 = DIRECTION ( 'NONE',  ( 1.000000000000000000, 0.000000000000000000, 0.000000000000000000 ) ) ;
#6154 = ORIENTED_EDGE ( 'NONE', *, *, #7191, .T. ) ;
#6155 = ORIENTED_EDGE ( 'NONE', *, *, #635, .T. ) ;
#6156 = AXIS2_PLACEMENT_3D ( 'NONE', #7387, #2717, #5395 ) ;
#6157 = ORIENTED_EDGE ( 'NONE', *, *, #8641, .T. ) ;
#6158 = FACE_OUTER_BOUND ( 'NONE', #4649, .T. ) ;
#6159 = AXIS2_PLACEMENT_3D ( 'NONE', #1649, #4881, #2377 ) ;
#6160 = VERTEX_POINT ( 'NONE', #5353 ) ;
#6161 = LINE ( 'NONE', #4988, #4625 ) ;
#6162 = DIRECTION ( 'NONE',  ( 1.711123806215672562E-06, 0.9999999999985359489, 0.000000000000000000 ) ) ;
#6163 = AXIS2_PLACEMENT_3D ( 'NONE', #7957, #8577, #4507 ) ;
#6164 = AXIS2_PLACEMENT_3D ( 'NONE', #7382, #5391, #7305 ) ;
#6165 = CARTESIAN_POINT ( 'NONE',  ( -16.50000000000001421, 29.00000000000000000, 2.000000000000000000 ) ) ;
#6166 = CARTESIAN_POINT ( 'NONE',  ( 22.99999999999999645, -36.00000000000000000, -1.000000000000000000 ) ) ;
#6167 = CIRCLE ( 'NONE', #4066, 0.7999999999999933831 ) ;
#6168 = EDGE_LOOP ( 'NONE', ( #6206, #5985, #2954, #7394 ) ) ;
#6169 = DIRECTION ( 'NONE',  ( 0.000000000000000000, 0.000000000000000000, -1.000000000000000000 ) ) ;
#6170 = EDGE_LOOP ( 'NONE', ( #7359, #2909, #6804, #7907, #4436, #5180, #1016, #1020 ) ) ;
#6171 = DIRECTION ( 'NONE',  ( -0.000000000000000000, -0.000000000000000000, 1.000000000000000000 ) ) ;
#6172 = CARTESIAN_POINT ( 'NONE',  ( 19.00000000000000355, -23.42944271909997411, 6.529192232890914660 ) ) ;
#6173 = AXIS2_PLACEMENT_3D ( 'NONE', #3646, #2331, #156 ) ;
#6174 = DIRECTION ( 'NONE',  ( 0.000000000000000000, -1.000000000000000000, 0.000000000000000000 ) ) ;
#6175 = EDGE_CURVE ( 'NONE', #1219, #5313, #7799, .T. ) ;
#6176 = ORIENTED_EDGE ( 'NONE', *, *, #7023, .T. ) ;
#6177 = LINE ( 'NONE', #2891, #4346 ) ;
#6178 = ORIENTED_EDGE ( 'NONE', *, *, #3482, .T. ) ;
#6179 = DIRECTION ( 'NONE',  ( -0.000000000000000000, -0.000000000000000000, -1.000000000000000000 ) ) ;
#6180 = DIRECTION ( 'NONE',  ( -0.000000000000000000, -0.000000000000000000, 1.000000000000000000 ) ) ;
#6181 = VERTEX_POINT ( 'NONE', #7560 ) ;
#6182 = VECTOR ( 'NONE', #752, 1000.000000000000114 ) ;
#6183 = CARTESIAN_POINT ( 'NONE',  ( -19.49999999999999645, 3.159999999999996145, 4.500000000000000888 ) ) ;
#6184 = DIRECTION ( 'NONE',  ( 1.000000000000000000, -0.000000000000000000, -0.000000000000000000 ) ) ;
#6185 = CARTESIAN_POINT ( 'NONE',  ( -16.49999999999993605, 20.25000000000001421, 2.000000000000000000 ) ) ;
#6186 = DIRECTION ( 'NONE',  ( 0.000000000000000000, -0.000000000000000000, -1.000000000000000000 ) ) ;
#6187 = EDGE_CURVE ( 'NONE', #5279, #6457, #7465, .T. ) ;
#6188 = AXIS2_PLACEMENT_3D ( 'NONE', #7858, #4616, #1263 ) ;
#6189 = CARTESIAN_POINT ( 'NONE',  ( -16.49999999999993605, 21.50000000000001421, 2.500000000000000000 ) ) ;
#6190 = EDGE_CURVE ( 'NONE', #396, #2874, #662, .T. ) ;
#6191 = ORIENTED_EDGE ( 'NONE', *, *, #2276, .F. ) ;
#6192 = FACE_OUTER_BOUND ( 'NONE', #5910, .T. ) ;
#6193 = ORIENTED_EDGE ( 'NONE', *, *, #2887, .T. ) ;
#6194 = DIRECTION ( 'NONE',  ( -0.000000000000000000, 0.000000000000000000, 1.000000000000000000 ) ) ;
#6195 = CARTESIAN_POINT ( 'NONE',  ( -20.00000000000000355, -33.00000000000001421, -5.837274330926434551 ) ) ;
#6196 = VERTEX_POINT ( 'NONE', #6666 ) ;
#6197 = AXIS2_PLACEMENT_3D ( 'NONE', #1225, #6609, #3230 ) ;
#6198 = EDGE_CURVE ( 'NONE', #455, #5838, #8350, .T. ) ;
#6199 = DIRECTION ( 'NONE',  ( 0.000000000000000000, 0.000000000000000000, -1.000000000000000000 ) ) ;
#6200 = ADVANCED_FACE ( 'NONE', ( #6051 ), #5393, .F. ) ;
#6201 = EDGE_CURVE ( 'NONE', #6665, #4464, #6005, .T. ) ;
#6202 = EDGE_CURVE ( 'NONE', #7531, #1452, #1370, .T. ) ;
#6203 = ORIENTED_EDGE ( 'NONE', *, *, #6217, .F. ) ;
#6204 = ORIENTED_EDGE ( 'NONE', *, *, #6380, .T. ) ;
#6205 = AXIS2_PLACEMENT_3D ( 'NONE', #1961, #4641, #5139 ) ;
#6206 = ORIENTED_EDGE ( 'NONE', *, *, #3151, .F. ) ;
#6207 = EDGE_LOOP ( 'NONE', ( #5826, #6193, #947 ) ) ;
#6208 = CARTESIAN_POINT ( 'NONE',  ( -16.49999999999997513, -15.34000000000000163, 8.000000000000000000 ) ) ;
#6209 = ORIENTED_EDGE ( 'NONE', *, *, #2230, .T. ) ;
#6210 = CARTESIAN_POINT ( 'NONE',  ( -22.99999999999999289, 32.99999999999999289, 1.000000000000000000 ) ) ;
#6211 = DIRECTION ( 'NONE',  ( -1.000000000000000000, 0.000000000000000000, 0.000000000000000000 ) ) ;
#6212 = DIRECTION ( 'NONE',  ( 1.927470528863119739E-15, 1.000000000000000000, 0.000000000000000000 ) ) ;
#6213 = EDGE_CURVE ( 'NONE', #374, #1407, #7108, .T. ) ;
#6214 = DIRECTION ( 'NONE',  ( 0.000000000000000000, 0.000000000000000000, -1.000000000000000000 ) ) ;
#6215 = AXIS2_PLACEMENT_3D ( 'NONE', #3428, #8412, #5050 ) ;
#6216 = CARTESIAN_POINT ( 'NONE',  ( -20.00000000000000355, -33.00000000000000000, -3.000000000000000000 ) ) ;
#6217 = EDGE_CURVE ( 'NONE', #1438, #3718, #5434, .T. ) ;
#6218 = CARTESIAN_POINT ( 'NONE',  ( -1.249999999999996003, -24.33999999999999986, 7.900893641477321871 ) ) ;
#6219 = VECTOR ( 'NONE', #2345, 1000.000000000000000 ) ;
#6220 = ORIENTED_EDGE ( 'NONE', *, *, #1131, .F. ) ;
#6221 = DIRECTION ( 'NONE',  ( -0.000000000000000000, -0.000000000000000000, -1.000000000000000000 ) ) ;
#6222 = ORIENTED_EDGE ( 'NONE', *, *, #8276, .T. ) ;
#6223 = CARTESIAN_POINT ( 'NONE',  ( 12.70637256080087951, 3.159999999999996145, 4.500000000000000888 ) ) ;
#6224 = CARTESIAN_POINT ( 'NONE',  ( 23.00000000000001066, -36.00000000000000000, 1.000000000000000000 ) ) ;
#6225 = B_SPLINE_CURVE_WITH_KNOTS ( 'NONE', 3,
 ( #3611, #4974, #249, #1610, #6376, #4307, #8469, #8592 ),
 .UNSPECIFIED., .F., .F.,
 ( 4, 2, 2, 4 ),
 ( 0.000000000000000000, 0.0002558523244315538225, 0.0005117046488631076450, 0.001023409297726213989 ),
 .UNSPECIFIED. ) ;
#6226 = COLOUR_RGB ( '',1.000000000000000000, 1.000000000000000000, 1.000000000000000000 ) ;
#6227 = ADVANCED_BREP_SHAPE_REPRESENTATION ( '\X2\656370ed7247\X0\', ( #4815, #8405 ), #2057 ) ;
#6228 = VERTEX_POINT ( 'NONE', #2096 ) ;
#6229 = CARTESIAN_POINT ( 'NONE',  ( -18.99999999999999645, -18.42944271909999188, 7.438283141981820279 ) ) ;
#6230 = ORIENTED_EDGE ( 'NONE', *, *, #8494, .T. ) ;
#6231 = DIRECTION ( 'NONE',  ( 0.000000000000000000, 0.000000000000000000, -1.000000000000000000 ) ) ;
#6232 = CARTESIAN_POINT ( 'NONE',  ( 11.40693602603207779, 33.97078155222811802, 0.000000000000000000 ) ) ;
#6233 = VECTOR ( 'NONE', #8105, 1000.000000000000000 ) ;
#6234 = VERTEX_POINT ( 'NONE', #6137 ) ;
#6235 = VECTOR ( 'NONE', #1007, 1000.000000000000000 ) ;
#6236 = FACE_OUTER_BOUND ( 'NONE', #2212, .T. ) ;
#6237 = LINE ( 'NONE', #1602, #8210 ) ;
#6238 = CARTESIAN_POINT ( 'NONE',  ( 6.375000000000001776, -24.33999999999999986, 6.363636363636365090 ) ) ;
#6239 = CARTESIAN_POINT ( 'NONE',  ( 10.18750000000001954, -15.83999999999999986, 7.900893641477321871 ) ) ;
#6240 = CARTESIAN_POINT ( 'NONE',  ( -26.00000000000000000, -36.00000000000000000, -1.000000000000000000 ) ) ;
#6241 = ORIENTED_EDGE ( 'NONE', *, *, #4158, .F. ) ;
#6242 = CARTESIAN_POINT ( 'NONE',  ( 25.06357506982819316, -29.70308112467192174, -0.1128816086655890921 ) ) ;
#6243 = VERTEX_POINT ( 'NONE', #101 ) ;
#6244 = CARTESIAN_POINT ( 'NONE',  ( 26.00000000000001066, -15.83999999999999986, 7.400893641477320983 ) ) ;
#6245 = DIRECTION ( 'NONE',  ( 0.000000000000000000, 0.9838699100999074298, 0.1788854381999831489 ) ) ;
#6246 = ORIENTED_EDGE ( 'NONE', *, *, #5140, .F. ) ;
#6247 = DIRECTION ( 'NONE',  ( 3.469446951953611033E-15, 1.000000000000000000, 0.000000000000000000 ) ) ;
#6248 = ADVANCED_FACE ( 'NONE', ( #5484 ), #2140, .T. ) ;
#6249 = CARTESIAN_POINT ( 'NONE',  ( 13.99999999999999822, -24.33999999999999986, 7.900893641477321871 ) ) ;
#6250 = EDGE_LOOP ( 'NONE', ( #1421, #8677, #40, #3411, #3318, #659, #6012, #3297 ) ) ;
#6251 = ORIENTED_EDGE ( 'NONE', *, *, #7854, .T. ) ;
#6252 = ORIENTED_EDGE ( 'NONE', *, *, #4549, .F. ) ;
#6253 = ORIENTED_EDGE ( 'NONE', *, *, #12, .F. ) ;
#6254 = DIRECTION ( 'NONE',  ( 7.016859003951130319E-16, -1.000000000000000000, -0.000000000000000000 ) ) ;
#6255 = CARTESIAN_POINT ( 'NONE',  ( -5.062499999999978684, -15.34000000000000341, 4.500000000000000888 ) ) ;
#6256 = ADVANCED_FACE ( 'NONE', ( #5035 ), #7726, .F. ) ;
#6257 = PLANE ( 'NONE',  #6832 ) ;
#6258 = ADVANCED_FACE ( 'NONE', ( #5162 ), #1135, .T. ) ;
#6259 = DIRECTION ( 'NONE',  ( -1.000000000000000000, 0.000000000000000000, 0.000000000000000000 ) ) ;
#6260 = DIRECTION ( 'NONE',  ( -1.000000000000000000, 0.000000000000000000, 0.000000000000000000 ) ) ;
#6261 = CIRCLE ( 'NONE', #2483, 2.999999999999999112 ) ;
#6262 = DIRECTION ( 'NONE',  ( -0.000000000000000000, -0.000000000000000000, 1.000000000000000000 ) ) ;
#6263 = VERTEX_POINT ( 'NONE', #6392 ) ;
#6264 = CARTESIAN_POINT ( 'NONE',  ( -22.99999999999999289, -32.99999999999999289, 1.000000000000000000 ) ) ;
#6265 = EDGE_CURVE ( 'NONE', #2005, #73, #7851, .T. ) ;
#6266 = ORIENTED_EDGE ( 'NONE', *, *, #3988, .T. ) ;
#6267 = LINE ( 'NONE', #4330, #5832 ) ;
#6268 = ADVANCED_FACE ( 'NONE', ( #3842 ), #5819, .T. ) ;
#6269 = CARTESIAN_POINT ( 'NONE',  ( -16.49999999999997513, -26.34000000000000341, 1.000000000000000000 ) ) ;
#6270 = ORIENTED_EDGE ( 'NONE', *, *, #7617, .F. ) ;
#6271 = CARTESIAN_POINT ( 'NONE',  ( 2.562500000000019540, -15.92944271909999010, 7.892828596527274421 ) ) ;
#6272 = ORIENTED_EDGE ( 'NONE', *, *, #1674, .T. ) ;
#6273 = CARTESIAN_POINT ( 'NONE',  ( 6.375000000000005329, 3.003749999999987264, 1.000000000000000000 ) ) ;
#6274 = ORIENTED_EDGE ( 'NONE', *, *, #1022, .T. ) ;
#6275 = CYLINDRICAL_SURFACE ( 'NONE', #3733, 1.250000000000001110 ) ;
#6276 = DIRECTION ( 'NONE',  ( -7.016859003951130319E-16, 1.000000000000000000, -0.000000000000000000 ) ) ;
#6277 = VECTOR ( 'NONE', #4740, 1000.000000000000000 ) ;
#6278 = DIRECTION ( 'NONE',  ( 0.000000000000000000, 0.000000000000000000, 1.000000000000000000 ) ) ;
#6279 = ORIENTED_EDGE ( 'NONE', *, *, #1186, .F. ) ;
#6280 = DIRECTION ( 'NONE',  ( -1.000000000000000000, 0.000000000000000000, -0.000000000000000000 ) ) ;
#6281 = ADVANCED_FACE ( 'NONE', ( #8526 ), #7150, .F. ) ;
#6282 = ORIENTED_EDGE ( 'NONE', *, *, #1952, .F. ) ;
#6283 = DIRECTION ( 'NONE',  ( -1.000000000000000000, 0.000000000000000000, 0.000000000000000000 ) ) ;
#6284 = DIRECTION ( 'NONE',  ( -0.000000000000000000, -0.000000000000000000, 1.000000000000000000 ) ) ;
#6285 = ORIENTED_EDGE ( 'NONE', *, *, #957, .F. ) ;
#6286 = FACE_OUTER_BOUND ( 'NONE', #4037, .T. ) ;
#6287 = ORIENTED_EDGE ( 'NONE', *, *, #5020, .F. ) ;
#6288 = VERTEX_POINT ( 'NONE', #2447 ) ;
#6289 = EDGE_CURVE ( 'NONE', #6775, #5728, #7817, .T. ) ;
#6290 = ORIENTED_EDGE ( 'NONE', *, *, #7661, .F. ) ;
#6291 = LINE ( 'NONE', #4314, #3968 ) ;
#6292 = ORIENTED_EDGE ( 'NONE', *, *, #154, .T. ) ;
#6293 = LINE ( 'NONE', #4987, #8353 ) ;
#6294 = VECTOR ( 'NONE', #6433, 1000.000000000000000 ) ;
#6295 = CARTESIAN_POINT ( 'NONE',  ( 18.49999999999999645, -33.99999999999999289, -3.000000000000000000 ) ) ;
#6296 = CARTESIAN_POINT ( 'NONE',  ( -16.50000000000001421, 29.00000000000000000, 0.5000000000000000000 ) ) ;
#6297 = DIRECTION ( 'NONE',  ( -0.000000000000000000, -0.000000000000000000, 1.000000000000000000 ) ) ;
#6298 = DIRECTION ( 'NONE',  ( 0.000000000000000000, -0.000000000000000000, -1.000000000000000000 ) ) ;
#6299 = CARTESIAN_POINT ( 'NONE',  ( 10.18750000000002132, -15.34000000000000341, 7.400893641477320983 ) ) ;
#6300 = CIRCLE ( 'NONE', #2383, 0.5000000000000004441 ) ;
#6301 = EDGE_CURVE ( 'NONE', #4011, #4202, #5206, .T. ) ;
#6302 = EDGE_CURVE ( 'NONE', #2105, #5004, #3179, .T. ) ;
#6303 = LINE ( 'NONE', #89, #124 ) ;
#6304 = ORIENTED_EDGE ( 'NONE', *, *, #2832, .F. ) ;
#6305 = DIRECTION ( 'NONE',  ( -0.000000000000000000, -0.000000000000000000, 1.000000000000000000 ) ) ;
#6306 = ORIENTED_EDGE ( 'NONE', *, *, #5617, .F. ) ;
#6307 = AXIS2_PLACEMENT_3D ( 'NONE', #407, #2463, #3111 ) ;
#6308 = FACE_OUTER_BOUND ( 'NONE', #5128, .T. ) ;
#6309 = CARTESIAN_POINT ( 'NONE',  ( -13.47225149963045787, 3.659999999999997033, 4.112165163103910004 ) ) ;
#6310 = MECHANICAL_DESIGN_GEOMETRIC_PRESENTATION_REPRESENTATION (  '', ( #3358 ), #6578 ) ;
#6311 = CARTESIAN_POINT ( 'NONE',  ( -22.99999999999999289, 36.00000000000000000, -3.000000000000002665 ) ) ;
#6312 = EDGE_CURVE ( 'NONE', #7715, #7915, #5858, .T. ) ;
#6313 = CIRCLE ( 'NONE', #3921, 0.6562500000000109912 ) ;
#6314 = ORIENTED_EDGE ( 'NONE', *, *, #6474, .T. ) ;
#6315 = DIRECTION ( 'NONE',  ( 0.000000000000000000, -0.9838699100999074298, -0.1788854381999831489 ) ) ;
#6316 = ORIENTED_EDGE ( 'NONE', *, *, #2565, .F. ) ;
#6317 = CARTESIAN_POINT ( 'NONE',  ( -18.00000000000001066, 20.25000000000001421, 0.5000000000000000000 ) ) ;
#6318 = VERTEX_POINT ( 'NONE', #1502 ) ;
#6319 = CARTESIAN_POINT ( 'NONE',  ( -17.99999999999999289, 20.25000000000001421, 0.4999999999999847344 ) ) ;
#6320 = VECTOR ( 'NONE', #850, 1000.000000000000000 ) ;
#6321 = FACE_OUTER_BOUND ( 'NONE', #8249, .T. ) ;
#6322 = EDGE_CURVE ( 'NONE', #7689, #5013, #1139, .T. ) ;
#6323 = DIRECTION ( 'NONE',  ( -0.000000000000000000, -0.000000000000000000, -1.000000000000000000 ) ) ;
#6324 = EDGE_CURVE ( 'NONE', #4528, #5621, #6889, .T. ) ;
#6325 = VERTEX_POINT ( 'NONE', #2402 ) ;
#6326 = DIRECTION ( 'NONE',  ( -0.000000000000000000, -0.000000000000000000, 1.000000000000000000 ) ) ;
#6327 = AXIS2_PLACEMENT_3D ( 'NONE', #3503, #2843, #8397 ) ;
#6328 = ORIENTED_EDGE ( 'NONE', *, *, #1991, .F. ) ;
#6329 = FILL_AREA_STYLE ('',( #3696 ) ) ;
#6330 = CARTESIAN_POINT ( 'NONE',  ( -14.00000000000000000, -26.83999999999999986, 5.909090909090911836 ) ) ;
#6331 = VERTEX_POINT ( 'NONE', #842 ) ;
#6332 = CARTESIAN_POINT ( 'NONE',  ( 0.000000000000000000, 0.000000000000000000, 0.000000000000000000 ) ) ;
#6333 = VECTOR ( 'NONE', #537, 1000.000000000000000 ) ;
#6334 = ORIENTED_EDGE ( 'NONE', *, *, #7441, .T. ) ;
#6335 = ORIENTED_EDGE ( 'NONE', *, *, #7397, .F. ) ;
#6336 = VERTEX_POINT ( 'NONE', #5122 ) ;
#6337 = DIRECTION ( 'NONE',  ( 0.000000000000000000, 0.000000000000000000, -1.000000000000000000 ) ) ;
#6338 = ORIENTED_EDGE ( 'NONE', *, *, #7278, .F. ) ;
#6339 = LINE ( 'NONE', #2959, #6355 ) ;
#6340 = AXIS2_PLACEMENT_3D ( 'NONE', #2227, #7020, #3722 ) ;
#6341 = DIRECTION ( 'NONE',  ( 1.000000000000000000, 0.000000000000000000, 0.000000000000000000 ) ) ;
#6342 = DIRECTION ( 'NONE',  ( -1.000000000000000000, 0.000000000000000000, 0.000000000000000000 ) ) ;
#6343 = DIRECTION ( 'NONE',  ( -0.000000000000000000, -0.000000000000000000, 1.000000000000000000 ) ) ;
#6344 = FACE_OUTER_BOUND ( 'NONE', #8313, .T. ) ;
#6345 = VECTOR ( 'NONE', #1182, 1000.000000000000000 ) ;
#6346 = CARTESIAN_POINT ( 'NONE',  ( -4.838202549478259229, -29.69781864352349032, -1.600000000000000089 ) ) ;
#6347 = LINE ( 'NONE', #5205, #6294 ) ;
#6348 = ORIENTED_EDGE ( 'NONE', *, *, #981, .T. ) ;
#6349 = FACE_OUTER_BOUND ( 'NONE', #661, .T. ) ;
#6350 = VERTEX_POINT ( 'NONE', #5076 ) ;
#6351 = AXIS2_PLACEMENT_3D ( 'NONE', #7338, #1828, #3980 ) ;
#6352 = FACE_OUTER_BOUND ( 'NONE', #8517, .T. ) ;
#6353 = EDGE_CURVE ( 'NONE', #1996, #6649, #3558, .T. ) ;
#6354 = DIRECTION ( 'NONE',  ( -1.000000000000000000, -5.457557003073101359E-16, 0.000000000000000000 ) ) ;
#6355 = VECTOR ( 'NONE', #3047, 1000.000000000000000 ) ;
#6356 = VECTOR ( 'NONE', #7888, 1000.000000000000000 ) ;
#6357 = VERTEX_POINT ( 'NONE', #5735 ) ;
#6358 = DIRECTION ( 'NONE',  ( 1.000000000000000000, 0.000000000000000000, 0.000000000000000000 ) ) ;
#6359 = VERTEX_POINT ( 'NONE', #8442 ) ;
#6360 = LINE ( 'NONE', #931, #7578 ) ;
#6361 = EDGE_LOOP ( 'NONE', ( #5062, #6316, #4308, #1517 ) ) ;
#6362 = LINE ( 'NONE', #8411, #2039 ) ;
#6363 = CIRCLE ( 'NONE', #8500, 0.5000000000000004441 ) ;
#6364 = EDGE_CURVE ( 'NONE', #6658, #27, #7770, .T. ) ;
#6365 = AXIS2_PLACEMENT_3D ( 'NONE', #2523, #5201, #4785 ) ;
#6366 = EDGE_CURVE ( 'NONE', #1928, #3934, #3099, .T. ) ;
#6367 = ADVANCED_FACE ( 'NONE', ( #5288 ), #5329, .T. ) ;
#6368 =( BOUNDED_CURVE ( )  B_SPLINE_CURVE ( 3, ( #9, #2705, #2045, #4720 ),
 .UNSPECIFIED., .F., .F. ) 
 B_SPLINE_CURVE_WITH_KNOTS ( ( 4, 4 ),
 ( 4.712388980384689674, 6.283185307179586232 ),
 .UNSPECIFIED. ) 
 CURVE ( )  GEOMETRIC_REPRESENTATION_ITEM ( )  RATIONAL_B_SPLINE_CURVE ( ( 1.000000000000000000, 0.8047378541243649375, 0.8047378541243649375, 1.000000000000000000 ) ) 
 REPRESENTATION_ITEM ( '' )  );
#6369 = DIRECTION ( 'NONE',  ( 0.000000000000000000, 0.000000000000000000, 1.000000000000000000 ) ) ;
#6370 = CARTESIAN_POINT ( 'NONE',  ( -10.18750000000000178, -24.33999999999999986, 7.900893641477321871 ) ) ;
#6371 = VERTEX_POINT ( 'NONE', #7367 ) ;
#6372 = CIRCLE ( 'NONE', #5811, 0.5000000000000004441 ) ;
#6373 = CARTESIAN_POINT ( 'NONE',  ( -25.59999999999999076, -32.99999999999999289, -10.35391052434009040 ) ) ;
#6374 = CIRCLE ( 'NONE', #585, 3.650000000000000355 ) ;
#6375 = ORIENTED_EDGE ( 'NONE', *, *, #3635, .T. ) ;
#6376 = CARTESIAN_POINT ( 'NONE',  ( -9.963980580904161499, 3.502162626495981979, 4.369946396850294512 ) ) ;
#6377 = VERTEX_POINT ( 'NONE', #6557 ) ;
#6378 = ORIENTED_EDGE ( 'NONE', *, *, #4812, .T. ) ;
#6380 = EDGE_CURVE ( 'NONE', #1483, #7826, #605, .T. ) ;
#6379 = FACE_OUTER_BOUND ( 'NONE', #2425, .T. ) ;
#6381 = VERTEX_POINT ( 'NONE', #6734 ) ;
#6382 = EDGE_LOOP ( 'NONE', ( #208, #6116 ) ) ;
#6383 = ORIENTED_EDGE ( 'NONE', *, *, #8046, .T. ) ;
#6384 = DIRECTION ( 'NONE',  ( -1.000000000000000000, 0.000000000000000000, 0.000000000000000000 ) ) ;
#6385 = DIRECTION ( 'NONE',  ( -1.000000000000000000, -5.551115123125700661E-15, 0.000000000000000000 ) ) ;
#6386 = CARTESIAN_POINT ( 'NONE',  ( -60.99999999999989342, 17.75000000000000000, 2.000000000000000000 ) ) ;
#6387 = LINE ( 'NONE', #3834, #226 ) ;
#6388 = DIRECTION ( 'NONE',  ( 0.000000000000000000, -1.000000000000000000, 0.000000000000000000 ) ) ;
#6389 = DIRECTION ( 'NONE',  ( -1.734723475976807489E-15, 1.000000000000000000, 0.000000000000000000 ) ) ;
#6390 = DIRECTION ( 'NONE',  ( 1.000000000000000000, 0.000000000000000000, 0.000000000000000000 ) ) ;
#6391 = CARTESIAN_POINT ( 'NONE',  ( -16.49999999999997513, -25.84000000000000341, 5.582711823295503528 ) ) ;
#6392 = CARTESIAN_POINT ( 'NONE',  ( -13.98112743919909562, 3.159999999999996145, 4.500000000000000888 ) ) ;
#6393 = ORIENTED_EDGE ( 'NONE', *, *, #3195, .T. ) ;
#6394 = DIRECTION ( 'NONE',  ( -0.000000000000000000, -0.000000000000000000, 1.000000000000000000 ) ) ;
#6395 = CARTESIAN_POINT ( 'NONE',  ( -61.00000000000001421, 27.75000000000000000, 0.9999999999999995559 ) ) ;
#6396 = AXIS2_PLACEMENT_3D ( 'NONE', #6129, #3456, #3412 ) ;
#6397 = DIRECTION ( 'NONE',  ( 0.000000000000000000, 0.000000000000000000, 1.000000000000000000 ) ) ;
#6398 = ORIENTED_EDGE ( 'NONE', *, *, #3848, .F. ) ;
#6399 = CARTESIAN_POINT ( 'NONE',  ( -17.75904744290349768, -16.24497674489089150, 7.835458773656201359 ) ) ;
#6400 = EDGE_CURVE ( 'NONE', #6196, #1372, #8688, .T. ) ;
#6401 = ORIENTED_EDGE ( 'NONE', *, *, #2406, .T. ) ;
#6402 = AXIS2_PLACEMENT_3D ( 'NONE', #1911, #3928, #5822 ) ;
#6403 = CYLINDRICAL_SURFACE ( 'NONE', #1954, 1.250000000000001110 ) ;
#6404 = ORIENTED_EDGE ( 'NONE', *, *, #7191, .F. ) ;
#6405 = DIRECTION ( 'NONE',  ( 0.000000000000000000, 0.000000000000000000, -1.000000000000000000 ) ) ;
#6406 = DIRECTION ( 'NONE',  ( -1.000000000000000000, -3.854941057726238097E-16, 0.000000000000000000 ) ) ;
#6407 = CARTESIAN_POINT ( 'NONE',  ( 18.93493168842321595, -17.77507300036080551, 7.557259454479854810 ) ) ;
#6408 = CARTESIAN_POINT ( 'NONE',  ( -2.562500000000003997, -24.33999999999999986, 7.900893641477321871 ) ) ;
#6409 = FACE_OUTER_BOUND ( 'NONE', #6758, .T. ) ;
#6410 = VERTEX_POINT ( 'NONE', #3924 ) ;
#6411 = ADVANCED_FACE ( 'NONE', ( #514 ), #8614, .F. ) ;
#6412 = CARTESIAN_POINT ( 'NONE',  ( 17.96446609406726225, -15.92944271909997944, 7.892828596527277085 ) ) ;
#6413 = ORIENTED_EDGE ( 'NONE', *, *, #2443, .F. ) ;
#6414 = FACE_OUTER_BOUND ( 'NONE', #5197, .T. ) ;
#6415 = EDGE_CURVE ( 'NONE', #7227, #3709, #5900, .T. ) ;
#6416 = DIRECTION ( 'NONE',  ( 1.000000000000000000, -0.000000000000000000, -0.000000000000000000 ) ) ;
#6417 = ORIENTED_EDGE ( 'NONE', *, *, #2722, .F. ) ;
#6418 = CIRCLE ( 'NONE', #4453, 3.500000000000003109 ) ;
#6419 = LINE ( 'NONE', #4480, #6233 ) ;
#6420 = LINE ( 'NONE', #4354, #2135 ) ;
#6421 =( BOUNDED_CURVE ( )  B_SPLINE_CURVE ( 3, ( #5914, #4593, #4510, #5133 ),
 .UNSPECIFIED., .F., .F. ) 
 B_SPLINE_CURVE_WITH_KNOTS ( ( 4, 4 ),
 ( 4.712388980384682569, 6.283185307179586232 ),
 .UNSPECIFIED. ) 
 CURVE ( )  GEOMETRIC_REPRESENTATION_ITEM ( )  RATIONAL_B_SPLINE_CURVE ( ( 1.000000000000000000, 0.8047378541243632721, 0.8047378541243632721, 1.000000000000000000 ) ) 
 REPRESENTATION_ITEM ( '' )  );
#6422 = ADVANCED_FACE ( 'NONE', ( #4048 ), #3223, .F. ) ;
#6423 = ORIENTED_EDGE ( 'NONE', *, *, #814, .T. ) ;
#6424 = EDGE_CURVE ( 'NONE', #6903, #1386, #5687, .T. ) ;
#6425 = EDGE_CURVE ( 'NONE', #4145, #767, #437, .T. ) ;
#6426 = ORIENTED_EDGE ( 'NONE', *, *, #6797, .T. ) ;
#6427 = DIRECTION ( 'NONE',  ( -1.000000000000000000, 0.000000000000000000, 0.000000000000000000 ) ) ;
#6428 = ORIENTED_EDGE ( 'NONE', *, *, #4310, .F. ) ;
#6429 = LINE ( 'NONE', #348, #6462 ) ;
#6430 = CARTESIAN_POINT ( 'NONE',  ( -18.50000000000000355, 35.50000000000000000, -3.000000000000002665 ) ) ;
#6431 = DIRECTION ( 'NONE',  ( -0.000000000000000000, 1.000000000000000000, -0.000000000000000000 ) ) ;
#6432 = DIRECTION ( 'NONE',  ( -1.000000000000000000, 0.000000000000000000, 0.000000000000000000 ) ) ;
#6433 = DIRECTION ( 'NONE',  ( 0.000000000000000000, 1.000000000000000000, 0.000000000000000000 ) ) ;
#6434 = DIRECTION ( 'NONE',  ( 0.000000000000000000, 0.000000000000000000, 1.000000000000000000 ) ) ;
#6435 = ORIENTED_EDGE ( 'NONE', *, *, #2928, .T. ) ;
#6436 = CARTESIAN_POINT ( 'NONE',  ( 5.062499999999978684, -15.34000000000000341, 4.500000000000001776 ) ) ;
#6437 = FACE_OUTER_BOUND ( 'NONE', #4620, .T. ) ;
#6438 = CARTESIAN_POINT ( 'NONE',  ( 9.531249999999991118, 3.659999999999996589, 4.000000000000000000 ) ) ;
#6439 = CIRCLE ( 'NONE', #4606, 1.250000000000001110 ) ;
#6440 = CARTESIAN_POINT ( 'NONE',  ( -16.50000000000001421, 27.75000000000000000, 0.5000000000000000000 ) ) ;
#6441 = ORIENTED_EDGE ( 'NONE', *, *, #8587, .T. ) ;
#6442 = LINE ( 'NONE', #361, #6728 ) ;
#6443 = VECTOR ( 'NONE', #7561, 1000.000000000000000 ) ;
#6444 = ORIENTED_EDGE ( 'NONE', *, *, #4376, .F. ) ;
#6445 = DIRECTION ( 'NONE',  ( 0.000000000000000000, -0.000000000000000000, -1.000000000000000000 ) ) ;
#6446 = ORIENTED_EDGE ( 'NONE', *, *, #6675, .F. ) ;
#6447 = CARTESIAN_POINT ( 'NONE',  ( -1.249999999999980238, -15.83999999999999986, 7.400893641477320983 ) ) ;
#6448 = CARTESIAN_POINT ( 'NONE',  ( 14.00000000000001421, -15.92944271909999010, 7.892828596527274421 ) ) ;
#6449 = CIRCLE ( 'NONE', #8714, 1.250000000000001110 ) ;
#6450 = CARTESIAN_POINT ( 'NONE',  ( 23.00000573462700260, -29.69786627814448465, -0.1117227538817130994 ) ) ;
#6451 = DIRECTION ( 'NONE',  ( 3.469446951953611033E-15, -1.000000000000000000, -5.204170427930416550E-15 ) ) ;
#6452 = ORIENTED_EDGE ( 'NONE', *, *, #1505, .T. ) ;
#6453 = DIRECTION ( 'NONE',  ( -0.000000000000000000, -0.000000000000000000, 1.000000000000000000 ) ) ;
#6454 = VERTEX_POINT ( 'NONE', #4010 ) ;
#6455 = DIRECTION ( 'NONE',  ( -1.711123809484818880E-06, -0.9999999999985359489, 0.000000000000000000 ) ) ;
#6456 = CARTESIAN_POINT ( 'NONE',  ( 0.6600000000000008082, 20.78345596729058542, 0.000000000000000000 ) ) ;
#6457 = VERTEX_POINT ( 'NONE', #3351 ) ;
#6458 = AXIS2_PLACEMENT_3D ( 'NONE', #215, #132, #7679 ) ;
#6459 = UNCERTAINTY_MEASURE_WITH_UNIT (LENGTH_MEASURE( 1.000000000000000082E-05 ), #1206, 'distance_accuracy_value', 'NONE');
#6460 = EDGE_CURVE ( 'NONE', #3325, #705, #7240, .T. ) ;
#6461 = ADVANCED_FACE ( 'NONE', ( #6072 ), #5253, .T. ) ;
#6462 = VECTOR ( 'NONE', #8432, 1000.000000000000000 ) ;
#6463 = VERTEX_POINT ( 'NONE', #8731 ) ;
#6464 = CARTESIAN_POINT ( 'NONE',  ( -1.289535794685995107, 3.244289786235253992, 4.500000000000000888 ) ) ;
#6465 = VERTEX_POINT ( 'NONE', #4710 ) ;
#6466 = EDGE_LOOP ( 'NONE', ( #6270, #4229 ) ) ;
#6467 = EDGE_CURVE ( 'NONE', #3030, #2673, #720, .T. ) ;
#6468 = DIRECTION ( 'NONE',  ( -1.000000000000000000, 0.000000000000000000, 0.000000000000000000 ) ) ;
#6469 = AXIS2_PLACEMENT_3D ( 'NONE', #5468, #4801, #7494 ) ;
#6470 = CARTESIAN_POINT ( 'NONE',  ( -13.99999999999999822, -24.33999999999999986, 1.000000000000000000 ) ) ;
#6472 = ADVANCED_FACE ( 'NONE', ( #1178 ), #7906, .T. ) ;
#6471 = LINE ( 'NONE', #1085, #2269 ) ;
#6473 = ADVANCED_FACE ( 'NONE', ( #3267 ), #3581, .T. ) ;
#6474 = EDGE_CURVE ( 'NONE', #3893, #2042, #6868, .T. ) ;
#6475 = FACE_OUTER_BOUND ( 'NONE', #1974, .T. ) ;
#6476 = AXIS2_PLACEMENT_3D ( 'NONE', #5541, #805, #7519 ) ;
#6477 = CARTESIAN_POINT ( 'NONE',  ( -64.50000000000001421, 11.55402910725211463, -4.599999999999999645 ) ) ;
#6478 = DIRECTION ( 'NONE',  ( -1.000000000000000000, 0.000000000000000000, 0.000000000000000000 ) ) ;
#6479 = ORIENTED_EDGE ( 'NONE', *, *, #3143, .T. ) ;
#6480 = LINE ( 'NONE', #4547, #2804 ) ;
#6481 = LINE ( 'NONE', #7282, #4442 ) ;
#6482 = VECTOR ( 'NONE', #5785, 1000.000000000000000 ) ;
#6483 = ADVANCED_FACE ( 'NONE', ( #2873 ), #3537, .F. ) ;
#6484 = ADVANCED_FACE ( 'NONE', ( #4890 ), #8172, .F. ) ;
#6485 = VERTEX_POINT ( 'NONE', #3445 ) ;
#6486 = CARTESIAN_POINT ( 'NONE',  ( -18.99999999999480238, -18.10213448809411219, 7.497793729437433718 ) ) ;
#6487 = CIRCLE ( 'NONE', #7480, 1.250000000000001110 ) ;
#6488 = ORIENTED_EDGE ( 'NONE', *, *, #6788, .T. ) ;
#6489 = LINE ( 'NONE', #445, #3219 ) ;
#6490 = ORIENTED_EDGE ( 'NONE', *, *, #5515, .F. ) ;
#6491 = PLANE ( 'NONE',  #1042 ) ;
#6492 = CARTESIAN_POINT ( 'NONE',  ( -60.49999999999989342, 0.000000000000000000, 2.000000000000000000 ) ) ;
#6493 = CARTESIAN_POINT ( 'NONE',  ( -16.49999999999981881, 10.25000000000003730, 2.500000000000000000 ) ) ;
#6494 = AXIS2_PLACEMENT_3D ( 'NONE', #434, #6478, #6434 ) ;
#6495 = AXIS2_PLACEMENT_3D ( 'NONE', #6953, #1655, #3613 ) ;
#6496 = DIRECTION ( 'NONE',  ( 0.7071067811865474617, -0.7071067811865474617, 0.000000000000000000 ) ) ;
#6497 = CARTESIAN_POINT ( 'NONE',  ( 9.660710019222545242, 3.659999999999997478, 4.113001826541254680 ) ) ;
#6498 = ORIENTED_EDGE ( 'NONE', *, *, #5435, .F. ) ;
#6499 = DIRECTION ( 'NONE',  ( -0.7071079911327607936, -0.7071055712382637859, 0.000000000000000000 ) ) ;
#6500 = VERTEX_POINT ( 'NONE', #5417 ) ;
#6501 = FACE_OUTER_BOUND ( 'NONE', #540, .T. ) ;
#6502 = CARTESIAN_POINT ( 'NONE',  ( 16.89276987704265665, -26.34000000000000341, 5.582711823296071962 ) ) ;
#6503 = VECTOR ( 'NONE', #187, 1000.000000000000000 ) ;
#6504 = ORIENTED_EDGE ( 'NONE', *, *, #4103, .T. ) ;
#6505 = VECTOR ( 'NONE', #7628, 1000.000000000000000 ) ;
#6506 = CARTESIAN_POINT ( 'NONE',  ( -16.49999999999989697, 17.75000000000002132, 2.500000000000000000 ) ) ;
#6507 = VECTOR ( 'NONE', #3571, 999.9999999999998863 ) ;
#6508 = ORIENTED_EDGE ( 'NONE', *, *, #6514, .T. ) ;
#6509 = LINE ( 'NONE', #3256, #7425 ) ;
#6510 = ORIENTED_EDGE ( 'NONE', *, *, #289, .T. ) ;
#6511 = LINE ( 'NONE', #3212, #2312 ) ;
#6512 = VERTEX_POINT ( 'NONE', #130 ) ;
#6513 = CARTESIAN_POINT ( 'NONE',  ( -16.99999999999985789, 14.00000000000003020, 2.500000000000000000 ) ) ;
#6514 = EDGE_CURVE ( 'NONE', #6054, #1393, #6632, .T. ) ;
#6515 = CIRCLE ( 'NONE', #8080, 0.5000000000000004441 ) ;
#6516 = CARTESIAN_POINT ( 'NONE',  ( -64.26000000000000512, 18.69999999999999929, -2.200000000000000622 ) ) ;
#6517 = PLANE ( 'NONE',  #3538 ) ;
#6518 = FACE_BOUND ( 'NONE', #2449, .T. ) ;
#6519 = PLANE ( 'NONE',  #8702 ) ;
#6520 = EDGE_CURVE ( 'NONE', #1833, #2404, #3967, .T. ) ;
#6521 = DIRECTION ( 'NONE',  ( 0.7071067811865474617, -0.7071067811865474617, 0.000000000000000000 ) ) ;
#6522 = EDGE_CURVE ( 'NONE', #6146, #3463, #2164, .T. ) ;
#6523 = ORIENTED_EDGE ( 'NONE', *, *, #1791, .F. ) ;
#6524 = CARTESIAN_POINT ( 'NONE',  ( 12.68749999999997691, 3.003749999999987264, 0.07192234969262845112 ) ) ;
#6525 = SURFACE_STYLE_USAGE ( .BOTH. , #1141 ) ;
#6526 = CARTESIAN_POINT ( 'NONE',  ( -17.15436971892195217, -15.99451103075266012, 7.880997994408608598 ) ) ;
#6527 = EDGE_CURVE ( 'NONE', #3453, #2895, #7354, .T. ) ;
#6528 = EDGE_CURVE ( 'NONE', #137, #6856, #2214, .T. ) ;
#6529 = ORIENTED_EDGE ( 'NONE', *, *, #484, .F. ) ;
#6530 = CARTESIAN_POINT ( 'NONE',  ( 6.375000000000019540, -15.34000000000000341, 1.000000000000000000 ) ) ;
#6531 = VERTEX_POINT ( 'NONE', #1484 ) ;
#6532 = DIRECTION ( 'NONE',  ( 0.9999999999985359489, -1.711123806354915250E-06, 0.000000000000000000 ) ) ;
#6533 = VECTOR ( 'NONE', #5263, 1000.000000000000000 ) ;
#6534 = CARTESIAN_POINT ( 'NONE',  ( 12.68749999999999467, -24.33999999999999986, 1.000000000000000000 ) ) ;
#6535 = FACE_OUTER_BOUND ( 'NONE', #5408, .T. ) ;
#6536 = CARTESIAN_POINT ( 'NONE',  ( 23.00000000000000000, -33.00000000000000711, -2.200000000000000622 ) ) ;
#6537 = VECTOR ( 'NONE', #4672, 1000.000000000000000 ) ;
#6538 = ORIENTED_EDGE ( 'NONE', *, *, #8531, .T. ) ;
#6539 = FACE_BOUND ( 'NONE', #3990, .T. ) ;
#6540 = ORIENTED_EDGE ( 'NONE', *, *, #2458, .F. ) ;
#6541 = CARTESIAN_POINT ( 'NONE',  ( -63.01000000000001222, 18.69999999999999929, -4.599999999999999645 ) ) ;
#6542 = DIRECTION ( 'NONE',  ( 0.000000000000000000, 0.000000000000000000, -1.000000000000000000 ) ) ;
#6543 = ORIENTED_EDGE ( 'NONE', *, *, #1868, .F. ) ;
#6544 = ORIENTED_EDGE ( 'NONE', *, *, #5608, .T. ) ;
#6545 = FACE_OUTER_BOUND ( 'NONE', #7095, .T. ) ;
#6546 = ORIENTED_EDGE ( 'NONE', *, *, #6800, .F. ) ;
#6547 = FILL_AREA_STYLE ('',( #1167 ) ) ;
#6548 = ORIENTED_EDGE ( 'NONE', *, *, #3187, .F. ) ;
#6549 = AXIS2_PLACEMENT_3D ( 'NONE', #6516, #8562, #471 ) ;
#6550 = EDGE_LOOP ( 'NONE', ( #2107, #465 ) ) ;
#6551 = CARTESIAN_POINT ( 'NONE',  ( 1.418824816032518532, 3.450248910364980492, 4.413486547004837668 ) ) ;
#6552 = DIRECTION ( 'NONE',  ( 0.000000000000000000, 0.000000000000000000, -1.000000000000000000 ) ) ;
#6553 = PLANE ( 'NONE',  #6618 ) ;
#6554 = DIRECTION ( 'NONE',  ( 1.734723475976805517E-15, -1.000000000000000000, 0.000000000000000000 ) ) ;
#6555 = LINE ( 'NONE', #2529, #1972 ) ;
#6556 = CARTESIAN_POINT ( 'NONE',  ( 16.49999999999997513, -15.34000000000000341, 4.500000000000000888 ) ) ;
#6557 = CARTESIAN_POINT ( 'NONE',  ( -57.50000000000000711, 2.999999999999991118, -2.299999999999999822 ) ) ;
#6558 = VERTEX_POINT ( 'NONE', #4277 ) ;
#6559 = CARTESIAN_POINT ( 'NONE',  ( 16.49999999999997513, 3.659999999999997033, 4.500000000000000888 ) ) ;
#6560 =( NAMED_UNIT ( * ) PLANE_ANGLE_UNIT ( ) SI_UNIT ( $, .RADIAN. ) );
#6561 = DIRECTION ( 'NONE',  ( -1.896380255952778525E-15, -0.9838699100999075409, -0.1788854381999831766 ) ) ;
#6562 = CARTESIAN_POINT ( 'NONE',  ( 0.000000000000000000, 0.000000000000000000, 4.500000000000000888 ) ) ;
#6563 = ADVANCED_FACE ( 'NONE', ( #735 ), #4183, .F. ) ;
#6564 = DIRECTION ( 'NONE',  ( 1.000000000000000000, 0.000000000000000000, 0.000000000000000000 ) ) ;
#6565 = EDGE_LOOP ( 'NONE', ( #4728, #7304, #824, #6125 ) ) ;
#6566 = DIRECTION ( 'NONE',  ( -0.000000000000000000, -0.000000000000000000, -1.000000000000000000 ) ) ;
#6567 = EDGE_LOOP ( 'NONE', ( #4686, #4002, #4200, #3118, #4546, #6700 ) ) ;
#6568 = AXIS2_PLACEMENT_3D ( 'NONE', #7816, #7725, #433 ) ;
#6569 = FACE_OUTER_BOUND ( 'NONE', #1293, .T. ) ;
#6570 = CARTESIAN_POINT ( 'NONE',  ( -67.91000000000001080, 3.159999999999996145, 4.000000000000000000 ) ) ;
#6571 = EDGE_CURVE ( 'NONE', #1705, #3392, #170, .T. ) ;
#6572 = FACE_OUTER_BOUND ( 'NONE', #58, .T. ) ;
#6573 = PLANE ( 'NONE',  #5946 ) ;
#6574 = EDGE_CURVE ( 'NONE', #1031, #6614, #5102, .T. ) ;
#6575 = ADVANCED_FACE ( 'NONE', ( #2779 ), #870, .T. ) ;
#6576 = CIRCLE ( 'NONE', #8438, 1.250000000000001110 ) ;
#6577 = CARTESIAN_POINT ( 'NONE',  ( -21.75000000000000000, 33.00000000000000000, -2.200000000000000178 ) ) ;
#6578 =( GEOMETRIC_REPRESENTATION_CONTEXT ( 3 ) GLOBAL_UNCERTAINTY_ASSIGNED_CONTEXT ( ( #6459 ) ) GLOBAL_UNIT_ASSIGNED_CONTEXT ( ( #1206, #1257, #7434 ) ) REPRESENTATION_CONTEXT ( 'NONE', 'WORKASPACE' ) );
#6579 = ORIENTED_EDGE ( 'NONE', *, *, #5980, .T. ) ;
#6580 = DIRECTION ( 'NONE',  ( 0.000000000000000000, 0.000000000000000000, 1.000000000000000000 ) ) ;
#6581 = EDGE_LOOP ( 'NONE', ( #2120, #4793, #3162, #435 ) ) ;
#6582 = DIRECTION ( 'NONE',  ( -1.000000000000000000, 0.000000000000000000, 0.000000000000000000 ) ) ;
#6583 = CARTESIAN_POINT ( 'NONE',  ( 16.50000000000000000, -25.92944271909999188, 6.074646778345456966 ) ) ;
#6584 = ORIENTED_EDGE ( 'NONE', *, *, #2396, .F. ) ;
#6585 = EDGE_CURVE ( 'NONE', #778, #1179, #6293, .T. ) ;
#6586 = AXIS2_PLACEMENT_3D ( 'NONE', #6793, #7290, #4762 ) ;
#6587 = AXIS2_PLACEMENT_3D ( 'NONE', #1886, #2550, #5225 ) ;
#6588 = DIRECTION ( 'NONE',  ( 5.256737805990324790E-17, -1.000000000000000000, 0.000000000000000000 ) ) ;
#6589 = EDGE_CURVE ( 'NONE', #6979, #8615, #861, .T. ) ;
#6590 = DIRECTION ( 'NONE',  ( 0.000000000000000000, -0.000000000000000000, -1.000000000000000000 ) ) ;
#6591 = EDGE_LOOP ( 'NONE', ( #7649, #2566, #6290, #5877 ) ) ;
#6592 = AXIS2_PLACEMENT_3D ( 'NONE', #2362, #5821, #4416 ) ;
#6593 = ORIENTED_EDGE ( 'NONE', *, *, #6861, .T. ) ;
#6594 = DIRECTION ( 'NONE',  ( 1.734723475976807341E-16, -1.000000000000000000, 0.000000000000000000 ) ) ;
#6595 = AXIS2_PLACEMENT_3D ( 'NONE', #4758, #2585, #5908 ) ;
#6596 = ORIENTED_EDGE ( 'NONE', *, *, #8388, .F. ) ;
#6597 = CARTESIAN_POINT ( 'NONE',  ( -1.249999999999980238, -15.83999999999999986, 7.400893641477320983 ) ) ;
#6598 = CARTESIAN_POINT ( 'NONE',  ( -64.26000000000000512, 18.69999999999999929, -2.299999999999999822 ) ) ;
#6599 = CARTESIAN_POINT ( 'NONE',  ( -19.49999999999999645, 3.659999999999997033, 4.500000000000000888 ) ) ;
#6600 = CIRCLE ( 'NONE', #544, 0.6562500000000109912 ) ;
#6601 = FACE_BOUND ( 'NONE', #4370, .T. ) ;
#6602 = CARTESIAN_POINT ( 'NONE',  ( -20.00000000000000355, 33.00000000000001421, -5.837274330926434551 ) ) ;
#6603 = DIRECTION ( 'NONE',  ( -1.000000000000000000, 0.000000000000000000, 0.000000000000000000 ) ) ;
#6604 = VECTOR ( 'NONE', #5250, 1000.000000000000000 ) ;
#6605 = ORIENTED_EDGE ( 'NONE', *, *, #5565, .T. ) ;
#6606 = DIRECTION ( 'NONE',  ( 0.000000000000000000, 0.000000000000000000, -1.000000000000000000 ) ) ;
#6607 = PLANE ( 'NONE',  #2899 ) ;
#6608 = LINE ( 'NONE', #3272, #2311 ) ;
#6609 = DIRECTION ( 'NONE',  ( -1.000000000000000000, 1.927470528863119739E-15, -0.000000000000000000 ) ) ;
#6610 = CIRCLE ( 'NONE', #5074, 1.250000000000001110 ) ;
#6611 = FACE_BOUND ( 'NONE', #5045, .T. ) ;
#6612 = ORIENTED_EDGE ( 'NONE', *, *, #7836, .T. ) ;
#6613 = CARTESIAN_POINT ( 'NONE',  ( -61.00000000000001421, 6.499999999999992006, -2.299999999999999822 ) ) ;
#6614 = VERTEX_POINT ( 'NONE', #1800 ) ;
#6615 = VECTOR ( 'NONE', #8062, 1000.000000000000000 ) ;
#6616 = CARTESIAN_POINT ( 'NONE',  ( -5.062499999999984013, 3.003749999999987264, 0.07192234969262845112 ) ) ;
#6617 = EDGE_CURVE ( 'NONE', #2044, #259, #5809, .T. ) ;
#6618 = AXIS2_PLACEMENT_3D ( 'NONE', #8609, #5943, #600 ) ;
#6619 = DIRECTION ( 'NONE',  ( -0.000000000000000000, -0.000000000000000000, 1.000000000000000000 ) ) ;
#6620 = VERTEX_POINT ( 'NONE', #2482 ) ;
#6621 = DIRECTION ( 'NONE',  ( 0.000000000000000000, -0.000000000000000000, -1.000000000000000000 ) ) ;
#6622 = ORIENTED_EDGE ( 'NONE', *, *, #1118, .F. ) ;
#6623 = CARTESIAN_POINT ( 'NONE',  ( 16.92345596729059309, 4.519999999999997797, 0.000000000000000000 ) ) ;
#6624 = FACE_OUTER_BOUND ( 'NONE', #4383, .T. ) ;
#6625 = EDGE_CURVE ( 'NONE', #4265, #4145, #5156, .T. ) ;
#6626 = EDGE_LOOP ( 'NONE', ( #4049, #5153, #335, #4610 ) ) ;
#6627 = ADVANCED_FACE ( 'NONE', ( #7185 ), #4316, .T. ) ;
#6628 = AXIS2_PLACEMENT_3D ( 'NONE', #3125, #8596, #3869 ) ;
#6629 = DIRECTION ( 'NONE',  ( -1.706742230357500909E-15, 0.9838699100999075409, 0.1788854381999831766 ) ) ;
#6630 = DIRECTION ( 'NONE',  ( -0.000000000000000000, -0.000000000000000000, -1.000000000000000000 ) ) ;
#6631 = VERTEX_POINT ( 'NONE', #6513 ) ;
#6632 = CIRCLE ( 'NONE', #2441, 0.5000000000000004441 ) ;
#6633 = EDGE_CURVE ( 'NONE', #1755, #1207, #6339, .T. ) ;
#6634 = CARTESIAN_POINT ( 'NONE',  ( -2.164692789413261043, 3.623345629987757999, 4.225949607708943567 ) ) ;
#6635 = CIRCLE ( 'NONE', #2851, 2.999999999999995559 ) ;
#6636 = ORIENTED_EDGE ( 'NONE', *, *, #5501, .F. ) ;
#6637 = CARTESIAN_POINT ( 'NONE',  ( -26.00000000000000000, -36.00000000000000000, -1.000000000000000000 ) ) ;
#6638 = ORIENTED_EDGE ( 'NONE', *, *, #4851, .F. ) ;
#6639 = EDGE_CURVE ( 'NONE', #6676, #801, #7809, .T. ) ;
#6640 = DIRECTION ( 'NONE',  ( -0.000000000000000000, -0.000000000000000000, -1.000000000000000000 ) ) ;
#6641 = LINE ( 'NONE', #7857, #1857 ) ;
#6642 = AXIS2_PLACEMENT_3D ( 'NONE', #451, #2371, #3813 ) ;
#6643 = VECTOR ( 'NONE', #6061, 1000.000000000000000 ) ;
#6644 = CARTESIAN_POINT ( 'NONE',  ( -16.49999999999997513, 25.25000000000000711, 0.5000000000000000000 ) ) ;
#6645 = EDGE_LOOP ( 'NONE', ( #419, #8505, #5392, #1678, #7806, #2563, #2508, #3906 ) ) ;
#6646 = VECTOR ( 'NONE', #8283, 1000.000000000000000 ) ;
#6647 = DIRECTION ( 'NONE',  ( -0.000000000000000000, -0.000000000000000000, 1.000000000000000000 ) ) ;
#6648 = AXIS2_PLACEMENT_3D ( 'NONE', #7424, #2008, #4123 ) ;
#6649 = VERTEX_POINT ( 'NONE', #8429 ) ;
#6650 = CARTESIAN_POINT ( 'NONE',  ( 2.562500000000019540, -15.34000000000000341, 4.500000000000000888 ) ) ;
#6651 = CARTESIAN_POINT ( 'NONE',  ( 10.18750000000000178, -26.83999999999999275, 5.909090909090911836 ) ) ;
#6652 = DIRECTION ( 'NONE',  ( 0.000000000000000000, 0.000000000000000000, -1.000000000000000000 ) ) ;
#6653 = CARTESIAN_POINT ( 'NONE',  ( -60.61000000000001364, 18.69999999999999929, -5.599999999999999645 ) ) ;
#6654 = CARTESIAN_POINT ( 'NONE',  ( 1.906249999999998224, 3.659999999999996589, 4.000000000000000000 ) ) ;
#6655 = CARTESIAN_POINT ( 'NONE',  ( -1.249999999999996447, -26.83999999999999275, 5.909090909090911836 ) ) ;
#6656 = ORIENTED_EDGE ( 'NONE', *, *, #3186, .T. ) ;
#6657 = CARTESIAN_POINT ( 'NONE',  ( 23.00000000000000000, 33.00000000000000711, -3.000000000000000000 ) ) ;
#6658 = VERTEX_POINT ( 'NONE', #5766 ) ;
#6659 = FACE_BOUND ( 'NONE', #6382, .T. ) ;
#6660 = CARTESIAN_POINT ( 'NONE',  ( 19.00000000000000355, -18.34000000000002117, 6.946348186931863289 ) ) ;
#6661 = CARTESIAN_POINT ( 'NONE',  ( -13.34374999999998757, 3.003749999999987264, 1.000000000000000000 ) ) ;
#6662 = DIRECTION ( 'NONE',  ( -1.000000000000000000, 0.000000000000000000, 0.000000000000000000 ) ) ;
#6663 = EDGE_LOOP ( 'NONE', ( #5643, #7828, #8231, #5476 ) ) ;
#6664 = CARTESIAN_POINT ( 'NONE',  ( -6.335463435546365929, 3.244292926283404377, 4.500000000000000888 ) ) ;
#6665 = VERTEX_POINT ( 'NONE', #2394 ) ;
#6666 = CARTESIAN_POINT ( 'NONE',  ( -20.40000000000000213, 33.00000000000000000, -2.200000000000000622 ) ) ;
#6667 = VECTOR ( 'NONE', #5526, 999.9999999999998863 ) ;
#6668 = DIRECTION ( 'NONE',  ( -0.000000000000000000, -1.000000000000000000, -0.000000000000000000 ) ) ;
#6669 = EDGE_LOOP ( 'NONE', ( #2688, #4930, #5537, #8256, #7446, #4582, #8707, #3348 ) ) ;
#6670 = FACE_OUTER_BOUND ( 'NONE', #4008, .T. ) ;
#6671 = FACE_OUTER_BOUND ( 'NONE', #210, .T. ) ;
#6672 = CARTESIAN_POINT ( 'NONE',  ( -18.00000000000000711, 12.75000000000002665, 0.5000000000000000000 ) ) ;
#6673 = VECTOR ( 'NONE', #4558, 1000.000000000000000 ) ;
#6674 = DIRECTION ( 'NONE',  ( -0.000000000000000000, -0.000000000000000000, -1.000000000000000000 ) ) ;
#6675 = EDGE_CURVE ( 'NONE', #3784, #825, #5800, .T. ) ;
#6676 = VERTEX_POINT ( 'NONE', #4407 ) ;
#6677 = DIRECTION ( 'NONE',  ( -1.000000000000000000, 0.000000000000000000, 0.000000000000000000 ) ) ;
#6678 = ORIENTED_EDGE ( 'NONE', *, *, #6460, .F. ) ;
#6679 = CARTESIAN_POINT ( 'NONE',  ( -61.00000000000001421, 32.49999999999999289, 1.000000000000000000 ) ) ;
#6680 = ORIENTED_EDGE ( 'NONE', *, *, #7942, .T. ) ;
#6681 = DIRECTION ( 'NONE',  ( -1.000000000000000000, 0.000000000000000000, -0.000000000000000000 ) ) ;
#6682 = CIRCLE ( 'NONE', #6968, 3.000000000000002665 ) ;
#6683 = CARTESIAN_POINT ( 'NONE',  ( -18.50000000000001066, 24.00000000000000711, 1.000000000000000000 ) ) ;
#6684 = ADVANCED_FACE ( 'NONE', ( #1081 ), #3790, .F. ) ;
#6685 = EDGE_CURVE ( 'NONE', #8496, #2848, #4251, .T. ) ;
#6686 = DIRECTION ( 'NONE',  ( -0.000000000000000000, -0.000000000000000000, 1.000000000000000000 ) ) ;
#6687 = ADVANCED_FACE ( 'NONE', ( #7645 ), #94, .T. ) ;
#6688 = VERTEX_POINT ( 'NONE', #4156 ) ;
#6689 = ORIENTED_EDGE ( 'NONE', *, *, #2621, .T. ) ;
#6690 = ORIENTED_EDGE ( 'NONE', *, *, #5768, .F. ) ;
#6691 = CARTESIAN_POINT ( 'NONE',  ( -3.812500000000000000, -24.33999999999999986, 7.900893641477321871 ) ) ;
#6692 = ORIENTED_EDGE ( 'NONE', *, *, #7488, .T. ) ;
#6693 = LINE ( 'NONE', #1986, #1239 ) ;
#6694 = DIRECTION ( 'NONE',  ( 0.000000000000000000, 0.000000000000000000, -1.000000000000000000 ) ) ;
#6695 = VECTOR ( 'NONE', #3134, 999.9999999999998863 ) ;
#6696 = CARTESIAN_POINT ( 'NONE',  ( -3.742324802107271081E-15, 24.00000000000001066, 1.000000000000000000 ) ) ;
#6697 = DIRECTION ( 'NONE',  ( -1.000000000000000000, 0.000000000000000000, -0.000000000000000000 ) ) ;
#6698 = ORIENTED_EDGE ( 'NONE', *, *, #5627, .F. ) ;
#6699 = FACE_BOUND ( 'NONE', #6069, .T. ) ;
#6700 = ORIENTED_EDGE ( 'NONE', *, *, #7178, .T. ) ;
#6701 = FACE_OUTER_BOUND ( 'NONE', #5457, .T. ) ;
#6702 = DIRECTION ( 'NONE',  ( 0.9999999999985359489, -1.711123806354915250E-06, 0.000000000000000000 ) ) ;
#6703 = CARTESIAN_POINT ( 'NONE',  ( 9.531249999999991118, 3.003749999999987264, 0.07192234969262845112 ) ) ;
#6704 = LINE ( 'NONE', #3242, #4926 ) ;
#6705 = ORIENTED_EDGE ( 'NONE', *, *, #4653, .T. ) ;
#6706 = CARTESIAN_POINT ( 'NONE',  ( 19.43362324718605194, -17.31024077555447249, -1.699999999999999956 ) ) ;
#6707 = ORIENTED_EDGE ( 'NONE', *, *, #4441, .F. ) ;
#6708 = DIRECTION ( 'NONE',  ( 0.000000000000000000, -0.9838699100999075409, -0.1788854381999831489 ) ) ;
#6709 = LINE ( 'NONE', #7466, #5319 ) ;
#6710 = EDGE_LOOP ( 'NONE', ( #4017, #6046 ) ) ;
#6711 = SURFACE_SIDE_STYLE ('',( #7389 ) ) ;
#6712 = DIRECTION ( 'NONE',  ( 8.326672684688667742E-15, 1.000000000000000000, 0.000000000000000000 ) ) ;
#6713 = CARTESIAN_POINT ( 'NONE',  ( 17.15436971892138374, -15.99451103075265657, 7.880997994408608598 ) ) ;
#6714 = VECTOR ( 'NONE', #4124, 1000.000000000000000 ) ;
#6715 = CARTESIAN_POINT ( 'NONE',  ( -15.60345596729059636, 4.520000000000003126, 0.000000000000000000 ) ) ;
#6716 = DIRECTION ( 'NONE',  ( 1.000000000000000000, 0.000000000000000000, -0.000000000000000000 ) ) ;
#6717 = ORIENTED_EDGE ( 'NONE', *, *, #5881, .F. ) ;
#6718 = CARTESIAN_POINT ( 'NONE',  ( -14.49999999999999467, 27.49999999999999645, 1.000000000000000000 ) ) ;
#6719 = VERTEX_POINT ( 'NONE', #6172 ) ;
#6720 = ORIENTED_EDGE ( 'NONE', *, *, #6976, .F. ) ;
#6721 = FACE_OUTER_BOUND ( 'NONE', #6663, .T. ) ;
#6722 = VECTOR ( 'NONE', #6138, 1000.000000000000000 ) ;
#6723 = VECTOR ( 'NONE', #7038, 999.9999999999998863 ) ;
#6724 = LINE ( 'NONE', #8161, #5587 ) ;
#6725 = EDGE_CURVE ( 'NONE', #1794, #3932, #141, .T. ) ;
#6726 = CARTESIAN_POINT ( 'NONE',  ( -60.99999999999989342, 0.000000000000000000, 1.000000000000000000 ) ) ;
#6727 = AXIS2_PLACEMENT_3D ( 'NONE', #7830, #7208, #6445 ) ;
#6728 = VECTOR ( 'NONE', #4379, 1000.000000000000000 ) ;
#6729 = VERTEX_POINT ( 'NONE', #2133 ) ;
#6730 = ORIENTED_EDGE ( 'NONE', *, *, #5760, .F. ) ;
#6731 = VERTEX_POINT ( 'NONE', #6883 ) ;
#6732 = DIRECTION ( 'NONE',  ( -1.000000000000000000, 0.000000000000000000, 0.000000000000000000 ) ) ;
#6733 = EDGE_CURVE ( 'NONE', #6263, #7137, #885, .T. ) ;
#6734 = CARTESIAN_POINT ( 'NONE',  ( -1.249999999999979350, -15.34000000000000341, 7.400893641477320983 ) ) ;
#6735 = ORIENTED_EDGE ( 'NONE', *, *, #5518, .T. ) ;
#6736 = DIRECTION ( 'NONE',  ( -0.7071067811865474617, 0.7071067811865474617, 0.000000000000000000 ) ) ;
#6737 = VECTOR ( 'NONE', #8082, 1000.000000000000000 ) ;
#6738 = DIRECTION ( 'NONE',  ( -1.000000000000000000, 0.000000000000000000, 0.000000000000000000 ) ) ;
#6739 = EDGE_CURVE ( 'NONE', #1380, #6614, #1413, .T. ) ;
#6740 = CARTESIAN_POINT ( 'NONE',  ( 20.40000000000000213, -33.00000000000000711, -10.35391052434009040 ) ) ;
#6741 = AXIS2_PLACEMENT_3D ( 'NONE', #1063, #5141, #370 ) ;
#6742 = CARTESIAN_POINT ( 'NONE',  ( 13.34374999999998757, 3.003749999999987264, 4.500000000000000888 ) ) ;
#6743 = ORIENTED_EDGE ( 'NONE', *, *, #1507, .F. ) ;
#6744 = DIRECTION ( 'NONE',  ( -0.000000000000000000, -0.000000000000000000, 1.000000000000000000 ) ) ;
#6745 = ORIENTED_EDGE ( 'NONE', *, *, #7248, .F. ) ;
#6746 = DIRECTION ( 'NONE',  ( 1.000000000000000000, 0.000000000000000000, 0.000000000000000000 ) ) ;
#6747 = EDGE_CURVE ( 'NONE', #6500, #3660, #3270, .T. ) ;
#6748 = EDGE_CURVE ( 'NONE', #7464, #6856, #6838, .T. ) ;
#6749 = VECTOR ( 'NONE', #573, 1000.000000000000000 ) ;
#6750 = B_SPLINE_CURVE_WITH_KNOTS ( 'NONE', 3,
 ( #6223, #3015, #3675, #1632, #7065, #5738, #3551, #2886 ),
 .UNSPECIFIED., .F., .F.,
 ( 4, 2, 2, 4 ),
 ( 0.000000000000000000, 0.0002558523244315538225, 0.0005117046488631076450, 0.001023409297726213989 ),
 .UNSPECIFIED. ) ;
#6751 = DIRECTION ( 'NONE',  ( 1.000000000000000000, 1.734723475976807883E-15, 0.000000000000000000 ) ) ;
#6752 = ORIENTED_EDGE ( 'NONE', *, *, #4920, .T. ) ;
#6753 = CARTESIAN_POINT ( 'NONE',  ( -6.206175183967476805, 3.450248910364979604, 4.413486547004839444 ) ) ;
#6754 = AXIS2_PLACEMENT_3D ( 'NONE', #3837, #7900, #6554 ) ;
#6755 = ORIENTED_EDGE ( 'NONE', *, *, #830, .T. ) ;
#6756 = CARTESIAN_POINT ( 'NONE',  ( 13.83118274791346280, 3.450240184018303236, 4.413492270693931907 ) ) ;
#6757 = CARTESIAN_POINT ( 'NONE',  ( -64.26000000000000512, 18.69999999999999929, -2.200000000000000622 ) ) ;
#6758 = EDGE_LOOP ( 'NONE', ( #7862, #5509, #7627, #3243, #8464, #353, #3823, #1205 ) ) ;
#6759 = LINE ( 'NONE', #2721, #3432 ) ;
#6760 = CYLINDRICAL_SURFACE ( 'NONE', #6215, 0.6562500000000109912 ) ;
#6761 = CARTESIAN_POINT ( 'NONE',  ( -16.99999999999989697, 17.75000000000002132, 2.000000000000000000 ) ) ;
#6762 = VECTOR ( 'NONE', #8308, 1000.000000000000114 ) ;
#6763 = FACE_OUTER_BOUND ( 'NONE', #1473, .T. ) ;
#6764 = ORIENTED_EDGE ( 'NONE', *, *, #300, .F. ) ;
#6765 = PLANE ( 'NONE',  #4056 ) ;
#6766 = VERTEX_POINT ( 'NONE', #5615 ) ;
#6767 = DIRECTION ( 'NONE',  ( -0.000000000000000000, -0.000000000000000000, 1.000000000000000000 ) ) ;
#6768 = CYLINDRICAL_SURFACE ( 'NONE', #7007, 2.599999999999998312 ) ;
#6769 = ORIENTED_EDGE ( 'NONE', *, *, #817, .F. ) ;
#6770 = VECTOR ( 'NONE', #7275, 999.9999999999998863 ) ;
#6771 = CARTESIAN_POINT ( 'NONE',  ( -60.49999999999992895, 21.50000000000000000, 2.500000000000000000 ) ) ;
#6772 = CARTESIAN_POINT ( 'NONE',  ( -15.60345596729059636, 4.520000000000003126, -0.5999999999999999778 ) ) ;
#6773 = VECTOR ( 'NONE', #6974, 1000.000000000000000 ) ;
#6774 = AXIS2_PLACEMENT_3D ( 'NONE', #8471, #1526, #6910 ) ;
#6775 = VERTEX_POINT ( 'NONE', #1548 ) ;
#6776 = EDGE_LOOP ( 'NONE', ( #7231, #5610, #629, #8416, #6140, #8027, #4222, #7260 ) ) ;
#6777 = EDGE_LOOP ( 'NONE', ( #3578, #3763, #5531, #171, #6885 ) ) ;
#6778 = CARTESIAN_POINT ( 'NONE',  ( -60.49999999999985079, 12.74999999999999822, 2.000000000000000000 ) ) ;
#6779 = ORIENTED_EDGE ( 'NONE', *, *, #2241, .F. ) ;
#6780 = CARTESIAN_POINT ( 'NONE',  ( 1.249999999999976907, -15.83999999999999986, 7.900893641477321871 ) ) ;
#6781 = FACE_OUTER_BOUND ( 'NONE', #6060, .T. ) ;
#6782 = CIRCLE ( 'NONE', #7638, 0.6562500000000109912 ) ;
#6783 = VECTOR ( 'NONE', #5065, 1000.000000000000114 ) ;
#6784 = DIRECTION ( 'NONE',  ( -0.000000000000000000, -0.000000000000000000, -1.000000000000000000 ) ) ;
#6785 = CARTESIAN_POINT ( 'NONE',  ( -16.50000000000001421, 29.00000000000000000, 1.000000000000000000 ) ) ;
#6786 = CARTESIAN_POINT ( 'NONE',  ( 25.59999999999999787, -33.00000000000000711, -0.3333333333333365345 ) ) ;
#6787 = CIRCLE ( 'NONE', #1150, 10.00000000000000178 ) ;
#6788 = EDGE_CURVE ( 'NONE', #79, #5239, #8521, .T. ) ;
#6789 = MECHANICAL_DESIGN_GEOMETRIC_PRESENTATION_REPRESENTATION (  '', ( #7648 ), #4970 ) ;
#6790 = EDGE_CURVE ( 'NONE', #1639, #4193, #792, .T. ) ;
#6791 = CARTESIAN_POINT ( 'NONE',  ( -67.91000000000001080, 3.159999999999996145, 4.000000000000000000 ) ) ;
#6792 = ORIENTED_EDGE ( 'NONE', *, *, #955, .F. ) ;
#6793 = CARTESIAN_POINT ( 'NONE',  ( -16.49999999999997513, -15.34000000000000341, 7.900893641477321871 ) ) ;
#6794 = ORIENTED_EDGE ( 'NONE', *, *, #2658, .T. ) ;
#6795 = CYLINDRICAL_SURFACE ( 'NONE', #8524, 0.5000000000000004441 ) ;
#6796 = DIRECTION ( 'NONE',  ( -0.000000000000000000, -0.000000000000000000, 1.000000000000000000 ) ) ;
#6797 = EDGE_CURVE ( 'NONE', #6676, #7364, #4196, .T. ) ;
#6798 = DIRECTION ( 'NONE',  ( -1.000000000000000000, 0.000000000000000000, 0.000000000000000000 ) ) ;
#6799 = EDGE_CURVE ( 'NONE', #3786, #5396, #7458, .T. ) ;
#6800 = EDGE_CURVE ( 'NONE', #5350, #4707, #6782, .T. ) ;
#6801 = DIRECTION ( 'NONE',  ( -1.000000000000000000, 0.000000000000000000, -0.000000000000000000 ) ) ;
#6802 = VERTEX_POINT ( 'NONE', #1496 ) ;
#6803 = DIRECTION ( 'NONE',  ( 0.000000000000000000, 0.000000000000000000, -1.000000000000000000 ) ) ;
#6804 = ORIENTED_EDGE ( 'NONE', *, *, #371, .F. ) ;
#6805 = DIRECTION ( 'NONE',  ( 0.000000000000000000, 0.000000000000000000, -1.000000000000000000 ) ) ;
#6806 = LINE ( 'NONE', #6053, #806 ) ;
#6807 = ORIENTED_EDGE ( 'NONE', *, *, #1578, .F. ) ;
#6808 = DIRECTION ( 'NONE',  ( -0.000000000000000000, -0.000000000000000000, 1.000000000000000000 ) ) ;
#6809 = FACE_OUTER_BOUND ( 'NONE', #3434, .T. ) ;
#6810 = CARTESIAN_POINT ( 'NONE',  ( -18.30654557499454782, -25.76577758136466656, 6.104404076115596212 ) ) ;
#6811 = CARTESIAN_POINT ( 'NONE',  ( 18.39316034643434605, -15.97698797177499941, 7.884184005131764650 ) ) ;
#6812 = ADVANCED_FACE ( 'NONE', ( #3594 ), #2926, .F. ) ;
#6813 = CARTESIAN_POINT ( 'NONE',  ( -16.49999999999997513, -15.34000000000000163, 8.000000000000000000 ) ) ;
#6814 = ORIENTED_EDGE ( 'NONE', *, *, #6625, .F. ) ;
#6815 = DIRECTION ( 'NONE',  ( -0.000000000000000000, -0.000000000000000000, 1.000000000000000000 ) ) ;
#6816 = ORIENTED_EDGE ( 'NONE', *, *, #8641, .F. ) ;
#6817 = FACE_OUTER_BOUND ( 'NONE', #2084, .T. ) ;
#6818 = CARTESIAN_POINT ( 'NONE',  ( 25.59999999999999787, 33.00000000000000711, 1.000000000000000000 ) ) ;
#6819 = ORIENTED_EDGE ( 'NONE', *, *, #6091, .F. ) ;
#6820 = CARTESIAN_POINT ( 'NONE',  ( -16.49999999999997513, -26.34000000000000341, 5.582711823295502640 ) ) ;
#6821 = DIRECTION ( 'NONE',  ( 1.734723475976807883E-15, -1.000000000000000000, 0.000000000000000000 ) ) ;
#6822 = ORIENTED_EDGE ( 'NONE', *, *, #2985, .F. ) ;
#6823 = ORIENTED_EDGE ( 'NONE', *, *, #5397, .T. ) ;
#6824 = ORIENTED_EDGE ( 'NONE', *, *, #4550, .T. ) ;
#6825 = AXIS2_PLACEMENT_3D ( 'NONE', #6973, #3632, #273 ) ;
#6826 = DIRECTION ( 'NONE',  ( -0.000000000000000000, 0.000000000000000000, -1.000000000000000000 ) ) ;
#6827 = ORIENTED_EDGE ( 'NONE', *, *, #474, .F. ) ;
#6828 = CARTESIAN_POINT ( 'NONE',  ( -9.531249999999991118, 3.003749999999987264, 4.500000000000000888 ) ) ;
#6829 = DIRECTION ( 'NONE',  ( 0.000000000000000000, 0.000000000000000000, 1.000000000000000000 ) ) ;
#6830 = DIRECTION ( 'NONE',  ( -0.000000000000000000, -0.000000000000000000, 1.000000000000000000 ) ) ;
#6831 = FACE_OUTER_BOUND ( 'NONE', #6591, .T. ) ;
#6832 = AXIS2_PLACEMENT_3D ( 'NONE', #1623, #951, #5512 ) ;
#6833 = CARTESIAN_POINT ( 'NONE',  ( -8.874999999999994671, -24.33999999999999986, 1.000000000000000000 ) ) ;
#6834 = ORIENTED_EDGE ( 'NONE', *, *, #8025, .T. ) ;
#6835 = CARTESIAN_POINT ( 'NONE',  ( -1.906249999999998224, 3.003749999999987264, 0.07192234969262845112 ) ) ;
#6836 = ORIENTED_EDGE ( 'NONE', *, *, #5347, .T. ) ;
#6837 = CARTESIAN_POINT ( 'NONE',  ( 22.99999999999996803, -30.00000000000001421, -0.1788635809607192206 ) ) ;
#6838 = LINE ( 'NONE', #8138, #1870 ) ;
#6839 = EDGE_CURVE ( 'NONE', #4434, #2974, #4288, .T. ) ;
#6840 = LINE ( 'NONE', #7723, #4637 ) ;
#6841 = ORIENTED_EDGE ( 'NONE', *, *, #6380, .F. ) ;
#6842 = DIRECTION ( 'NONE',  ( 1.000000000000000000, 0.000000000000000000, 0.000000000000000000 ) ) ;
#6843 = VERTEX_POINT ( 'NONE', #928 ) ;
#6844 = ADVANCED_FACE ( 'NONE', ( #3058 ), #2409, .T. ) ;
#6845 = CARTESIAN_POINT ( 'NONE',  ( 10.18750000000001599, -15.34000000000000341, 4.500000000000000888 ) ) ;
#6846 = ORIENTED_EDGE ( 'NONE', *, *, #3804, .F. ) ;
#6847 = EDGE_CURVE ( 'NONE', #3392, #2105, #2493, .T. ) ;
#6848 = FACE_BOUND ( 'NONE', #7250, .T. ) ;
#6849 = EDGE_CURVE ( 'NONE', #2211, #8709, #5702, .T. ) ;
#6851 = EDGE_CURVE ( 'NONE', #8006, #1890, #3721, .T. ) ;
#6850 = LINE ( 'NONE', #3514, #1571 ) ;
#6852 = CARTESIAN_POINT ( 'NONE',  ( 14.00000000000001421, -15.83999999999999986, 7.400893641477320983 ) ) ;
#6853 = CARTESIAN_POINT ( 'NONE',  ( -67.11000000000001364, 18.69999999999999929, -5.599999999999999645 ) ) ;
#6854 = ORIENTED_EDGE ( 'NONE', *, *, #3983, .T. ) ;
#6855 = CARTESIAN_POINT ( 'NONE',  ( 0.000000000000000000, -24.33999999999999986, 1.000000000000000000 ) ) ;
#6856 = VERTEX_POINT ( 'NONE', #4332 ) ;
#6857 = CARTESIAN_POINT ( 'NONE',  ( 0.000000000000000000, 0.000000000000000000, 1.000000000000000000 ) ) ;
#6858 = ADVANCED_FACE ( 'NONE', ( #5126 ), #8403, .T. ) ;
#6859 = VERTEX_POINT ( 'NONE', #1768 ) ;
#6860 = CIRCLE ( 'NONE', #5453, 3.500000000000003109 ) ;
#6861 = EDGE_CURVE ( 'NONE', #6775, #6331, #1095, .T. ) ;
#6862 = EDGE_CURVE ( 'NONE', #404, #7583, #3887, .T. ) ;
#6863 = ORIENTED_EDGE ( 'NONE', *, *, #5618, .T. ) ;
#6864 = ORIENTED_EDGE ( 'NONE', *, *, #7792, .T. ) ;
#6865 = ORIENTED_EDGE ( 'NONE', *, *, #2074, .F. ) ;
#6866 = AXIS2_PLACEMENT_3D ( 'NONE', #2022, #7474, #7396 ) ;
#6867 = ORIENTED_EDGE ( 'NONE', *, *, #8704, .F. ) ;
#6868 = LINE ( 'NONE', #1582, #3414 ) ;
#6869 = VERTEX_POINT ( 'NONE', #2038 ) ;
#6870 = CARTESIAN_POINT ( 'NONE',  ( 8.874999999999980460, 3.003749999999987264, 0.07192234969262845112 ) ) ;
#6871 = DIRECTION ( 'NONE',  ( 0.000000000000000000, 0.000000000000000000, -1.000000000000000000 ) ) ;
#6872 = CARTESIAN_POINT ( 'NONE',  ( 26.00000000000001066, -15.83999999999999986, 7.900893641477321871 ) ) ;
#6873 = CARTESIAN_POINT ( 'NONE',  ( -16.99999999999982236, 10.25000000000003730, 2.000000000000000000 ) ) ;
#6874 = VECTOR ( 'NONE', #5535, 1000.000000000000000 ) ;
#6875 = CIRCLE ( 'NONE', #7588, 3.500000000000003109 ) ;
#6876 = CARTESIAN_POINT ( 'NONE',  ( -2.562500000000019540, -15.34000000000000341, 7.900893641477321871 ) ) ;
#6877 = DIRECTION ( 'NONE',  ( 1.000000000000000000, -0.000000000000000000, -0.000000000000000000 ) ) ;
#6878 = CIRCLE ( 'NONE', #5628, 2.599999999999998312 ) ;
#6879 = ORIENTED_EDGE ( 'NONE', *, *, #1069, .T. ) ;
#6880 = DIRECTION ( 'NONE',  ( -0.000000000000000000, -0.000000000000000000, 1.000000000000000000 ) ) ;
#6881 = ORIENTED_EDGE ( 'NONE', *, *, #6353, .F. ) ;
#6882 = DIRECTION ( 'NONE',  ( 1.000000000000000000, 7.016859003951130319E-16, -0.000000000000000000 ) ) ;
#6883 = CARTESIAN_POINT ( 'NONE',  ( 20.00000000000000355, 33.99999999999998579, 0.000000000000000000 ) ) ;
#6884 = AXIS2_PLACEMENT_3D ( 'NONE', #2422, #3817, #1028 ) ;
#6885 = ORIENTED_EDGE ( 'NONE', *, *, #4106, .T. ) ;
#6886 = LINE ( 'NONE', #4911, #7167 ) ;
#6887 = ADVANCED_FACE ( 'NONE', ( #1222 ), #644, .F. ) ;
#6888 = ORIENTED_EDGE ( 'NONE', *, *, #3, .T. ) ;
#6889 = LINE ( 'NONE', #1763, #5660 ) ;
#6890 = ADVANCED_FACE ( 'NONE', ( #5862 ), #4714, .F. ) ;
#6891 = DIRECTION ( 'NONE',  ( -1.000000000000000000, -1.734723475976807883E-15, 0.000000000000000000 ) ) ;
#6892 = ORIENTED_EDGE ( 'NONE', *, *, #6093, .F. ) ;
#6893 = AXIS2_PLACEMENT_3D ( 'NONE', #3922, #5947, #1088 ) ;
#6894 = LINE ( 'NONE', #2803, #1725 ) ;
#6895 = DIRECTION ( 'NONE',  ( -0.000000000000000000, -1.000000000000000000, -0.000000000000000000 ) ) ;
#6896 = CARTESIAN_POINT ( 'NONE',  ( -16.49999999999999645, -26.33999999999999986, 6.000000000000001776 ) ) ;
#6897 = LINE ( 'NONE', #1515, #7626 ) ;
#6898 = AXIS2_PLACEMENT_3D ( 'NONE', #1435, #4140, #6821 ) ;
#6899 = LINE ( 'NONE', #5012, #6320 ) ;
#6900 = ORIENTED_EDGE ( 'NONE', *, *, #5348, .T. ) ;
#6901 = CARTESIAN_POINT ( 'NONE',  ( -18.50000000000001066, 20.25000000000001421, 1.000000000000000000 ) ) ;
#6902 = EDGE_CURVE ( 'NONE', #1773, #1380, #8361, .T. ) ;
#6903 = VERTEX_POINT ( 'NONE', #6653 ) ;
#6904 = LINE ( 'NONE', #1384, #7363 ) ;
#6905 = EDGE_CURVE ( 'NONE', #6856, #2541, #2151, .T. ) ;
#6906 = CARTESIAN_POINT ( 'NONE',  ( 26.00000000000001066, -15.34000000000000341, 8.000000000000000000 ) ) ;
#6907 = ORIENTED_EDGE ( 'NONE', *, *, #3628, .T. ) ;
#6908 = AXIS2_PLACEMENT_3D ( 'NONE', #4944, #267, #3588 ) ;
#6909 = APPLICATION_PROTOCOL_DEFINITION ( 'draft international standard', 'automotive_design', 1998, #2840 ) ;
#6910 = DIRECTION ( 'NONE',  ( 0.000000000000000000, 0.000000000000000000, 1.000000000000000000 ) ) ;
#6911 = ORIENTED_EDGE ( 'NONE', *, *, #4895, .T. ) ;
#6912 = EDGE_CURVE ( 'NONE', #868, #5464, #1271, .T. ) ;
#6913 = ORIENTED_EDGE ( 'NONE', *, *, #6625, .T. ) ;
#6914 = CIRCLE ( 'NONE', #1132, 0.5000000000000001110 ) ;
#6915 = EDGE_CURVE ( 'NONE', #2064, #7781, #6608, .T. ) ;
#6916 = ORIENTED_EDGE ( 'NONE', *, *, #6201, .F. ) ;
#6917 = ORIENTED_EDGE ( 'NONE', *, *, #2628, .F. ) ;
#6918 = DIRECTION ( 'NONE',  ( -1.896380255952778525E-15, -0.9838699100999075409, -0.1788854381999831766 ) ) ;
#6919 = LINE ( 'NONE', #4795, #7591 ) ;
#6920 = LINE ( 'NONE', #2168, #773 ) ;
#6921 = CARTESIAN_POINT ( 'NONE',  ( -22.99999999999999289, 36.00000000000000000, 1.000000000000000000 ) ) ;
#6922 = AXIS2_PLACEMENT_3D ( 'NONE', #756, #6708, #2189 ) ;
#6923 = AXIS2_PLACEMENT_3D ( 'NONE', #7971, #5273, #2602 ) ;
#6924 = PLANE ( 'NONE',  #5784 ) ;
#6925 = AXIS2_PLACEMENT_3D ( 'NONE', #230, #2089, #2226 ) ;
#6926 = CARTESIAN_POINT ( 'NONE',  ( -66.85999999999999943, 18.69999999999999929, -2.200000000000000622 ) ) ;
#6927 = VECTOR ( 'NONE', #1661, 1000.000000000000000 ) ;
#6928 = ORIENTED_EDGE ( 'NONE', *, *, #8268, .F. ) ;
#6929 = DIRECTION ( 'NONE',  ( 0.000000000000000000, 0.000000000000000000, -1.000000000000000000 ) ) ;
#6930 = ORIENTED_EDGE ( 'NONE', *, *, #6574, .T. ) ;
#6931 = FACE_OUTER_BOUND ( 'NONE', #1427, .T. ) ;
#6932 = CARTESIAN_POINT ( 'NONE',  ( 5.062499999999993783, -26.83999999999999275, 5.909090909090911836 ) ) ;
#6933 = AXIS2_PLACEMENT_3D ( 'NONE', #1488, #8176, #7493 ) ;
#6934 = AXIS2_PLACEMENT_3D ( 'NONE', #1609, #3650, #7615 ) ;
#6935 = ORIENTED_EDGE ( 'NONE', *, *, #7403, .T. ) ;
#6936 = DIRECTION ( 'NONE',  ( -1.927470528863119344E-15, -1.000000000000000000, 0.000000000000000000 ) ) ;
#6937 = EDGE_LOOP ( 'NONE', ( #1597, #841, #2551, #6042 ) ) ;
#6938 = LINE ( 'NONE', #7601, #4045 ) ;
#6939 = CIRCLE ( 'NONE', #3849, 3.500000000000003109 ) ;
#6940 = ORIENTED_EDGE ( 'NONE', *, *, #5302, .T. ) ;
#6941 = VECTOR ( 'NONE', #417, 1000.000000000000000 ) ;
#6942 = DIRECTION ( 'NONE',  ( -1.000000000000000000, -1.559302000878028960E-16, 0.000000000000000000 ) ) ;
#6943 = CARTESIAN_POINT ( 'NONE',  ( 11.40693602603207779, 33.97078155222811802, -12.79999999999467697 ) ) ;
#6944 = CARTESIAN_POINT ( 'NONE',  ( 23.00000000000000000, 33.00000000000000711, -2.200000000000000178 ) ) ;
#6945 = CARTESIAN_POINT ( 'NONE',  ( -14.00000000000001599, -15.34000000000000341, 4.500000000000000888 ) ) ;
#6946 = CARTESIAN_POINT ( 'NONE',  ( 23.00000000000000000, -33.00000000000000711, -2.200000000000000622 ) ) ;
#6947 = EDGE_LOOP ( 'NONE', ( #2481, #5483, #8470, #1450 ) ) ;
#6948 = CARTESIAN_POINT ( 'NONE',  ( 24.57323304310015644, -30.00000000000001421, -0.1788635809607203309 ) ) ;
#6949 = VERTEX_POINT ( 'NONE', #5513 ) ;
#6950 = LINE ( 'NONE', #2993, #6081 ) ;
#6951 = CARTESIAN_POINT ( 'NONE',  ( -12.68749999999999467, -24.33999999999999986, 7.900893641477321871 ) ) ;
#6952 = VERTEX_POINT ( 'NONE', #3401 ) ;
#6953 = CARTESIAN_POINT ( 'NONE',  ( 0.000000000000000000, 0.000000000000000000, 2.500000000000000000 ) ) ;
#6954 = EDGE_CURVE ( 'NONE', #3925, #4868, #4101, .T. ) ;
#6955 = VERTEX_POINT ( 'NONE', #6785 ) ;
#6956 = ORIENTED_EDGE ( 'NONE', *, *, #6797, .F. ) ;
#6957 = ORIENTED_EDGE ( 'NONE', *, *, #7138, .F. ) ;
#6958 = ORIENTED_EDGE ( 'NONE', *, *, #1129, .T. ) ;
#6959 = CARTESIAN_POINT ( 'NONE',  ( -6.375000000000003553, -24.33999999999999986, 7.900893641477321871 ) ) ;
#6960 = VECTOR ( 'NONE', #6532, 1000.000000000000114 ) ;
#6961 = EDGE_CURVE ( 'NONE', #3455, #2077, #8131, .T. ) ;
#6962 = DIRECTION ( 'NONE',  ( 0.000000000000000000, 1.000000000000000000, 0.000000000000000000 ) ) ;
#6963 = CARTESIAN_POINT ( 'NONE',  ( -60.49999999999997158, 25.25000000000000000, 2.000000000000000000 ) ) ;
#6964 = EDGE_CURVE ( 'NONE', #5313, #21, #1925, .T. ) ;
#6965 = EDGE_CURVE ( 'NONE', #2520, #4035, #8266, .T. ) ;
#6966 = ADVANCED_FACE ( 'NONE', ( #693 ), #5467, .F. ) ;
#6967 = DIRECTION ( 'NONE',  ( -0.000000000000000000, -0.000000000000000000, -1.000000000000000000 ) ) ;
#6968 = AXIS2_PLACEMENT_3D ( 'NONE', #8175, #7327, #1988 ) ;
#6969 = DIRECTION ( 'NONE',  ( 1.000000000000000000, -0.000000000000000000, -0.000000000000000000 ) ) ;
#6970 = EDGE_LOOP ( 'NONE', ( #4915, #6007, #689, #3610 ) ) ;
#6971 = CARTESIAN_POINT ( 'NONE',  ( 23.00000000000000000, 33.00000000000000711, -2.200000000000000622 ) ) ;
#6972 = VERTEX_POINT ( 'NONE', #3585 ) ;
#6973 = CARTESIAN_POINT ( 'NONE',  ( 0.000000000000000000, 0.000000000000000000, -1.800000000000000266 ) ) ;
#6974 = DIRECTION ( 'NONE',  ( 1.000000000000000000, 0.000000000000000000, 0.000000000000000000 ) ) ;
#6975 = AXIS2_PLACEMENT_3D ( 'NONE', #8265, #7005, #8304 ) ;
#6976 = EDGE_CURVE ( 'NONE', #3772, #6500, #4187, .T. ) ;
#6977 = FACE_OUTER_BOUND ( 'NONE', #2499, .T. ) ;
#6978 = AXIS2_PLACEMENT_3D ( 'NONE', #508, #3091, #7811 ) ;
#6979 = VERTEX_POINT ( 'NONE', #3542 ) ;
#6980 = CARTESIAN_POINT ( 'NONE',  ( 2.081899558550499491E-15, 29.00000000000000000, 0.5000000000000000000 ) ) ;
#6981 = ORIENTED_EDGE ( 'NONE', *, *, #7300, .F. ) ;
#6982 = CARTESIAN_POINT ( 'NONE',  ( -6.375000000000000888, -24.33999999999999986, 6.363636363636364202 ) ) ;
#6983 = ORIENTED_EDGE ( 'NONE', *, *, #4150, .F. ) ;
#6984 = CARTESIAN_POINT ( 'NONE',  ( -22.79566257332769652, 21.25588329590373249, -1.800000000000000266 ) ) ;
#6985 = ADVANCED_FACE ( 'NONE', ( #2123 ), #740, .T. ) ;
#6986 = DIRECTION ( 'NONE',  ( 1.000000000000000000, -1.855190384030753040E-15, 0.000000000000000000 ) ) ;
#6987 = LINE ( 'NONE', #7791, #1117 ) ;
#6988 = DIRECTION ( 'NONE',  ( -1.000000000000000000, 0.000000000000000000, 0.000000000000000000 ) ) ;
#6989 = FACE_OUTER_BOUND ( 'NONE', #3018, .T. ) ;
#6990 = VERTEX_POINT ( 'NONE', #2917 ) ;
#6991 = DIRECTION ( 'NONE',  ( 1.000000000000000000, -0.000000000000000000, -0.000000000000000000 ) ) ;
#6992 = VERTEX_POINT ( 'NONE', #4799 ) ;
#6993 = CYLINDRICAL_SURFACE ( 'NONE', #6934, 0.5000000000000004441 ) ;
#6994 = ORIENTED_EDGE ( 'NONE', *, *, #6079, .T. ) ;
#6995 = DIRECTION ( 'NONE',  ( 0.000000000000000000, 0.000000000000000000, -1.000000000000000000 ) ) ;
#6996 = PRESENTATION_LAYER_ASSIGNMENT (  '', '', ( #2078 ) ) ;
#6997 = ORIENTED_EDGE ( 'NONE', *, *, #6467, .T. ) ;
#6998 = ORIENTED_EDGE ( 'NONE', *, *, #8025, .F. ) ;
#6999 = ORIENTED_EDGE ( 'NONE', *, *, #6424, .T. ) ;
#7000 = CARTESIAN_POINT ( 'NONE',  ( -16.49999999999985789, 14.00000000000003020, 2.500000000000000000 ) ) ;
#7001 = ORIENTED_EDGE ( 'NONE', *, *, #830, .F. ) ;
#7002 = AXIS2_PLACEMENT_3D ( 'NONE', #4994, #7686, #4283 ) ;
#7003 = EDGE_CURVE ( 'NONE', #5681, #404, #1446, .T. ) ;
#7004 = CYLINDRICAL_SURFACE ( 'NONE', #3231, 1.500000000000001332 ) ;
#7005 = DIRECTION ( 'NONE',  ( 0.000000000000000000, 0.000000000000000000, 1.000000000000000000 ) ) ;
#7006 = DIRECTION ( 'NONE',  ( -0.000000000000000000, -0.000000000000000000, -1.000000000000000000 ) ) ;
#7007 = AXIS2_PLACEMENT_3D ( 'NONE', #725, #3438, #4783 ) ;
#7008 = VECTOR ( 'NONE', #5098, 999.9999999999998863 ) ;
#7009 = EDGE_CURVE ( 'NONE', #6620, #4145, #2351, .T. ) ;
#7010 = LINE ( 'NONE', #8189, #3530 ) ;
#7011 = FACE_OUTER_BOUND ( 'NONE', #5805, .T. ) ;
#7012 = EDGE_CURVE ( 'NONE', #6160, #2870, #8520, .T. ) ;
#7013 = EDGE_CURVE ( 'NONE', #1111, #3982, #2486, .T. ) ;
#7014 = VERTEX_POINT ( 'NONE', #2963 ) ;
#7015 = DIRECTION ( 'NONE',  ( 1.000000000000000000, 0.000000000000000000, 0.000000000000000000 ) ) ;
#7016 = ORIENTED_EDGE ( 'NONE', *, *, #2124, .F. ) ;
#7017 = AXIS2_PLACEMENT_3D ( 'NONE', #2663, #1997, #746 ) ;
#7018 = DIRECTION ( 'NONE',  ( -0.000000000000000000, -1.000000000000000000, -0.000000000000000000 ) ) ;
#7019 = AXIS2_PLACEMENT_3D ( 'NONE', #1381, #1300, #3997 ) ;
#7020 = DIRECTION ( 'NONE',  ( -0.000000000000000000, -0.000000000000000000, 1.000000000000000000 ) ) ;
#7021 = EDGE_CURVE ( 'NONE', #5838, #1049, #4320, .T. ) ;
#7022 = CIRCLE ( 'NONE', #3095, 1.250000000000001110 ) ;
#7023 = EDGE_CURVE ( 'NONE', #1706, #6350, #1667, .T. ) ;
#7024 = CIRCLE ( 'NONE', #3788, 2.999999999999995559 ) ;
#7025 = EDGE_LOOP ( 'NONE', ( #6999, #4725 ) ) ;
#7026 = CARTESIAN_POINT ( 'NONE',  ( -61.00000000000001421, 32.49999999999999289, -2.299999999999999822 ) ) ;
#7027 = EDGE_CURVE ( 'NONE', #4044, #3524, #1839, .T. ) ;
#7028 = VERTEX_POINT ( 'NONE', #5274 ) ;
#7029 = DIRECTION ( 'NONE',  ( -0.000000000000000000, -0.000000000000000000, 1.000000000000000000 ) ) ;
#7030 = ORIENTED_EDGE ( 'NONE', *, *, #2494, .T. ) ;
#7031 = LINE ( 'NONE', #7604, #1463 ) ;
#7032 = CIRCLE ( 'NONE', #8180, 2.599999999999998312 ) ;
#7033 = CARTESIAN_POINT ( 'NONE',  ( -16.49999999999985789, 12.75000000000002842, 2.500000000000000000 ) ) ;
#7034 = DIRECTION ( 'NONE',  ( 1.855190384030753040E-15, 1.000000000000000000, 0.000000000000000000 ) ) ;
#7035 = CARTESIAN_POINT ( 'NONE',  ( -16.49999999999993605, 21.50000000000001421, 2.500000000000000000 ) ) ;
#7036 = LINE ( 'NONE', #1647, #1391 ) ;
#7037 = ORIENTED_EDGE ( 'NONE', *, *, #6467, .F. ) ;
#7038 = DIRECTION ( 'NONE',  ( -1.896380255952778525E-15, -0.9838699100999075409, -0.1788854381999831766 ) ) ;
#7039 = AXIS2_PLACEMENT_3D ( 'NONE', #7056, #5731, #1000 ) ;
#7040 = ORIENTED_EDGE ( 'NONE', *, *, #6187, .T. ) ;
#7041 = LINE ( 'NONE', #986, #8363 ) ;
#7042 = DIRECTION ( 'NONE',  ( 1.559302000878028960E-16, -1.000000000000000000, -0.000000000000000000 ) ) ;
#7043 = ORIENTED_EDGE ( 'NONE', *, *, #3416, .T. ) ;
#7044 = ORIENTED_EDGE ( 'NONE', *, *, #277, .F. ) ;
#7045 =( BOUNDED_CURVE ( )  B_SPLINE_CURVE ( 3, ( #2666, #10, #7917, #2046 ),
 .UNSPECIFIED., .F., .F. ) 
 B_SPLINE_CURVE_WITH_KNOTS ( ( 4, 4 ),
 ( 3.141592653589793116, 4.712388980384696779 ),
 .UNSPECIFIED. ) 
 CURVE ( )  GEOMETRIC_REPRESENTATION_ITEM ( )  RATIONAL_B_SPLINE_CURVE ( ( 1.000000000000000000, 0.8047378541243632721, 0.8047378541243632721, 1.000000000000000000 ) ) 
 REPRESENTATION_ITEM ( '' )  );
#7046 = AXIS2_PLACEMENT_3D ( 'NONE', #601, #5979, #2646 ) ;
#7047 = EDGE_LOOP ( 'NONE', ( #8055, #8357, #6314, #5546 ) ) ;
#7048 = ORIENTED_EDGE ( 'NONE', *, *, #862, .F. ) ;
#7049 = ORIENTED_EDGE ( 'NONE', *, *, #6265, .F. ) ;
#7050 = LINE ( 'NONE', #1619, #6219 ) ;
#7051 = ORIENTED_EDGE ( 'NONE', *, *, #2494, .F. ) ;
#7052 = VECTOR ( 'NONE', #7006, 1000.000000000000000 ) ;
#7053 = CARTESIAN_POINT ( 'NONE',  ( -22.99999999999996803, 30.00000000000002132, -5.837274330926434551 ) ) ;
#7054 = CARTESIAN_POINT ( 'NONE',  ( -11.83821597160787853, -22.69778126557361020, 0.000000000000000000 ) ) ;
#7055 = CARTESIAN_POINT ( 'NONE',  ( 1.249999999999987121, 3.003749999999987264, 0.07192234969262845112 ) ) ;
#7056 = CARTESIAN_POINT ( 'NONE',  ( -13.99999999999999822, -24.33999999999999986, 7.900893641477321871 ) ) ;
#7057 = LINE ( 'NONE', #5971, #3681 ) ;
#7058 = VECTOR ( 'NONE', #2727, 1000.000000000000000 ) ;
#7059 = CARTESIAN_POINT ( 'NONE',  ( 26.00000000000001066, -15.83999999999999986, 7.900893641477321871 ) ) ;
#7060 = CARTESIAN_POINT ( 'NONE',  ( 26.00000000000000711, 32.99999999999999289, 1.000000000000000000 ) ) ;
#7061 = CARTESIAN_POINT ( 'NONE',  ( 12.68749999999997691, -15.34000000000000341, 4.500000000000000888 ) ) ;
#7062 = ORIENTED_EDGE ( 'NONE', *, *, #6324, .F. ) ;
#7063 = DIRECTION ( 'NONE',  ( -0.000000000000000000, -0.000000000000000000, -1.000000000000000000 ) ) ;
#7064 = CIRCLE ( 'NONE', #6628, 1.500000000000001332 ) ;
#7065 = CARTESIAN_POINT ( 'NONE',  ( 12.91101941909582074, 3.502162626495981979, 4.369946396850294512 ) ) ;
#7066 = CARTESIAN_POINT ( 'NONE',  ( -67.91000000000001080, 3.159999999999996145, 4.500000000000000000 ) ) ;
#7067 = EDGE_CURVE ( 'NONE', #5325, #1553, #4605, .T. ) ;
#7068 = AXIS2_PLACEMENT_3D ( 'NONE', #4999, #400, #5659 ) ;
#7069 = VECTOR ( 'NONE', #8552, 1000.000000000000000 ) ;
#7070 = ORIENTED_EDGE ( 'NONE', *, *, #6364, .T. ) ;
#7071 = DIRECTION ( 'NONE',  ( -0.7071055712382680047, 0.7071079911327565748, 0.000000000000000000 ) ) ;
#7072 = ORIENTED_EDGE ( 'NONE', *, *, #6839, .T. ) ;
#7073 = DIRECTION ( 'NONE',  ( -1.927470528863119344E-15, -1.000000000000000000, 0.000000000000000000 ) ) ;
#7074 = VERTEX_POINT ( 'NONE', #8597 ) ;
#7075 = FACE_OUTER_BOUND ( 'NONE', #2689, .T. ) ;
#7076 = VECTOR ( 'NONE', #6297, 1000.000000000000000 ) ;
#7077 = AXIS2_PLACEMENT_3D ( 'NONE', #8070, #8681, #2026 ) ;
#7078 = CARTESIAN_POINT ( 'NONE',  ( -20.00000000000000355, -33.00000000000001421, -0.8455302476273874879 ) ) ;
#7079 = CARTESIAN_POINT ( 'NONE',  ( 4.335856114704508713, 26.89972583984543775, -12.79999999999467697 ) ) ;
#7080 = LINE ( 'NONE', #1694, #2972 ) ;
#7081 = EDGE_CURVE ( 'NONE', #4949, #80, #463, .T. ) ;
#7082 = ADVANCED_FACE ( 'NONE', ( #587 ), #1116, .T. ) ;
#7083 = ADVANCED_FACE ( 'NONE', ( #1252 ), #5969, .F. ) ;
#7084 = DIRECTION ( 'NONE',  ( -0.000000000000000000, 0.000000000000000000, -1.000000000000000000 ) ) ;
#7085 = VERTEX_POINT ( 'NONE', #7199 ) ;
#7086 = AXIS2_PLACEMENT_3D ( 'NONE', #3254, #6716, #5932 ) ;
#7087 = DIRECTION ( 'NONE',  ( 0.000000000000000000, 0.000000000000000000, -1.000000000000000000 ) ) ;
#7088 = VECTOR ( 'NONE', #7895, 1000.000000000000000 ) ;
#7089 = ORIENTED_EDGE ( 'NONE', *, *, #1505, .F. ) ;
#7090 = DIRECTION ( 'NONE',  ( 0.000000000000000000, 0.000000000000000000, -1.000000000000000000 ) ) ;
#7091 = LINE ( 'NONE', #1568, #2932 ) ;
#7092 = EDGE_LOOP ( 'NONE', ( #6335, #7182, #8514, #4160, #5801, #7105, #4392, #2885 ) ) ;
#7093 = VERTEX_POINT ( 'NONE', #5987 ) ;
#7094 = EDGE_LOOP ( 'NONE', ( #5017, #6698, #1292, #4986 ) ) ;
#7095 = EDGE_LOOP ( 'NONE', ( #2871, #1336, #6334, #3461 ) ) ;
#7096 = DIRECTION ( 'NONE',  ( -1.000000000000000000, 0.000000000000000000, 0.000000000000000000 ) ) ;
#7097 = ORIENTED_EDGE ( 'NONE', *, *, #1802, .T. ) ;
#7098 = CARTESIAN_POINT ( 'NONE',  ( 9.531249999999991118, 3.003749999999987264, 4.500000000000000888 ) ) ;
#7099 = DIRECTION ( 'NONE',  ( -0.000000000000000000, -1.000000000000000000, -0.000000000000000000 ) ) ;
#7100 = CARTESIAN_POINT ( 'NONE',  ( -13.08528853957324145, 3.623336801509736027, 4.225965562294261346 ) ) ;
#7101 = CARTESIAN_POINT ( 'NONE',  ( -60.49999999999985079, 13.99999999999999822, 2.000000000000000000 ) ) ;
#7102 = LINE ( 'NONE', #1497, #5070 ) ;
#7103 = DIRECTION ( 'NONE',  ( 0.000000000000000000, 0.000000000000000000, 1.000000000000000000 ) ) ;
#7104 = DIRECTION ( 'NONE',  ( -1.000000000000000000, 5.551115123125700661E-15, 0.000000000000000000 ) ) ;
#7105 = ORIENTED_EDGE ( 'NONE', *, *, #7729, .F. ) ;
#7106 = DIRECTION ( 'NONE',  ( 0.000000000000000000, 0.000000000000000000, -1.000000000000000000 ) ) ;
#7107 = EDGE_CURVE ( 'NONE', #4676, #3365, #6787, .T. ) ;
#7108 = B_SPLINE_CURVE_WITH_KNOTS ( 'NONE', 3,
 ( #3328, #1327, #19, #4726, #6756, #709, #6098, #2756 ),
 .UNSPECIFIED., .F., .F.,
 ( 4, 2, 2, 4 ),
 ( -5.123487958507391257E-06, 0.0005103980730239806489, 0.0007681588535152246563, 0.001025919634006468555 ),
 .UNSPECIFIED. ) ;
#7109 = VECTOR ( 'NONE', #1021, 999.9999999999998863 ) ;
#7110 = DIRECTION ( 'NONE',  ( -1.000000000000000000, -7.016859003951130319E-16, 0.000000000000000000 ) ) ;
#7111 = ORIENTED_EDGE ( 'NONE', *, *, #1457, .F. ) ;
#7112 = DIRECTION ( 'NONE',  ( 0.000000000000000000, 1.000000000000000000, 0.000000000000000000 ) ) ;
#7113 = ORIENTED_EDGE ( 'NONE', *, *, #1512, .T. ) ;
#7114 = DIRECTION ( 'NONE',  ( 0.9999999999985359489, -1.711123806354915038E-06, 0.000000000000000000 ) ) ;
#7115 = EDGE_CURVE ( 'NONE', #1836, #6731, #36, .T. ) ;
#7116 = ORIENTED_EDGE ( 'NONE', *, *, #4680, .T. ) ;
#7117 = CARTESIAN_POINT ( 'NONE',  ( -57.49999999999999289, 36.00000000000000000, 1.000000000000000000 ) ) ;
#7118 = EDGE_CURVE ( 'NONE', #1452, #1111, #7556, .T. ) ;
#7119 = EDGE_CURVE ( 'NONE', #259, #1637, #5470, .T. ) ;
#7120 = CARTESIAN_POINT ( 'NONE',  ( -16.49999999999985789, 12.75000000000002842, 0.5000000000000000000 ) ) ;
#7121 = AXIS2_PLACEMENT_3D ( 'NONE', #4753, #7448, #1401 ) ;
#7122 = CARTESIAN_POINT ( 'NONE',  ( -60.49999999999997158, 24.00000000000000000, 2.500000000000000000 ) ) ;
#7123 = EDGE_CURVE ( 'NONE', #8278, #7381, #3008, .T. ) ;
#7124 = ORIENTED_EDGE ( 'NONE', *, *, #278, .F. ) ;
#7125 = EDGE_CURVE ( 'NONE', #8006, #1049, #1428, .T. ) ;
#7126 = CARTESIAN_POINT ( 'NONE',  ( -16.49999999999989697, 17.75000000000002132, 2.000000000000000000 ) ) ;
#7127 = VERTEX_POINT ( 'NONE', #5210 ) ;
#7128 = FACE_OUTER_BOUND ( 'NONE', #344, .T. ) ;
#7129 = CARTESIAN_POINT ( 'NONE',  ( 18.86076881589958631, -25.23234217621912379, 6.201392331596445651 ) ) ;
#7130 = EDGE_CURVE ( 'NONE', #1705, #3660, #7909, .T. ) ;
#7131 = ORIENTED_EDGE ( 'NONE', *, *, #8179, .T. ) ;
#7132 = ORIENTED_EDGE ( 'NONE', *, *, #3459, .F. ) ;
#7133 = EDGE_CURVE ( 'NONE', #6336, #2177, #7243, .T. ) ;
#7134 = AXIS2_PLACEMENT_3D ( 'NONE', #633, #6020, #8724 ) ;
#7135 = CYLINDRICAL_SURFACE ( 'NONE', #6923, 0.4999999999999995559 ) ;
#7136 = CARTESIAN_POINT ( 'NONE',  ( -19.49999999999999645, -23.34000000000000341, 6.037257277840957670 ) ) ;
#7137 = VERTEX_POINT ( 'NONE', #7949 ) ;
#7138 = EDGE_CURVE ( 'NONE', #8118, #4434, #1718, .T. ) ;
#7139 = ORIENTED_EDGE ( 'NONE', *, *, #7344, .T. ) ;
#7140 = FACE_OUTER_BOUND ( 'NONE', #8646, .T. ) ;
#7141 = ORIENTED_EDGE ( 'NONE', *, *, #4541, .T. ) ;
#7142 = CARTESIAN_POINT ( 'NONE',  ( -16.99999999999993605, 20.25000000000001421, 2.000000000000000000 ) ) ;
#7143 = ADVANCED_FACE ( 'NONE', ( #6781 ), #53, .T. ) ;
#7144 = LINE ( 'NONE', #1803, #952 ) ;
#7145 = EDGE_CURVE ( 'NONE', #2201, #1845, #6363, .T. ) ;
#7146 = CARTESIAN_POINT ( 'NONE',  ( -8.893872560800883065, 3.159999999999996145, 4.500000000000000888 ) ) ;
#7147 = CARTESIAN_POINT ( 'NONE',  ( -25.99999999999999289, 36.00000000000000000, 1.000000000000000000 ) ) ;
#7148 = PLANE ( 'NONE',  #7323 ) ;
#7149 = DIRECTION ( 'NONE',  ( -1.896380255952778525E-15, -0.9838699100999075409, -0.1788854381999831766 ) ) ;
#7150 = PLANE ( 'NONE',  #7214 ) ;
#7151 = ORIENTED_EDGE ( 'NONE', *, *, #1025, .T. ) ;
#7152 = CARTESIAN_POINT ( 'NONE',  ( 24.00000000000000711, -30.00000000000001421, -5.837274330926434551 ) ) ;
#7153 = PLANE ( 'NONE',  #5574 ) ;
#7154 = LINE ( 'NONE', #5739, #8078 ) ;
#7155 = CIRCLE ( 'NONE', #652, 0.5000000000000004441 ) ;
#7156 = CARTESIAN_POINT ( 'NONE',  ( -19.49999999999999645, -23.73276987720690201, 5.977746690385131068 ) ) ;
#7157 = VERTEX_POINT ( 'NONE', #5915 ) ;
#7158 = DIRECTION ( 'NONE',  ( -1.000000000000000000, 0.000000000000000000, 0.000000000000000000 ) ) ;
#7159 = AXIS2_PLACEMENT_3D ( 'NONE', #2994, #5016, #3036 ) ;
#7160 = ORIENTED_EDGE ( 'NONE', *, *, #1307, .T. ) ;
#7161 = CARTESIAN_POINT ( 'NONE',  ( 26.00000000000001066, -15.83999999999999986, 7.900893641477321871 ) ) ;
#7162 = ORIENTED_EDGE ( 'NONE', *, *, #3295, .T. ) ;
#7163 = DIRECTION ( 'NONE',  ( 1.000000000000000000, 1.734723475976807883E-15, 0.000000000000000000 ) ) ;
#7164 = DIRECTION ( 'NONE',  ( -0.000000000000000000, -1.000000000000000000, 0.000000000000000000 ) ) ;
#7165 = DIRECTION ( 'NONE',  ( 1.000000000000000000, 8.576161004829159278E-16, 0.000000000000000000 ) ) ;
#7166 = VECTOR ( 'NONE', #923, 1000.000000000000000 ) ;
#7167 = VECTOR ( 'NONE', #1638, 1000.000000000000000 ) ;
#7168 = DIRECTION ( 'NONE',  ( 1.000000000000000000, 0.000000000000000000, -0.000000000000000000 ) ) ;
#7169 = EDGE_CURVE ( 'NONE', #5450, #7571, #3368, .T. ) ;
#7170 = ORIENTED_EDGE ( 'NONE', *, *, #7012, .T. ) ;
#7171 = CARTESIAN_POINT ( 'NONE',  ( -60.50000000000001421, 8.999999999999998224, 2.000000000000000000 ) ) ;
#7172 = ORIENTED_EDGE ( 'NONE', *, *, #1301, .F. ) ;
#7173 = DIRECTION ( 'NONE',  ( 1.000000000000000000, -6.938893903907222067E-15, -1.261617073437654580E-15 ) ) ;
#7174 = CARTESIAN_POINT ( 'NONE',  ( 13.98112743919909562, 3.159999999999996145, 4.500000000000000888 ) ) ;
#7175 = ORIENTED_EDGE ( 'NONE', *, *, #8541, .F. ) ;
#7176 = VECTOR ( 'NONE', #3269, 1000.000000000000000 ) ;
#7177 = DIRECTION ( 'NONE',  ( 0.000000000000000000, 1.000000000000000000, 0.000000000000000000 ) ) ;
#7178 = EDGE_CURVE ( 'NONE', #5022, #4122, #5944, .T. ) ;
#7179 = EDGE_CURVE ( 'NONE', #2848, #866, #1280, .T. ) ;
#7180 = ORIENTED_EDGE ( 'NONE', *, *, #6733, .F. ) ;
#7181 = CARTESIAN_POINT ( 'NONE',  ( 11.50000000000000533, 6.499999999999999112, -0.5999999999999998668 ) ) ;
#7182 = ORIENTED_EDGE ( 'NONE', *, *, #5040, .F. ) ;
#7183 = LINE ( 'NONE', #4489, #7088 ) ;
#7184 = ORIENTED_EDGE ( 'NONE', *, *, #1950, .T. ) ;
#7185 = FACE_OUTER_BOUND ( 'NONE', #2423, .T. ) ;
#7186 = LINE ( 'NONE', #7053, #5475 ) ;
#7187 = VECTOR ( 'NONE', #3221, 1000.000000000000000 ) ;
#7188 = CYLINDRICAL_SURFACE ( 'NONE', #7547, 2.999999999999999112 ) ;
#7189 = LINE ( 'NONE', #5855, #6770 ) ;
#7190 = LINE ( 'NONE', #3218, #2826 ) ;
#7191 = EDGE_CURVE ( 'NONE', #1734, #8560, #2706, .T. ) ;
#7192 = EDGE_CURVE ( 'NONE', #7127, #5481, #7045, .T. ) ;
#7193 = EDGE_CURVE ( 'NONE', #7894, #2222, #6087, .T. ) ;
#7194 = LINE ( 'NONE', #5161, #2411 ) ;
#7195 = AXIS2_PLACEMENT_3D ( 'NONE', #4387, #1026, #5674 ) ;
#7196 = CARTESIAN_POINT ( 'NONE',  ( -57.50000000000000711, 32.49999999999999289, -2.299999999999999822 ) ) ;
#7197 = EDGE_LOOP ( 'NONE', ( #604, #5699, #8675, #2647 ) ) ;
#7198 = DIRECTION ( 'NONE',  ( -1.000000000000000000, 0.000000000000000000, 0.000000000000000000 ) ) ;
#7199 = CARTESIAN_POINT ( 'NONE',  ( -14.00000000000001243, -15.83999999999999986, 7.900893641477321871 ) ) ;
#7200 = CARTESIAN_POINT ( 'NONE',  ( 0.000000000000000000, 0.000000000000000000, 2.500000000000000000 ) ) ;
#7201 = CARTESIAN_POINT ( 'NONE',  ( 9.402748500369522588, 3.659999999999996145, 4.112165163103908228 ) ) ;
#7202 = CIRCLE ( 'NONE', #1696, 2.999999999999992450 ) ;
#7203 = EDGE_CURVE ( 'NONE', #5481, #5755, #3274, .T. ) ;
#7204 = CARTESIAN_POINT ( 'NONE',  ( -8.790565029949931475E-15, 10.25000000000005151, 1.000000000000000000 ) ) ;
#7205 = DIRECTION ( 'NONE',  ( 0.000000000000000000, 0.000000000000000000, 1.000000000000000000 ) ) ;
#7206 = VECTOR ( 'NONE', #1195, 1000.000000000000000 ) ;
#7207 = VERTEX_POINT ( 'NONE', #2750 ) ;
#7208 = DIRECTION ( 'NONE',  ( 0.000000000000000000, -1.000000000000000000, 0.000000000000000000 ) ) ;
#7209 = EDGE_LOOP ( 'NONE', ( #8338, #6900, #6544, #6834 ) ) ;
#7210 = LINE ( 'NONE', #4635, #3310 ) ;
#7211 = DIRECTION ( 'NONE',  ( 0.000000000000000000, 0.000000000000000000, 1.000000000000000000 ) ) ;
#7212 = PLANE ( 'NONE',  #1008 ) ;
#7213 = ADVANCED_FACE ( 'NONE', ( #1878 ), #4344, .F. ) ;
#7214 = AXIS2_PLACEMENT_3D ( 'NONE', #191, #8567, #6521 ) ;
#7215 = CARTESIAN_POINT ( 'NONE',  ( -16.99999999999989697, 0.000000000000000000, 2.500000000000000000 ) ) ;
#7216 = CARTESIAN_POINT ( 'NONE',  ( 10.11095542501791478, 3.321375232574443892, 4.478720436846130859 ) ) ;
#7217 = ORIENTED_EDGE ( 'NONE', *, *, #774, .T. ) ;
#7218 = DIRECTION ( 'NONE',  ( 1.000000000000000000, 0.000000000000000000, 0.000000000000000000 ) ) ;
#7219 = ORIENTED_EDGE ( 'NONE', *, *, #1503, .T. ) ;
#7220 = DIRECTION ( 'NONE',  ( -0.000000000000000000, -0.000000000000000000, 1.000000000000000000 ) ) ;
#7221 = CARTESIAN_POINT ( 'NONE',  ( -6.356127439199103613, 3.159999999999996145, 4.500000000000000000 ) ) ;
#7222 = AXIS2_PLACEMENT_3D ( 'NONE', #2076, #2825, #5463 ) ;
#7223 = ORIENTED_EDGE ( 'NONE', *, *, #6528, .F. ) ;
#7224 = CIRCLE ( 'NONE', #2584, 3.650000000000000355 ) ;
#7225 = LINE ( 'NONE', #5968, #5661 ) ;
#7226 = DIRECTION ( 'NONE',  ( -0.000000000000000000, -0.000000000000000000, 1.000000000000000000 ) ) ;
#7227 = VERTEX_POINT ( 'NONE', #4873 ) ;
#7228 = CYLINDRICAL_SURFACE ( 'NONE', #2528, 0.7999999999999917177 ) ;
#7229 = VERTEX_POINT ( 'NONE', #5585 ) ;
#7230 = DIRECTION ( 'NONE',  ( 1.000000000000000000, 0.000000000000000000, 0.000000000000000000 ) ) ;
#7231 = ORIENTED_EDGE ( 'NONE', *, *, #3983, .F. ) ;
#7232 = CIRCLE ( 'NONE', #7086, 0.5000000000000004441 ) ;
#7233 = ADVANCED_FACE ( 'NONE', ( #5174 ), #1692, .F. ) ;
#7234 = CARTESIAN_POINT ( 'NONE',  ( -12.76404457498206568, 3.321375232574443892, 4.478720436846130859 ) ) ;
#7235 = ADVANCED_FACE ( 'NONE', ( #4466 ), #1826, .F. ) ;
#7236 = CARTESIAN_POINT ( 'NONE',  ( 23.00000000000000000, -33.00000000000000711, -2.200000000000000178 ) ) ;
#7237 = CARTESIAN_POINT ( 'NONE',  ( -2.562500000000015987, -15.92944271909999010, 7.892828596527274421 ) ) ;
#7238 = ADVANCED_FACE ( 'NONE', ( #6572 ), #8460, .T. ) ;
#7239 = LINE ( 'NONE', #7526, #2524 ) ;
#7240 = LINE ( 'NONE', #3963, #5236 ) ;
#7241 = ORIENTED_EDGE ( 'NONE', *, *, #3295, .F. ) ;
#7242 = CARTESIAN_POINT ( 'NONE',  ( 23.00000000000000711, -32.99999999999999289, 1.000000000000000000 ) ) ;
#7243 = LINE ( 'NONE', #2579, #4114 ) ;
#7244 = EDGE_CURVE ( 'NONE', #6775, #6972, #6372, .T. ) ;
#7245 = DIRECTION ( 'NONE',  ( 1.000000000000000000, 0.000000000000000000, 0.000000000000000000 ) ) ;
#7246 = EDGE_CURVE ( 'NONE', #7306, #7546, #2315, .T. ) ;
#7247 = CARTESIAN_POINT ( 'NONE',  ( -2.562500000000009326, 3.003749999999987264, 0.07192234969262845112 ) ) ;
#7248 = EDGE_CURVE ( 'NONE', #8278, #7594, #7874, .T. ) ;
#7249 = CYLINDRICAL_SURFACE ( 'NONE', #1816, 0.5000000000000004441 ) ;
#7250 = EDGE_LOOP ( 'NONE', ( #4853, #5163, #5200, #2627 ) ) ;
#7251 = DIRECTION ( 'NONE',  ( -1.000000000000000000, 0.000000000000000000, 0.000000000000000000 ) ) ;
#7252 = VERTEX_POINT ( 'NONE', #7078 ) ;
#7253 = CARTESIAN_POINT ( 'NONE',  ( -5.102035794685990666, 3.244289786235253992, 4.500000000000000000 ) ) ;
#7254 = EDGE_CURVE ( 'NONE', #6377, #1928, #6939, .T. ) ;
#7255 = VECTOR ( 'NONE', #6043, 1000.000000000000000 ) ;
#7256 = LINE ( 'NONE', #5266, #5802 ) ;
#7257 = LINE ( 'NONE', #3692, #3799 ) ;
#7258 = EDGE_LOOP ( 'NONE', ( #3497, #5064 ) ) ;
#7259 = LINE ( 'NONE', #3735, #3216 ) ;
#7260 = ORIENTED_EDGE ( 'NONE', *, *, #7003, .F. ) ;
#7261 = PLANE ( 'NONE',  #5370 ) ;
#7262 = CARTESIAN_POINT ( 'NONE',  ( -11.83821597160787853, -22.69778126557361020, -1.600000000000000089 ) ) ;
#7263 = ORIENTED_EDGE ( 'NONE', *, *, #3635, .F. ) ;
#7264 = CARTESIAN_POINT ( 'NONE',  ( 26.00000000000001066, -15.92944271909999010, 7.892828596527274421 ) ) ;
#7265 = CARTESIAN_POINT ( 'NONE',  ( -24.25000000000000000, 33.00000000000000000, 0.000000000000000000 ) ) ;
#7266 = LINE ( 'NONE', #1971, #6615 ) ;
#7267 = EDGE_LOOP ( 'NONE', ( #3409, #4138, #5912, #5365, #5298, #7070, #5984, #6612, #2035, #900, #2730, #4819, #5866, #6913, #8579, #2872, #4071, #6863, #1418, #2250, #4500, #2634, #1259, #2023 ) ) ;
#7268 = FACE_OUTER_BOUND ( 'NONE', #5187, .T. ) ;
#7269 = ORIENTED_EDGE ( 'NONE', *, *, #2515, .T. ) ;
#7270 = CARTESIAN_POINT ( 'NONE',  ( -17.99999999999999645, 28.99999999999999289, 0.4999999999999856781 ) ) ;
#7271 = VECTOR ( 'NONE', #6065, 1000.000000000000000 ) ;
#7272 = ORIENTED_EDGE ( 'NONE', *, *, #2172, .F. ) ;
#7273 = CARTESIAN_POINT ( 'NONE',  ( 1.906249999999998224, 3.659999999999996589, 4.000000000000000000 ) ) ;
#7274 = DIRECTION ( 'NONE',  ( -1.000000000000000000, 0.000000000000000000, 0.000000000000000000 ) ) ;
#7275 = DIRECTION ( 'NONE',  ( -1.896380255952778525E-15, 0.9838699100999075409, 0.1788854381999831766 ) ) ;
#7276 = LINE ( 'NONE', #6599, #8607 ) ;
#7277 = CARTESIAN_POINT ( 'NONE',  ( 10.18750000000001599, -15.34000000000000341, 4.500000000000000888 ) ) ;
#7278 = EDGE_CURVE ( 'NONE', #1687, #5933, #4559, .T. ) ;
#7279 = CARTESIAN_POINT ( 'NONE',  ( -16.49999999999989697, 17.75000000000002132, 0.5000000000000000000 ) ) ;
#7280 = EDGE_LOOP ( 'NONE', ( #1121, #7600, #2817, #2338 ) ) ;
#7281 = CARTESIAN_POINT ( 'NONE',  ( -18.50000000000001066, 25.25000000000000711, 1.000000000000000000 ) ) ;
#7282 = CARTESIAN_POINT ( 'NONE',  ( -64.38251748251749973, 15.05205681698884312, -4.599999999999999645 ) ) ;
#7283 = DIRECTION ( 'NONE',  ( 0.000000000000000000, 0.000000000000000000, -1.000000000000000000 ) ) ;
#7284 = DIRECTION ( 'NONE',  ( 0.9999999999985359489, -1.711123809484819939E-06, 0.000000000000000000 ) ) ;
#7285 = ADVANCED_FACE ( 'NONE', ( #3067 ), #1738, .T. ) ;
#7286 = EDGE_CURVE ( 'NONE', #2211, #5406, #1023, .T. ) ;
#7287 = EDGE_CURVE ( 'NONE', #2271, #7894, #1151, .T. ) ;
#7288 = CARTESIAN_POINT ( 'NONE',  ( -61.00000000000001421, 2.999999999999990674, 1.000000000000000000 ) ) ;
#7289 = VERTEX_POINT ( 'NONE', #2593 ) ;
#7290 = DIRECTION ( 'NONE',  ( 1.000000000000000000, -1.927470528863119739E-15, 0.000000000000000000 ) ) ;
#7291 = EDGE_LOOP ( 'NONE', ( #4403, #1917, #100, #6916, #421, #8325, #1071, #5601 ) ) ;
#7292 = CIRCLE ( 'NONE', #3493, 1.250000000000001110 ) ;
#7293 = CARTESIAN_POINT ( 'NONE',  ( 6.298455425017919218, 3.321375232574444336, 4.478720436846128194 ) ) ;
#7294 = DIRECTION ( 'NONE',  ( 1.734723475976805517E-15, -1.000000000000000000, -5.204170427930416550E-15 ) ) ;
#7295 = CARTESIAN_POINT ( 'NONE',  ( 2.081899558550499491E-15, 29.00000000000000000, 0.5000000000000000000 ) ) ;
#7296 = APPLICATION_CONTEXT ( 'automotive_design' ) ;
#7297 = EDGE_CURVE ( 'NONE', #705, #6004, #1588, .T. ) ;
#7298 = CARTESIAN_POINT ( 'NONE',  ( -25.06357506982817540, -29.70308112467191819, -0.1128816086655880652 ) ) ;
#7299 = VECTOR ( 'NONE', #6416, 1000.000000000000000 ) ;
#7300 = EDGE_CURVE ( 'NONE', #5350, #7289, #1931, .T. ) ;
#7301 = DIRECTION ( 'NONE',  ( 1.927470528863119739E-15, 1.000000000000000000, 0.000000000000000000 ) ) ;
#7302 = CIRCLE ( 'NONE', #1366, 3.499999999999999556 ) ;
#7303 = EDGE_CURVE ( 'NONE', #5103, #2086, #1156, .T. ) ;
#7304 = ORIENTED_EDGE ( 'NONE', *, *, #4650, .T. ) ;
#7305 = DIRECTION ( 'NONE',  ( 1.927470528863119739E-15, 1.000000000000000000, 0.000000000000000000 ) ) ;
#7306 = VERTEX_POINT ( 'NONE', #1769 ) ;
#7307 = FACE_OUTER_BOUND ( 'NONE', #1258, .T. ) ;
#7308 = CARTESIAN_POINT ( 'NONE',  ( 19.48842409765864403, -23.81563947002257109, 6.458974641814091200 ) ) ;
#7309 = ORIENTED_EDGE ( 'NONE', *, *, #2628, .T. ) ;
#7310 = AXIS2_PLACEMENT_3D ( 'NONE', #612, #4718, #1957 ) ;
#7311 = AXIS2_PLACEMENT_3D ( 'NONE', #3637, #2138, #6842 ) ;
#7312 = DIRECTION ( 'NONE',  ( -1.927470528863119344E-15, -1.000000000000000000, 0.000000000000000000 ) ) ;
#7313 = DIRECTION ( 'NONE',  ( 1.000000000000000000, -0.000000000000000000, -0.000000000000000000 ) ) ;
#7314 = EDGE_LOOP ( 'NONE', ( #8134, #3911 ) ) ;
#7315 = CIRCLE ( 'NONE', #8018, 0.5000000000000004441 ) ;
#7316 = ORIENTED_EDGE ( 'NONE', *, *, #7511, .T. ) ;
#7317 = ORIENTED_EDGE ( 'NONE', *, *, #7731, .F. ) ;
#7318 = LINE ( 'NONE', #2736, #7271 ) ;
#7319 = CIRCLE ( 'NONE', #5061, 2.599999999999998312 ) ;
#7320 = DIRECTION ( 'NONE',  ( -1.000000000000000000, 0.000000000000000000, 0.000000000000000000 ) ) ;
#7321 = ORIENTED_EDGE ( 'NONE', *, *, #6748, .T. ) ;
#7322 = CARTESIAN_POINT ( 'NONE',  ( -23.99999999999998579, 28.50000000000001066, -3.000000000000002665 ) ) ;
#7323 = AXIS2_PLACEMENT_3D ( 'NONE', #3137, #4542, #431 ) ;
#7324 = ORIENTED_EDGE ( 'NONE', *, *, #3985, .F. ) ;
#7325 = LINE ( 'NONE', #8129, #673 ) ;
#7326 = DIRECTION ( 'NONE',  ( -1.000000000000000000, 0.000000000000000000, 0.000000000000000000 ) ) ;
#7327 = DIRECTION ( 'NONE',  ( 0.000000000000000000, 0.000000000000000000, -1.000000000000000000 ) ) ;
#7328 =( BOUNDED_CURVE ( )  B_SPLINE_CURVE ( 3, ( #7878, #3732, #7380, #4068 ),
 .UNSPECIFIED., .F., .F. ) 
 B_SPLINE_CURVE_WITH_KNOTS ( ( 4, 4 ),
 ( 0.000000000000000000, 1.570796326794903663 ),
 .UNSPECIFIED. ) 
 CURVE ( )  GEOMETRIC_REPRESENTATION_ITEM ( )  RATIONAL_B_SPLINE_CURVE ( ( 1.000000000000000000, 0.8047378541243632721, 0.8047378541243632721, 1.000000000000000000 ) ) 
 REPRESENTATION_ITEM ( '' )  );
#7329 = DIRECTION ( 'NONE',  ( -0.000000000000000000, -0.000000000000000000, 1.000000000000000000 ) ) ;
#7330 = CARTESIAN_POINT ( 'NONE',  ( -16.49999999999981881, 9.000000000000000000, 0.5000000000000000000 ) ) ;
#7331 = VERTEX_POINT ( 'NONE', #3059 ) ;
#7332 = CARTESIAN_POINT ( 'NONE',  ( -60.49999999999997158, 25.25000000000000000, 2.500000000000000000 ) ) ;
#7333 = EDGE_LOOP ( 'NONE', ( #7324, #5374, #6144, #4747, #6083, #1535, #6846, #4097, #6338, #3040, #5413, #4572, #1233, #7850, #3021, #6865, #7427, #6752, #1689, #1166, #7756, #4180, #2902, #7043, #425 ) ) ;
#7334 = VECTOR ( 'NONE', #2697, 999.9999999999998863 ) ;
#7335 = DIRECTION ( 'NONE',  ( 1.734723475976805517E-15, -1.000000000000000000, 0.000000000000000000 ) ) ;
#7336 = CARTESIAN_POINT ( 'NONE',  ( -16.99999999999982236, 9.000000000000035527, 2.000000000000000000 ) ) ;
#7337 = EDGE_CURVE ( 'NONE', #723, #1179, #7154, .T. ) ;
#7338 = CARTESIAN_POINT ( 'NONE',  ( -12.68749999999997691, -15.83999999999999986, 7.400893641477320983 ) ) ;
#7339 = CARTESIAN_POINT ( 'NONE',  ( -23.00000000000000000, 33.00000000000000000, -3.000000000000000000 ) ) ;
#7340 = ORIENTED_EDGE ( 'NONE', *, *, #8587, .F. ) ;
#7341 = LINE ( 'NONE', #7966, #953 ) ;
#7342 = ORIENTED_EDGE ( 'NONE', *, *, #3848, .T. ) ;
#7343 = CARTESIAN_POINT ( 'NONE',  ( -4.838190571568130594, -22.69779324348373706, 0.000000000000000000 ) ) ;
#7344 = EDGE_CURVE ( 'NONE', #2860, #2165, #6419, .T. ) ;
#7345 = LINE ( 'NONE', #582, #5177 ) ;
#7346 = ORIENTED_EDGE ( 'NONE', *, *, #8595, .F. ) ;
#7347 = ADVANCED_FACE ( 'NONE', ( #6670, #4166 ), #4254, .F. ) ;
#7348 = AXIS2_PLACEMENT_3D ( 'NONE', #6506, #4524, #3292 ) ;
#7350 = ADVANCED_FACE ( 'NONE', ( #3605 ), #5401, .F. ) ;
#7349 = CARTESIAN_POINT ( 'NONE',  ( 6.375000000000000888, -26.83999999999999275, 5.909090909090911836 ) ) ;
#7351 = DIRECTION ( 'NONE',  ( 1.000000000000000000, 3.898255002195072399E-16, -0.000000000000000000 ) ) ;
#7352 = LINE ( 'NONE', #8674, #8612 ) ;
#7353 = VERTEX_POINT ( 'NONE', #6238 ) ;
#7354 = CIRCLE ( 'NONE', #1423, 0.5000000000000004441 ) ;
#7355 = CARTESIAN_POINT ( 'NONE',  ( -16.50000000000001421, 27.75000000000000000, 2.500000000000000000 ) ) ;
#7356 = CIRCLE ( 'NONE', #315, 1.250000000000001110 ) ;
#7357 = ORIENTED_EDGE ( 'NONE', *, *, #3296, .F. ) ;
#7358 = CARTESIAN_POINT ( 'NONE',  ( -11.48193471520352382, 32.56957243571595484, -12.79999999999467697 ) ) ;
#7359 = ORIENTED_EDGE ( 'NONE', *, *, #2341, .F. ) ;
#7360 = FACE_OUTER_BOUND ( 'NONE', #3964, .T. ) ;
#7361 = DIRECTION ( 'NONE',  ( -1.000000000000000000, 0.000000000000000000, 0.000000000000000000 ) ) ;
#7362 = STYLED_ITEM ( 'NONE', ( #3334 ), #7083 ) ;
#7363 = VECTOR ( 'NONE', #855, 1000.000000000000000 ) ;
#7364 = VERTEX_POINT ( 'NONE', #2058 ) ;
#7365 = ORIENTED_EDGE ( 'NONE', *, *, #4983, .F. ) ;
#7366 = EDGE_LOOP ( 'NONE', ( #798, #623, #2210, #7886 ) ) ;
#7367 = CARTESIAN_POINT ( 'NONE',  ( -8.874999999999976907, -15.34000000000000341, 4.500000000000000888 ) ) ;
#7368 = AXIS2_PLACEMENT_3D ( 'NONE', #1218, #5951, #6603 ) ;
#7369 = ORIENTED_EDGE ( 'NONE', *, *, #2866, .T. ) ;
#7370 = PLANE ( 'NONE',  #2953 ) ;
#7371 = DIRECTION ( 'NONE',  ( -1.000000000000000000, 0.000000000000000000, 0.000000000000000000 ) ) ;
#7372 = CARTESIAN_POINT ( 'NONE',  ( 2.543627439199105389, 3.159999999999996145, 4.500000000000000888 ) ) ;
#7373 = DIRECTION ( 'NONE',  ( -0.000000000000000000, -0.000000000000000000, 1.000000000000000000 ) ) ;
#7374 = ORIENTED_EDGE ( 'NONE', *, *, #7192, .T. ) ;
#7375 = ADVANCED_FACE ( 'NONE', ( #2146 ), #4731, .F. ) ;
#7376 = FACE_OUTER_BOUND ( 'NONE', #125, .T. ) ;
#7377 = VERTEX_POINT ( 'NONE', #8285 ) ;
#7378 = CARTESIAN_POINT ( 'NONE',  ( -22.99999999999999645, -33.00000000000000000, -2.200000000000000178 ) ) ;
#7379 = CARTESIAN_POINT ( 'NONE',  ( 7.933623247202887363, -17.31022109763069849, 0.000000000000000000 ) ) ;
#7380 = CARTESIAN_POINT ( 'NONE',  ( 19.00000000000001421, -24.89390881316724702, 6.262925670333229000 ) ) ;
#7381 = VERTEX_POINT ( 'NONE', #4826 ) ;
#7382 = CARTESIAN_POINT ( 'NONE',  ( -5.062499999999978684, -15.34000000000000341, 7.900893641477321871 ) ) ;
#7383 = VERTEX_POINT ( 'NONE', #2196 ) ;
#7384 = CYLINDRICAL_SURFACE ( 'NONE', #6922, 0.4999999999999997780 ) ;
#7385 = VECTOR ( 'NONE', #6942, 1000.000000000000000 ) ;
#7386 = ADVANCED_FACE ( 'NONE', ( #4877 ), #4612, .T. ) ;
#7387 = CARTESIAN_POINT ( 'NONE',  ( 18.49999999999999645, -33.99999999999999289, -5.837274330926434551 ) ) ;
#7388 = ORIENTED_EDGE ( 'NONE', *, *, #1674, .F. ) ;
#7389 = SURFACE_STYLE_FILL_AREA ( #2014 ) ;
#7390 = CARTESIAN_POINT ( 'NONE',  ( 8.874999999999994671, -24.33999999999999986, 6.363636363636365090 ) ) ;
#7391 = CARTESIAN_POINT ( 'NONE',  ( 16.50000000000000355, -15.33999999999999808, 7.999999999999998224 ) ) ;
#7392 = VECTOR ( 'NONE', #8446, 1000.000000000000000 ) ;
#7393 = CARTESIAN_POINT ( 'NONE',  ( 24.00000000000000355, 28.50000000000000355, -3.000000000000000000 ) ) ;
#7394 = ORIENTED_EDGE ( 'NONE', *, *, #5446, .T. ) ;
#7395 = ADVANCED_FACE ( 'NONE', ( #3826 ), #8188, .T. ) ;
#7396 = DIRECTION ( 'NONE',  ( 1.000000000000000000, 0.000000000000000000, 0.000000000000000000 ) ) ;
#7397 = EDGE_CURVE ( 'NONE', #3612, #2860, #4334, .T. ) ;
#7398 = ORIENTED_EDGE ( 'NONE', *, *, #7733, .F. ) ;
#7399 = DIRECTION ( 'NONE',  ( -1.000000000000000000, 0.000000000000000000, 0.000000000000000000 ) ) ;
#7400 = ORIENTED_EDGE ( 'NONE', *, *, #5871, .T. ) ;
#7401 =( LENGTH_UNIT ( ) NAMED_UNIT ( * ) SI_UNIT ( .MILLI., .METRE. ) );
#7402 = CARTESIAN_POINT ( 'NONE',  ( 19.43362324718605194, -17.31024077555447249, 0.000000000000000000 ) ) ;
#7403 = EDGE_CURVE ( 'NONE', #7127, #867, #7232, .T. ) ;
#7404 = VECTOR ( 'NONE', #5321, 1000.000000000000000 ) ;
#7405 = EDGE_LOOP ( 'NONE', ( #3608, #5224, #5808, #3774, #6479, #5583, #6546 ) ) ;
#7406 = ORIENTED_EDGE ( 'NONE', *, *, #5348, .F. ) ;
#7407 = EDGE_CURVE ( 'NONE', #487, #2863, #2356, .T. ) ;
#7408 = EDGE_LOOP ( 'NONE', ( #5078, #610, #444, #7317 ) ) ;
#7409 = DIRECTION ( 'NONE',  ( 0.000000000000000000, 0.000000000000000000, 1.000000000000000000 ) ) ;
#7410 = EDGE_LOOP ( 'NONE', ( #6743, #5849, #190, #2304 ) ) ;
#7411 = DIRECTION ( 'NONE',  ( 1.000000000000000000, 0.000000000000000000, 0.000000000000000000 ) ) ;
#7412 = CARTESIAN_POINT ( 'NONE',  ( -5.062499999999976907, -15.83999999999999986, 7.400893641477320983 ) ) ;
#7413 = CARTESIAN_POINT ( 'NONE',  ( -15.72460686094505711, 14.18480338457612788, -1.800000000000000266 ) ) ;
#7414 = CARTESIAN_POINT ( 'NONE',  ( -25.99999999999999289, -36.00000000000000000, 1.000000000000000000 ) ) ;
#7415 = ORIENTED_EDGE ( 'NONE', *, *, #8542, .T. ) ;
#7416 = DIRECTION ( 'NONE',  ( 0.000000000000000000, -0.000000000000000000, 1.000000000000000000 ) ) ;
#7417 = ORIENTED_EDGE ( 'NONE', *, *, #1354, .F. ) ;
#7418 = CARTESIAN_POINT ( 'NONE',  ( 21.24264068711926612, -30.00000000000001421, -0.1788635809607205529 ) ) ;
#7419 = CARTESIAN_POINT ( 'NONE',  ( 7.933596585688167835, -32.89151020380824519, -0.8214214040292160401 ) ) ;
#7420 = ORIENTED_EDGE ( 'NONE', *, *, #7620, .F. ) ;
#7421 = FACE_OUTER_BOUND ( 'NONE', #2930, .T. ) ;
#7422 = AXIS2_PLACEMENT_3D ( 'NONE', #921, #1449, #4190 ) ;
#7423 = VERTEX_POINT ( 'NONE', #4095 ) ;
#7424 = CARTESIAN_POINT ( 'NONE',  ( -22.99999999999999289, 32.99999999999999289, -2.299999999999999822 ) ) ;
#7425 = VECTOR ( 'NONE', #466, 1000.000000000000000 ) ;
#7426 = DIRECTION ( 'NONE',  ( -1.000000000000000000, 0.000000000000000000, -0.000000000000000000 ) ) ;
#7427 = ORIENTED_EDGE ( 'NONE', *, *, #2132, .F. ) ;
#7428 = DIRECTION ( 'NONE',  ( -1.000000000000000000, 0.000000000000000000, -0.000000000000000000 ) ) ;
#7429 = CARTESIAN_POINT ( 'NONE',  ( -64.26000000000000512, 18.69999999999999929, -5.599999999999999645 ) ) ;
#7430 = CARTESIAN_POINT ( 'NONE',  ( 17.75904744290406612, -16.24497674489089150, 7.835458773656201359 ) ) ;
#7431 = CIRCLE ( 'NONE', #4194, 0.5000000000000004441 ) ;
#7432 = DIRECTION ( 'NONE',  ( -1.000000000000000000, 0.000000000000000000, 0.000000000000000000 ) ) ;
#7433 = ORIENTED_EDGE ( 'NONE', *, *, #6028, .T. ) ;
#7434 =( NAMED_UNIT ( * ) SI_UNIT ( $, .STERADIAN. ) SOLID_ANGLE_UNIT ( ) );
#7435 = ORIENTED_EDGE ( 'NONE', *, *, #4586, .T. ) ;
#7436 = CARTESIAN_POINT ( 'NONE',  ( 1.249999999999976907, -15.34000000000004782, 7.999999999999991118 ) ) ;
#7437 = LINE ( 'NONE', #33, #7998 ) ;
#7438 = ORIENTED_EDGE ( 'NONE', *, *, #8423, .F. ) ;
#7440 = ADVANCED_FACE ( 'NONE', ( #733 ), #5286, .F. ) ;
#7439 = DIRECTION ( 'NONE',  ( 0.000000000000000000, 1.000000000000000000, 0.000000000000000000 ) ) ;
#7441 = EDGE_CURVE ( 'NONE', #1876, #6381, #6759, .T. ) ;
#7442 = VECTOR ( 'NONE', #5903, 1000.000000000000000 ) ;
#7443 = VECTOR ( 'NONE', #3773, 1000.000000000000000 ) ;
#7444 = VERTEX_POINT ( 'NONE', #2675 ) ;
#7445 = ORIENTED_EDGE ( 'NONE', *, *, #851, .F. ) ;
#7446 = ORIENTED_EDGE ( 'NONE', *, *, #7845, .T. ) ;
#7447 = DIRECTION ( 'NONE',  ( 1.000000000000000000, 0.000000000000000000, 0.000000000000000000 ) ) ;
#7448 = DIRECTION ( 'NONE',  ( -1.000000000000000000, 1.927470528863119739E-15, -0.000000000000000000 ) ) ;
#7449 = ADVANCED_FACE ( 'NONE', ( #4824, #4030, #7516, #6848 ), #802, .T. ) ;
#7450 = EDGE_CURVE ( 'NONE', #3757, #2476, #2867, .T. ) ;
#7451 = DIRECTION ( 'NONE',  ( -0.000000000000000000, -0.000000000000000000, 1.000000000000000000 ) ) ;
#7452 = VECTOR ( 'NONE', #4865, 1000.000000000000000 ) ;
#7453 = CARTESIAN_POINT ( 'NONE',  ( -19.49999999999999645, -23.34000000000000341, 8.000000000000000000 ) ) ;
#7454 = EDGE_LOOP ( 'NONE', ( #4564, #2943, #4359, #6997, #5644, #1616, #8123 ) ) ;
#7455 = DIRECTION ( 'NONE',  ( -1.000000000000000000, -3.898255002195072399E-16, 0.000000000000000000 ) ) ;
#7456 = ORIENTED_EDGE ( 'NONE', *, *, #5570, .F. ) ;
#7457 = FACE_OUTER_BOUND ( 'NONE', #6567, .T. ) ;
#7458 = LINE ( 'NONE', #3457, #6503 ) ;
#7459 = AXIS2_PLACEMENT_3D ( 'NONE', #5246, #6021, #2687 ) ;
#7460 = LINE ( 'NONE', #7555, #1397 ) ;
#7461 = EDGE_LOOP ( 'NONE', ( #1202, #6292, #777, #1985 ) ) ;
#7462 = CARTESIAN_POINT ( 'NONE',  ( -57.50000000000000711, 6.499999999999992006, 1.000000000000000000 ) ) ;
#7463 = CIRCLE ( 'NONE', #6754, 0.5000000000000004441 ) ;
#7464 = VERTEX_POINT ( 'NONE', #6183 ) ;
#7465 = LINE ( 'NONE', #8098, #6067 ) ;
#7466 = CARTESIAN_POINT ( 'NONE',  ( -17.99999999999999289, 9.000000000000000000, 0.5000000000000000000 ) ) ;
#7467 = ORIENTED_EDGE ( 'NONE', *, *, #7631, .F. ) ;
#7468 = CARTESIAN_POINT ( 'NONE',  ( 5.718749999999994671, 3.003749999999987264, 1.000000000000000000 ) ) ;
#7469 = CARTESIAN_POINT ( 'NONE',  ( -2.562500000000003997, -24.33999999999999986, 1.000000000000000000 ) ) ;
#7470 = DIRECTION ( 'NONE',  ( 1.000000000000000000, 0.000000000000000000, 0.000000000000000000 ) ) ;
#7471 = CARTESIAN_POINT ( 'NONE',  ( 16.89276987704307231, -15.33999999999999986, 7.400893641476327112 ) ) ;
#7472 = VECTOR ( 'NONE', #647, 1000.000000000000000 ) ;
#7473 = ORIENTED_EDGE ( 'NONE', *, *, #5189, .F. ) ;
#7474 = DIRECTION ( 'NONE',  ( -0.000000000000000000, -0.000000000000000000, 1.000000000000000000 ) ) ;
#7475 = VERTEX_POINT ( 'NONE', #4774 ) ;
#7476 = CARTESIAN_POINT ( 'NONE',  ( 16.49999999999997513, -15.34000000000000341, 7.900893641477321871 ) ) ;
#7477 = LINE ( 'NONE', #7279, #1654 ) ;
#7478 = ORIENTED_EDGE ( 'NONE', *, *, #1855, .T. ) ;
#7479 = CYLINDRICAL_SURFACE ( 'NONE', #4115, 1.249999999999996003 ) ;
#7480 = AXIS2_PLACEMENT_3D ( 'NONE', #7608, #1741, #6988 ) ;
#7481 = FACE_OUTER_BOUND ( 'NONE', #7092, .T. ) ;
#7482 = AXIS2_PLACEMENT_3D ( 'NONE', #7322, #1266, #687 ) ;
#7483 = VECTOR ( 'NONE', #4931, 1000.000000000000000 ) ;
#7484 = ORIENTED_EDGE ( 'NONE', *, *, #2941, .F. ) ;
#7485 = ORIENTED_EDGE ( 'NONE', *, *, #7502, .F. ) ;
#7486 = EDGE_LOOP ( 'NONE', ( #699, #2625, #7374, #6823 ) ) ;
#7487 = EDGE_LOOP ( 'NONE', ( #4888, #169, #6867, #991 ) ) ;
#7488 = EDGE_CURVE ( 'NONE', #5844, #684, #713, .T. ) ;
#7489 = CARTESIAN_POINT ( 'NONE',  ( 0.000000000000000000, 0.000000000000000000, 4.500000000000000888 ) ) ;
#7490 = VECTOR ( 'NONE', #6588, 1000.000000000000000 ) ;
#7491 = AXIS2_PLACEMENT_3D ( 'NONE', #5554, #8126, #3487 ) ;
#7492 = CYLINDRICAL_SURFACE ( 'NONE', #4009, 2.599999999999998312 ) ;
#7493 = DIRECTION ( 'NONE',  ( 1.000000000000000000, 0.000000000000000000, 0.000000000000000000 ) ) ;
#7494 = DIRECTION ( 'NONE',  ( 0.000000000000000000, 0.000000000000000000, 1.000000000000000000 ) ) ;
#7495 = DIRECTION ( 'NONE',  ( 0.000000000000000000, 0.000000000000000000, -1.000000000000000000 ) ) ;
#7496 = EDGE_CURVE ( 'NONE', #5726, #745, #2056, .T. ) ;
#7497 = AXIS2_PLACEMENT_3D ( 'NONE', #1373, #8243, #4872 ) ;
#7498 = ADVANCED_FACE ( 'NONE', ( #5398 ), #8056, .F. ) ;
#7499 = AXIS2_PLACEMENT_3D ( 'NONE', #2155, #6194, #32 ) ;
#7500 = DIRECTION ( 'NONE',  ( 0.000000000000000000, 0.000000000000000000, -1.000000000000000000 ) ) ;
#7501 = EDGE_CURVE ( 'NONE', #1038, #6766, #3427, .T. ) ;
#7502 = EDGE_CURVE ( 'NONE', #1764, #3612, #7653, .T. ) ;
#7503 = ORIENTED_EDGE ( 'NONE', *, *, #2758, .T. ) ;
#7504 = CARTESIAN_POINT ( 'NONE',  ( 23.00000000000000000, 33.00000000000000711, 0.000000000000000000 ) ) ;
#7505 = ORIENTED_EDGE ( 'NONE', *, *, #1236, .F. ) ;
#7506 = CARTESIAN_POINT ( 'NONE',  ( 19.99999999999999645, -31.24264068711930520, -0.4550059558761178069 ) ) ;
#7507 = CARTESIAN_POINT ( 'NONE',  ( 21.75000000000000000, 33.00000000000000711, 0.000000000000000000 ) ) ;
#7508 = PLANE ( 'NONE',  #6044 ) ;
#7509 = ORIENTED_EDGE ( 'NONE', *, *, #7403, .F. ) ;
#7510 = LINE ( 'NONE', #7558, #5892 ) ;
#7511 = EDGE_CURVE ( 'NONE', #1207, #7750, #6894, .T. ) ;
#7512 = VERTEX_POINT ( 'NONE', #845 ) ;
#7513 = DIRECTION ( 'NONE',  ( -1.000000000000000000, -1.734723475976807883E-15, 0.000000000000000000 ) ) ;
#7514 = DIRECTION ( 'NONE',  ( -0.000000000000000000, -1.000000000000000000, -0.000000000000000000 ) ) ;
#7515 = EDGE_LOOP ( 'NONE', ( #2923, #2822, #4348, #4935 ) ) ;
#7516 = FACE_BOUND ( 'NONE', #2279, .T. ) ;
#7517 = CARTESIAN_POINT ( 'NONE',  ( -16.50000000000001421, 29.00000000000000000, 2.000000000000000000 ) ) ;
#7518 = CARTESIAN_POINT ( 'NONE',  ( -18.89900051991008922, -25.18364016720919452, 5.757917858566755420 ) ) ;
#7519 = DIRECTION ( 'NONE',  ( 0.000000000000000000, -0.000000000000000000, -1.000000000000000000 ) ) ;
#7520 = CARTESIAN_POINT ( 'NONE',  ( 10.00000000000000355, 19.00000000000000000, 1.000000000000000000 ) ) ;
#7521 = DIRECTION ( 'NONE',  ( 1.000000000000000000, 1.559302000878028960E-16, -0.000000000000000000 ) ) ;
#7522 = ORIENTED_EDGE ( 'NONE', *, *, #1855, .F. ) ;
#7523 = DIRECTION ( 'NONE',  ( 1.000000000000000000, 0.000000000000000000, 0.000000000000000000 ) ) ;
#7524 = ORIENTED_EDGE ( 'NONE', *, *, #4743, .T. ) ;
#7525 = CARTESIAN_POINT ( 'NONE',  ( -16.99999999999982236, 10.25000000000003730, 2.500000000000000000 ) ) ;
#7526 = CARTESIAN_POINT ( 'NONE',  ( 26.00000000000000711, -36.00000000000000000, -1.000000000000000000 ) ) ;
#7527 = EDGE_LOOP ( 'NONE', ( #92, #2586, #3044, #7219, #8067, #1631 ) ) ;
#7528 = DIRECTION ( 'NONE',  ( -0.000000000000000000, -0.000000000000000000, -1.000000000000000000 ) ) ;
#7529 =( NAMED_UNIT ( * ) PLANE_ANGLE_UNIT ( ) SI_UNIT ( $, .RADIAN. ) );
#7530 = DIRECTION ( 'NONE',  ( -1.000000000000000000, 0.000000000000000000, 0.000000000000000000 ) ) ;
#7531 = VERTEX_POINT ( 'NONE', #6008 ) ;
#7532 = EDGE_LOOP ( 'NONE', ( #6285, #2753, #7522, #8669, #488, #2495, #6735, #4006 ) ) ;
#7533 = ORIENTED_EDGE ( 'NONE', *, *, #5135, .F. ) ;
#7534 = CARTESIAN_POINT ( 'NONE',  ( -1.249999999999980238, -15.33999999999995367, 8.000000000000008882 ) ) ;
#7535 = AXIS2_PLACEMENT_3D ( 'NONE', #5293, #5420, #6738 ) ;
#7536 = ORIENTED_EDGE ( 'NONE', *, *, #4042, .F. ) ;
#7537 = DIRECTION ( 'NONE',  ( 0.000000000000000000, 1.000000000000000000, 0.000000000000000000 ) ) ;
#7538 = ORIENTED_EDGE ( 'NONE', *, *, #2612, .T. ) ;
#7539 = DIRECTION ( 'NONE',  ( -0.000000000000000000, -0.000000000000000000, 1.000000000000000000 ) ) ;
#7540 = LINE ( 'NONE', #1666, #8535 ) ;
#7541 = CARTESIAN_POINT ( 'NONE',  ( -8.874999999999994671, -24.33999999999999986, 6.363636363636365090 ) ) ;
#7542 = VECTOR ( 'NONE', #6342, 1000.000000000000000 ) ;
#7543 = CARTESIAN_POINT ( 'NONE',  ( 25.50000000000000355, 28.50000000000000355, 0.000000000000000000 ) ) ;
#7544 = ADVANCED_FACE ( 'NONE', ( #105 ), #1422, .F. ) ;
#7545 = CYLINDRICAL_SURFACE ( 'NONE', #2082, 0.4999999999999995559 ) ;
#7546 = VERTEX_POINT ( 'NONE', #2143 ) ;
#7547 = AXIS2_PLACEMENT_3D ( 'NONE', #1044, #3752, #4493 ) ;
#7548 = CARTESIAN_POINT ( 'NONE',  ( 19.50000000000000355, -23.33999999999998209, 8.000000000000000000 ) ) ;
#7549 = ORIENTED_EDGE ( 'NONE', *, *, #4007, .T. ) ;
#7550 = CARTESIAN_POINT ( 'NONE',  ( -61.00000000000001421, 2.999999999999990674, -2.299999999999999822 ) ) ;
#7551 = DIRECTION ( 'NONE',  ( 0.000000000000000000, 0.000000000000000000, 1.000000000000000000 ) ) ;
#7552 = EDGE_CURVE ( 'NONE', #79, #6463, #1466, .T. ) ;
#7553 = EDGE_CURVE ( 'NONE', #779, #3388, #3281, .T. ) ;
#7554 = EDGE_CURVE ( 'NONE', #1687, #613, #4426, .T. ) ;
#7555 = CARTESIAN_POINT ( 'NONE',  ( -20.00000000000000355, -33.00000000000001421, -3.000000000000000000 ) ) ;
#7556 =( BOUNDED_CURVE ( )  B_SPLINE_CURVE ( 3, ( #1138, #6651, #8656, #5165 ),
 .UNSPECIFIED., .F., .F. ) 
 B_SPLINE_CURVE_WITH_KNOTS ( ( 4, 4 ),
 ( 4.712388980384689674, 7.853981633974482790 ),
 .UNSPECIFIED. ) 
 CURVE ( )  GEOMETRIC_REPRESENTATION_ITEM ( )  RATIONAL_B_SPLINE_CURVE ( ( 1.000000000000000000, 0.3333333333333333703, 0.3333333333333333703, 1.000000000000000000 ) ) 
 REPRESENTATION_ITEM ( '' )  );
#7557 = ORIENTED_EDGE ( 'NONE', *, *, #6571, .F. ) ;
#7558 = CARTESIAN_POINT ( 'NONE',  ( 14.00000000000001599, -15.34000000000000341, 4.500000000000000888 ) ) ;
#7559 = ORIENTED_EDGE ( 'NONE', *, *, #6201, .T. ) ;
#7560 = CARTESIAN_POINT ( 'NONE',  ( -60.99999999999997158, 24.00000000000000000, 1.000000000000000000 ) ) ;
#7561 = DIRECTION ( 'NONE',  ( 1.000000000000000000, -0.000000000000000000, -0.000000000000000000 ) ) ;
#7562 = VERTEX_POINT ( 'NONE', #1735 ) ;
#7563 = DIRECTION ( 'NONE',  ( -0.7071055712382681158, 0.7071079911327565748, 0.000000000000000000 ) ) ;
#7564 = ADVANCED_FACE ( 'NONE', ( #7075 ), #933, .F. ) ;
#7565 = CARTESIAN_POINT ( 'NONE',  ( -23.99999999999999289, -28.50000000000001066, 0.000000000000000000 ) ) ;
#7566 = PLANE ( 'NONE',  #2685 ) ;
#7567 = EDGE_CURVE ( 'NONE', #3443, #1482, #3561, .T. ) ;
#7568 = LINE ( 'NONE', #3565, #7058 ) ;
#7569 = DIRECTION ( 'NONE',  ( 1.000000000000000000, 0.000000000000000000, 0.000000000000000000 ) ) ;
#7570 = CARTESIAN_POINT ( 'NONE',  ( 14.00000000000001599, -15.33999999999998032, 8.000000000000003553 ) ) ;
#7571 = VERTEX_POINT ( 'NONE', #7117 ) ;
#7572 = LINE ( 'NONE', #6951, #3915 ) ;
#7573 = ORIENTED_EDGE ( 'NONE', *, *, #2183, .F. ) ;
#7574 = CIRCLE ( 'NONE', #5740, 3.500000000000003109 ) ;
#7575 = CARTESIAN_POINT ( 'NONE',  ( -64.26000000000000512, 18.69999999999999929, -5.599999999999999645 ) ) ;
#7576 = ORIENTED_EDGE ( 'NONE', *, *, #8643, .F. ) ;
#7577 = ORIENTED_EDGE ( 'NONE', *, *, #4388, .F. ) ;
#7578 = VECTOR ( 'NONE', #3559, 1000.000000000000000 ) ;
#7579 = VERTEX_POINT ( 'NONE', #1642 ) ;
#7580 = CIRCLE ( 'NONE', #6587, 3.000000000000002665 ) ;
#7581 = ORIENTED_EDGE ( 'NONE', *, *, #3902, .T. ) ;
#7582 = CARTESIAN_POINT ( 'NONE',  ( -16.49999999999997513, -15.34000000000000341, 4.500000000000000888 ) ) ;
#7583 = VERTEX_POINT ( 'NONE', #7699 ) ;
#7584 = LINE ( 'NONE', #2264, #403 ) ;
#7585 = CARTESIAN_POINT ( 'NONE',  ( -19.49999999999999645, -22.99455728089999340, 6.100065044950051529 ) ) ;
#7586 = DIRECTION ( 'NONE',  ( 0.7071055712382641190, -0.7071079911327605716, 0.000000000000000000 ) ) ;
#7587 = CARTESIAN_POINT ( 'NONE',  ( 7.933601002593406726, -30.31022109761167371, 0.000000000000000000 ) ) ;
#7588 = AXIS2_PLACEMENT_3D ( 'NONE', #7462, #4120, #8141 ) ;
#7589 = CARTESIAN_POINT ( 'NONE',  ( -16.49999999999993605, 20.25000000000001421, 2.500000000000000000 ) ) ;
#7590 = CARTESIAN_POINT ( 'NONE',  ( -6.375000000000020428, -15.34000000000000341, 7.400893641477320983 ) ) ;
#7591 = VECTOR ( 'NONE', #1538, 1000.000000000000000 ) ;
#7592 = ORIENTED_EDGE ( 'NONE', *, *, #2284, .F. ) ;
#7593 = CARTESIAN_POINT ( 'NONE',  ( -60.49999999999993605, 0.000000000000000000, 2.500000000000000000 ) ) ;
#7594 = VERTEX_POINT ( 'NONE', #7786 ) ;
#7595 = PLANE ( 'NONE',  #473 ) ;
#7596 = CARTESIAN_POINT ( 'NONE',  ( -13.77648058090415795, 3.502162626495981979, 4.369946396850294512 ) ) ;
#7597 = CIRCLE ( 'NONE', #959, 0.5000000000000004441 ) ;
#7598 = EDGE_LOOP ( 'NONE', ( #7062, #1430, #7796, #7369 ) ) ;
#7599 = CARTESIAN_POINT ( 'NONE',  ( 19.50000000000000355, 3.659999999999996145, 4.000000000000000000 ) ) ;
#7600 = ORIENTED_EDGE ( 'NONE', *, *, #5981, .T. ) ;
#7601 = CARTESIAN_POINT ( 'NONE',  ( 7.933601002593406726, -30.31022109761167371, -1.699999999999999956 ) ) ;
#7602 = ORIENTED_EDGE ( 'NONE', *, *, #5248, .F. ) ;
#7603 = VECTOR ( 'NONE', #8685, 1000.000000000000000 ) ;
#7604 = CARTESIAN_POINT ( 'NONE',  ( 5.062499999999993783, -24.33999999999999986, 7.900893641477321871 ) ) ;
#7605 = EDGE_CURVE ( 'NONE', #5239, #4871, #7031, .T. ) ;
#7606 = DIRECTION ( 'NONE',  ( 0.000000000000000000, 0.000000000000000000, -1.000000000000000000 ) ) ;
#7607 = CARTESIAN_POINT ( 'NONE',  ( 19.50000000000000355, -18.42944271909999543, 7.438283141981818503 ) ) ;
#7608 = CARTESIAN_POINT ( 'NONE',  ( -64.26000000000000512, 18.69999999999999929, -4.599999999999999645 ) ) ;
#7609 = AXIS2_PLACEMENT_3D ( 'NONE', #6761, #6010, #2197 ) ;
#7610 = DIRECTION ( 'NONE',  ( -1.000000000000000000, 0.000000000000000000, 0.000000000000000000 ) ) ;
#7611 = ADVANCED_FACE ( 'NONE', ( #6236 ), #6275, .F. ) ;
#7612 = VERTEX_POINT ( 'NONE', #6984 ) ;
#7613 = LINE ( 'NONE', #8417, #258 ) ;
#7614 = ORIENTED_EDGE ( 'NONE', *, *, #8164, .F. ) ;
#7615 = DIRECTION ( 'NONE',  ( 0.000000000000000000, 0.000000000000000000, 1.000000000000000000 ) ) ;
#7616 = CARTESIAN_POINT ( 'NONE',  ( 8.874999999999978684, -15.34000000000000341, 7.900893641477321871 ) ) ;
#7617 = EDGE_CURVE ( 'NONE', #1894, #6766, #757, .T. ) ;
#7618 = ORIENTED_EDGE ( 'NONE', *, *, #5282, .T. ) ;
#7619 = CARTESIAN_POINT ( 'NONE',  ( 2.081899558550499491E-15, 19.00000000000000000, 1.000000000000000000 ) ) ;
#7620 = EDGE_CURVE ( 'NONE', #1706, #202, #2237, .T. ) ;
#7621 = EDGE_CURVE ( 'NONE', #5636, #2644, #8371, .T. ) ;
#7622 = VECTOR ( 'NONE', #7451, 1000.000000000000000 ) ;
#7623 = CARTESIAN_POINT ( 'NONE',  ( -67.91000000000001080, 3.159999999999996145, 4.500000000000000000 ) ) ;
#7624 = ORIENTED_EDGE ( 'NONE', *, *, #2386, .F. ) ;
#7625 = ORIENTED_EDGE ( 'NONE', *, *, #8124, .F. ) ;
#7626 = VECTOR ( 'NONE', #5491, 1000.000000000000000 ) ;
#7627 = ORIENTED_EDGE ( 'NONE', *, *, #391, .F. ) ;
#7628 = DIRECTION ( 'NONE',  ( -0.7071079911327565748, -0.7071055712382681158, 0.000000000000000000 ) ) ;
#7629 = ORIENTED_EDGE ( 'NONE', *, *, #2228, .T. ) ;
#7630 = DIRECTION ( 'NONE',  ( -0.000000000000000000, -0.000000000000000000, 1.000000000000000000 ) ) ;
#7631 = EDGE_CURVE ( 'NONE', #228, #5705, #5626, .T. ) ;
#7632 = CARTESIAN_POINT ( 'NONE',  ( -5.062499999999976907, -15.33999999999994657, 8.000000000000010658 ) ) ;
#7633 = CARTESIAN_POINT ( 'NONE',  ( -19.00000000000000711, -16.96497662503272963, 7.704549704539505051 ) ) ;
#7634 = AXIS2_PLACEMENT_3D ( 'NONE', #7968, #6582, #5798 ) ;
#7635 = DIRECTION ( 'NONE',  ( 3.898255002195072399E-16, -1.000000000000000000, 0.000000000000000000 ) ) ;
#7636 = VECTOR ( 'NONE', #6629, 999.9999999999998863 ) ;
#7637 = DIRECTION ( 'NONE',  ( -1.000000000000000000, -5.256737805990324790E-17, 0.000000000000000000 ) ) ;
#7638 = AXIS2_PLACEMENT_3D ( 'NONE', #6130, #2182, #4113 ) ;
#7639 = DIRECTION ( 'NONE',  ( -1.000000000000000000, 0.000000000000000000, 0.000000000000000000 ) ) ;
#7640 = VECTOR ( 'NONE', #2594, 1000.000000000000000 ) ;
#7641 = ORIENTED_EDGE ( 'NONE', *, *, #2796, .T. ) ;
#7642 = DIRECTION ( 'NONE',  ( 0.7071079911327569079, 0.7071055712382677827, -0.000000000000000000 ) ) ;
#7643 = ORIENTED_EDGE ( 'NONE', *, *, #5693, .T. ) ;
#7644 = CARTESIAN_POINT ( 'NONE',  ( -60.99999999999981526, 8.999999999999998224, 2.000000000000000000 ) ) ;
#7645 = FACE_OUTER_BOUND ( 'NONE', #4446, .T. ) ;
#7646 = AXIS2_PLACEMENT_3D ( 'NONE', #2218, #2879, #6212 ) ;
#7647 = CARTESIAN_POINT ( 'NONE',  ( -57.50000000000000711, 6.499999999999992006, -2.299999999999999822 ) ) ;
#7648 = STYLED_ITEM ( 'NONE', ( #1746 ), #5990 ) ;
#7649 = ORIENTED_EDGE ( 'NONE', *, *, #4920, .F. ) ;
#7650 = CARTESIAN_POINT ( 'NONE',  ( 20.40000000000000213, 33.00000000000000711, 1.000000000000000000 ) ) ;
#7651 = EDGE_LOOP ( 'NONE', ( #6745, #2992, #2904, #4362, #6490, #7696, #3046, #1276 ) ) ;
#7652 = CARTESIAN_POINT ( 'NONE',  ( 16.49999999999997513, 3.159999999999996145, 4.500000000000000888 ) ) ;
#7653 = CIRCLE ( 'NONE', #734, 0.6562500000000109912 ) ;
#7654 = ORIENTED_EDGE ( 'NONE', *, *, #8450, .F. ) ;
#7655 = AXIS2_PLACEMENT_3D ( 'NONE', #5924, #3821, #1247 ) ;
#7656 = CARTESIAN_POINT ( 'NONE',  ( 12.11404159727034724, 33.26367356109535933, 0.000000000000000000 ) ) ;
#7657 = LINE ( 'NONE', #8284, #6076 ) ;
#7658 = CARTESIAN_POINT ( 'NONE',  ( -16.49999999999989697, 17.75000000000002132, 2.000000000000000000 ) ) ;
#7659 = FACE_OUTER_BOUND ( 'NONE', #579, .T. ) ;
#7660 = LINE ( 'NONE', #4827, #2674 ) ;
#7661 = EDGE_CURVE ( 'NONE', #2326, #7826, #3686, .T. ) ;
#7662 = ORIENTED_EDGE ( 'NONE', *, *, #5140, .T. ) ;
#7663 = FACE_OUTER_BOUND ( 'NONE', #5765, .T. ) ;
#7664 = ORIENTED_EDGE ( 'NONE', *, *, #4860, .T. ) ;
#7665 = DIRECTION ( 'NONE',  ( 1.734723475976805517E-15, 1.000000000000000000, 0.000000000000000000 ) ) ;
#7666 = CYLINDRICAL_SURFACE ( 'NONE', #7159, 1.500000000000001332 ) ;
#7667 = ORIENTED_EDGE ( 'NONE', *, *, #7130, .T. ) ;
#7668 = CARTESIAN_POINT ( 'NONE',  ( 7.933623247202887363, -17.31022109763069849, -1.699999999999999956 ) ) ;
#7669 = EDGE_CURVE ( 'NONE', #832, #4646, #7815, .T. ) ;
#7670 = EDGE_CURVE ( 'NONE', #5976, #2748, #4384, .T. ) ;
#7671 = EDGE_CURVE ( 'NONE', #3932, #7229, #6362, .T. ) ;
#7672 = EDGE_CURVE ( 'NONE', #1710, #1091, #7742, .T. ) ;
#7673 = ORIENTED_EDGE ( 'NONE', *, *, #8276, .F. ) ;
#7674 = FACE_OUTER_BOUND ( 'NONE', #5791, .T. ) ;
#7675 = ORIENTED_EDGE ( 'NONE', *, *, #4796, .T. ) ;
#7676 = LINE ( 'NONE', #5111, #6927 ) ;
#7677 = EDGE_LOOP ( 'NONE', ( #3074, #5757, #4092, #1897 ) ) ;
#7678 = CIRCLE ( 'NONE', #2332, 1.500000000000001332 ) ;
#7679 = DIRECTION ( 'NONE',  ( 1.000000000000000000, 0.000000000000000000, 0.000000000000000000 ) ) ;
#7680 = DIRECTION ( 'NONE',  ( 0.000000000000000000, 0.000000000000000000, 1.000000000000000000 ) ) ;
#7681 = EDGE_CURVE ( 'NONE', #4315, #1755, #3729, .T. ) ;
#7682 = FACE_OUTER_BOUND ( 'NONE', #6947, .T. ) ;
#7683 = CARTESIAN_POINT ( 'NONE',  ( -11.48193471520352382, 32.56957243571595484, -12.79999999999467697 ) ) ;
#7684 = EDGE_CURVE ( 'NONE', #6485, #2109, #4875, .T. ) ;
#7685 = AXIS2_PLACEMENT_3D ( 'NONE', #5989, #6694, #8735 ) ;
#7686 = DIRECTION ( 'NONE',  ( -3.103167691559035684E-16, -0.9838699100999080960, -0.1788854381999801235 ) ) ;
#7687 = VERTEX_POINT ( 'NONE', #8624 ) ;
#7688 = DIRECTION ( 'NONE',  ( 1.000000000000000000, 0.000000000000000000, -8.673617379884027583E-16 ) ) ;
#7689 = VERTEX_POINT ( 'NONE', #1877 ) ;
#7690 = DIRECTION ( 'NONE',  ( -1.000000000000000000, 0.000000000000000000, 0.000000000000000000 ) ) ;
#7691 = CARTESIAN_POINT ( 'NONE',  ( -6.375000000000002665, -24.33999999999999986, 1.000000000000000000 ) ) ;
#7692 = CYLINDRICAL_SURFACE ( 'NONE', #2976, 3.500000000000003109 ) ;
#7693 = AXIS2_PLACEMENT_3D ( 'NONE', #75, #6111, #4039 ) ;
#7694 = ORIENTED_EDGE ( 'NONE', *, *, #4374, .T. ) ;
#7695 = CARTESIAN_POINT ( 'NONE',  ( 2.562500000000019540, -15.34000000000000341, 1.000000000000000000 ) ) ;
#7696 = ORIENTED_EDGE ( 'NONE', *, *, #3835, .F. ) ;
#7697 = DIRECTION ( 'NONE',  ( 0.000000000000000000, 0.000000000000000000, 1.000000000000000000 ) ) ;
#7698 = ORIENTED_EDGE ( 'NONE', *, *, #4439, .F. ) ;
#7699 = CARTESIAN_POINT ( 'NONE',  ( -1.249999999999979128, -15.34000000000000341, 4.500000000000001776 ) ) ;
#7700 = PLANE ( 'NONE',  #6068 ) ;
#7701 = CARTESIAN_POINT ( 'NONE',  ( 19.00000000000000355, -18.42944271909999543, 7.438283141981819391 ) ) ;
#7702 = LINE ( 'NONE', #6945, #430 ) ;
#7703 = CARTESIAN_POINT ( 'NONE',  ( -16.49999999999997513, 25.25000000000000711, 2.500000000000000000 ) ) ;
#7704 = EDGE_LOOP ( 'NONE', ( #2334, #338, #3547, #1037 ) ) ;
#7705 = DIRECTION ( 'NONE',  ( 1.000000000000000000, 0.000000000000000000, 0.000000000000000000 ) ) ;
#7706 = ORIENTED_EDGE ( 'NONE', *, *, #6725, .T. ) ;
#7707 =( NAMED_UNIT ( * ) SI_UNIT ( $, .STERADIAN. ) SOLID_ANGLE_UNIT ( ) );
#7708 = PLANE ( 'NONE',  #3215 ) ;
#7709 = ORIENTED_EDGE ( 'NONE', *, *, #4894, .T. ) ;
#7710 = EDGE_CURVE ( 'NONE', #790, #6381, #4433, .T. ) ;
#7711 = ORIENTED_EDGE ( 'NONE', *, *, #3668, .F. ) ;
#7712 = ORIENTED_EDGE ( 'NONE', *, *, #6052, .T. ) ;
#7713 = ORIENTED_EDGE ( 'NONE', *, *, #7724, .T. ) ;
#7714 = LINE ( 'NONE', #306, #2003 ) ;
#7715 = VERTEX_POINT ( 'NONE', #3280 ) ;
#7716 = VECTOR ( 'NONE', #7769, 1000.000000000000000 ) ;
#7717 = DIRECTION ( 'NONE',  ( -0.000000000000000000, -0.000000000000000000, 1.000000000000000000 ) ) ;
#7718 = EDGE_CURVE ( 'NONE', #168, #8400, #2824, .T. ) ;
#7719 = CARTESIAN_POINT ( 'NONE',  ( -61.00000000000001421, 2.999999999999990674, -2.299999999999999822 ) ) ;
#7720 = CARTESIAN_POINT ( 'NONE',  ( 16.49999999999997513, 3.659999999999997033, 1.000000000000000000 ) ) ;
#7721 = CIRCLE ( 'NONE', #5743, 0.5000000000000004441 ) ;
#7722 = VECTOR ( 'NONE', #4781, 1000.000000000000000 ) ;
#7723 = CARTESIAN_POINT ( 'NONE',  ( 11.40693602603207779, 33.97078155222811802, -1.799999999999999600 ) ) ;
#7724 = EDGE_CURVE ( 'NONE', #5726, #6952, #7210, .T. ) ;
#7725 = DIRECTION ( 'NONE',  ( 0.000000000000000000, 0.000000000000000000, -1.000000000000000000 ) ) ;
#7726 = PLANE ( 'NONE',  #6494 ) ;
#7727 = ORIENTED_EDGE ( 'NONE', *, *, #2302, .T. ) ;
#7728 = CARTESIAN_POINT ( 'NONE',  ( -19.37867965644035451, -35.50000000000000000, -1.401085803182928302 ) ) ;
#7729 = EDGE_CURVE ( 'NONE', #2343, #2479, #7960, .T. ) ;
#7730 = DIRECTION ( 'NONE',  ( -1.000000000000000000, -8.576161004829159278E-16, 0.000000000000000000 ) ) ;
#7731 = EDGE_CURVE ( 'NONE', #4666, #5042, #5831, .T. ) ;
#7732 = CIRCLE ( 'NONE', #818, 0.5000000000000004441 ) ;
#7733 = EDGE_CURVE ( 'NONE', #8063, #18, #2465, .T. ) ;
#7734 = CARTESIAN_POINT ( 'NONE',  ( -16.49999999999981881, 10.25000000000003730, 2.500000000000000000 ) ) ;
#7735 = AXIS2_PLACEMENT_3D ( 'NONE', #6559, #516, #1679 ) ;
#7736 = VECTOR ( 'NONE', #2768, 1000.000000000000000 ) ;
#7737 = ORIENTED_EDGE ( 'NONE', *, *, #7824, .F. ) ;
#7738 = CARTESIAN_POINT ( 'NONE',  ( -18.01085693148419864, -15.71864083094897602, 7.343523818606273679 ) ) ;
#7739 = ORIENTED_EDGE ( 'NONE', *, *, #3466, .F. ) ;
#7740 = CARTESIAN_POINT ( 'NONE',  ( -67.91000000000001080, 3.159999999999996145, 4.500000000000000000 ) ) ;
#7741 = ORIENTED_EDGE ( 'NONE', *, *, #5579, .F. ) ;
#7742 = LINE ( 'NONE', #7656, #7109 ) ;
#7743 = VECTOR ( 'NONE', #2901, 1000.000000000000000 ) ;
#7744 = CARTESIAN_POINT ( 'NONE',  ( 26.00000000000001066, -15.83999999999999986, 7.400893641477320983 ) ) ;
#7745 = CARTESIAN_POINT ( 'NONE',  ( 23.00000000000000000, -30.00000000000002132, -3.000000000000000000 ) ) ;
#7746 = CARTESIAN_POINT ( 'NONE',  ( 8.874999999999980460, -15.83999999999999986, 7.400893641477320983 ) ) ;
#7747 = ORIENTED_EDGE ( 'NONE', *, *, #7987, .T. ) ;
#7748 = DIRECTION ( 'NONE',  ( 3.469446951953611033E-15, 1.000000000000000000, 0.000000000000000000 ) ) ;
#7749 = AXIS2_PLACEMENT_3D ( 'NONE', #7101, #5696, #2352 ) ;
#7750 = VERTEX_POINT ( 'NONE', #8663 ) ;
#7751 = DIRECTION ( 'NONE',  ( -0.000000000000000000, -0.000000000000000000, 1.000000000000000000 ) ) ;
#7752 = PLANE ( 'NONE',  #2087 ) ;
#7753 = ORIENTED_EDGE ( 'NONE', *, *, #7684, .T. ) ;
#7754 = ORIENTED_EDGE ( 'NONE', *, *, #7021, .T. ) ;
#7755 = VECTOR ( 'NONE', #6199, 1000.000000000000000 ) ;
#7756 = ORIENTED_EDGE ( 'NONE', *, *, #1013, .T. ) ;
#7757 = ORIENTED_EDGE ( 'NONE', *, *, #3296, .T. ) ;
#7758 = VERTEX_POINT ( 'NONE', #3812 ) ;
#7759 = DIRECTION ( 'NONE',  ( 0.000000000000000000, 0.000000000000000000, 1.000000000000000000 ) ) ;
#7760 = ORIENTED_EDGE ( 'NONE', *, *, #6202, .F. ) ;
#7761 = DIRECTION ( 'NONE',  ( 3.898255002195072399E-16, -1.000000000000000000, -0.000000000000000000 ) ) ;
#7762 = CIRCLE ( 'NONE', #6197, 0.5000000000000004441 ) ;
#7763 = DIRECTION ( 'NONE',  ( 0.000000000000000000, 0.000000000000000000, 1.000000000000000000 ) ) ;
#7764 = PLANE ( 'NONE',  #2354 ) ;
#7765 = LINE ( 'NONE', #429, #2966 ) ;
#7766 = COLOUR_RGB ( '',0.5921568627450980449, 1.000000000000000000, 0.9607843137254902244 ) ;
#7767 = DIRECTION ( 'NONE',  ( -1.000000000000000000, 0.000000000000000000, 0.000000000000000000 ) ) ;
#7768 = EDGE_CURVE ( 'NONE', #7157, #5595, #6421, .T. ) ;
#7769 = DIRECTION ( 'NONE',  ( 0.000000000000000000, 0.000000000000000000, -1.000000000000000000 ) ) ;
#7770 = LINE ( 'NONE', #4414, #3851 ) ;
#7771 = ORIENTED_EDGE ( 'NONE', *, *, #5565, .F. ) ;
#7772 = LINE ( 'NONE', #5737, #3927 ) ;
#7773 = DIRECTION ( 'NONE',  ( 0.000000000000000000, 0.000000000000000000, 1.000000000000000000 ) ) ;
#7774 = EDGE_CURVE ( 'NONE', #8476, #396, #7678, .T. ) ;
#7775 = LINE ( 'NONE', #7825, #6345 ) ;
#7776 = EDGE_CURVE ( 'NONE', #4342, #1346, #3857, .T. ) ;
#7777 = AXIS2_PLACEMENT_3D ( 'NONE', #260, #4939, #8215 ) ;
#7778 = ADVANCED_FACE ( 'NONE', ( #5301 ), #6491, .F. ) ;
#7779 = AXIS2_PLACEMENT_3D ( 'NONE', #129, #8260, #1534 ) ;
#7780 = EDGE_CURVE ( 'NONE', #4949, #2322, #2500, .T. ) ;
#7781 = VERTEX_POINT ( 'NONE', #4465 ) ;
#7782 = CARTESIAN_POINT ( 'NONE',  ( -18.94662948992005980, -16.55726640095489799, 7.778678836190069390 ) ) ;
#7783 = VERTEX_POINT ( 'NONE', #409 ) ;
#7784 = PLANE ( 'NONE',  #8306 ) ;
#7785 = ORIENTED_EDGE ( 'NONE', *, *, #6905, .F. ) ;
#7786 = CARTESIAN_POINT ( 'NONE',  ( 13.99999999999999822, -24.33999999999999986, 1.000000000000000000 ) ) ;
#7787 = VECTOR ( 'NONE', #5359, 1000.000000000000000 ) ;
#7788 = AXIS2_PLACEMENT_3D ( 'NONE', #5316, #3300, #3258 ) ;
#7789 = CARTESIAN_POINT ( 'NONE',  ( -57.50000000000000711, 6.499999999999992006, -2.299999999999999822 ) ) ;
#7790 = DIRECTION ( 'NONE',  ( -1.734723475976807489E-15, 1.000000000000000000, 0.000000000000000000 ) ) ;
#7791 = CARTESIAN_POINT ( 'NONE',  ( -16.50000000000001421, 29.00000000000000000, 2.500000000000000000 ) ) ;
#7792 = EDGE_CURVE ( 'NONE', #1533, #5552, #5172, .T. ) ;
#7793 = CARTESIAN_POINT ( 'NONE',  ( -6.375000000000018652, -15.34000000000000341, 7.900893641477321871 ) ) ;
#7794 = EDGE_CURVE ( 'NONE', #4739, #6802, #970, .T. ) ;
#7795 = DIRECTION ( 'NONE',  ( -0.000000000000000000, 0.000000000000000000, 1.000000000000000000 ) ) ;
#7796 = ORIENTED_EDGE ( 'NONE', *, *, #6790, .F. ) ;
#7797 = VECTOR ( 'NONE', #3730, 999.9999999999998863 ) ;
#7798 = LINE ( 'NONE', #4563, #122 ) ;
#7799 = CIRCLE ( 'NONE', #4553, 0.5000000000000004441 ) ;
#7800 = EDGE_LOOP ( 'NONE', ( #7175, #5083, #7818, #4780 ) ) ;
#7801 = CARTESIAN_POINT ( 'NONE',  ( 19.50000000000000355, -23.73276987720654674, 5.977746690385184358 ) ) ;
#7802 = ORIENTED_EDGE ( 'NONE', *, *, #62, .T. ) ;
#7803 = CARTESIAN_POINT ( 'NONE',  ( -61.00000000000001421, 27.75000000000000000, 2.000000000000000000 ) ) ;
#7804 = ORIENTED_EDGE ( 'NONE', *, *, #7118, .F. ) ;
#7805 = DIRECTION ( 'NONE',  ( -0.000000000000000000, -0.000000000000000000, 1.000000000000000000 ) ) ;
#7806 = ORIENTED_EDGE ( 'NONE', *, *, #3950, .T. ) ;
#7807 = CARTESIAN_POINT ( 'NONE',  ( 15.24999999999999645, -24.33999999999999986, 1.000000000000000000 ) ) ;
#7808 = ORIENTED_EDGE ( 'NONE', *, *, #1126, .F. ) ;
#7809 = LINE ( 'NONE', #3006, #4396 ) ;
#7810 = CARTESIAN_POINT ( 'NONE',  ( -6.375000000000017764, -15.34000000000000341, 4.500000000000000888 ) ) ;
#7811 = DIRECTION ( 'NONE',  ( -1.000000000000000000, 1.982541115402063335E-15, 0.000000000000000000 ) ) ;
#7812 = DIRECTION ( 'NONE',  ( -1.000000000000000000, 0.000000000000000000, 0.000000000000000000 ) ) ;
#7813 = ADVANCED_FACE ( 'NONE', ( #6569 ), #529, .T. ) ;
#7814 = CARTESIAN_POINT ( 'NONE',  ( 26.00000000000001066, -25.92944271909999188, 6.074646778345456966 ) ) ;
#7815 = CIRCLE ( 'NONE', #1317, 2.999999999999988898 ) ;
#7816 = CARTESIAN_POINT ( 'NONE',  ( 11.50000000000000533, 31.50000000000000000, -1.800000000000000488 ) ) ;
#7817 = LINE ( 'NONE', #3054, #4529 ) ;
#7818 = ORIENTED_EDGE ( 'NONE', *, *, #2357, .F. ) ;
#7819 = CARTESIAN_POINT ( 'NONE',  ( -60.49999999999989342, 17.75000000000000000, 2.500000000000000000 ) ) ;
#7820 = FACE_OUTER_BOUND ( 'NONE', #2997, .T. ) ;
#7821 = DIRECTION ( 'NONE',  ( -1.000000000000000000, 0.000000000000000000, -0.000000000000000000 ) ) ;
#7822 = EDGE_CURVE ( 'NONE', #4886, #2073, #347, .T. ) ;
#7823 = AXIS2_PLACEMENT_3D ( 'NONE', #8034, #1947, #6032 ) ;
#7824 = EDGE_CURVE ( 'NONE', #4794, #6318, #8246, .T. ) ;
#7825 = CARTESIAN_POINT ( 'NONE',  ( -25.49999999999999645, -32.99999999999999289, -3.000000000000002665 ) ) ;
#7826 = VERTEX_POINT ( 'NONE', #5999 ) ;
#7827 = CARTESIAN_POINT ( 'NONE',  ( -18.93493168842263685, -17.77507300036080906, 7.557259454479853922 ) ) ;
#7828 = ORIENTED_EDGE ( 'NONE', *, *, #6353, .T. ) ;
#7829 = CIRCLE ( 'NONE', #4859, 3.000000000000002665 ) ;
#7830 = CARTESIAN_POINT ( 'NONE',  ( -16.49999999999997513, -15.34000000000000163, 8.000000000000000000 ) ) ;
#7831 = VERTEX_POINT ( 'NONE', #791 ) ;
#7832 = CARTESIAN_POINT ( 'NONE',  ( -18.50000000000000355, 33.99999999999999289, -3.000000000000000000 ) ) ;
#7833 = EDGE_CURVE ( 'NONE', #723, #7444, #1230, .T. ) ;
#7835 = ADVANCED_FACE ( 'NONE', ( #6701 ), #8091, .F. ) ;
#7834 = LINE ( 'NONE', #4512, #722 ) ;
#7836 = EDGE_CURVE ( 'NONE', #7562, #3160, #4064, .T. ) ;
#7837 = CARTESIAN_POINT ( 'NONE',  ( 19.43360100257656953, -30.31024077553544416, -1.699999999999999956 ) ) ;
#7838 = CARTESIAN_POINT ( 'NONE',  ( -12.68749999999997691, 3.159999999999996145, 1.000000000000000000 ) ) ;
#7839 = VERTEX_POINT ( 'NONE', #3977 ) ;
#7840 = CARTESIAN_POINT ( 'NONE',  ( -17.99999999999998934, 12.75000000000002842, 0.4999999999999813483 ) ) ;
#7841 = ORIENTED_EDGE ( 'NONE', *, *, #3795, .T. ) ;
#7842 = DIRECTION ( 'NONE',  ( -5.256737805990324790E-17, 1.000000000000000000, 0.000000000000000000 ) ) ;
#7843 = CARTESIAN_POINT ( 'NONE',  ( -20.00000000000000355, 33.00000000000001421, -3.000000000000000000 ) ) ;
#7844 = EDGE_LOOP ( 'NONE', ( #7049, #2032, #5544, #5155 ) ) ;
#7845 = EDGE_CURVE ( 'NONE', #1561, #708, #52, .T. ) ;
#7847 = EDGE_CURVE ( 'NONE', #3808, #3455, #8044, .T. ) ;
#7846 = DIRECTION ( 'NONE',  ( -0.7071067811865475727, 0.7071067811865475727, 0.000000000000000000 ) ) ;
#7848 = ORIENTED_EDGE ( 'NONE', *, *, #7620, .T. ) ;
#7849 = CARTESIAN_POINT ( 'NONE',  ( -1.776789980777208511, 3.659999999999997922, 4.113001826540987338 ) ) ;
#7850 = ORIENTED_EDGE ( 'NONE', *, *, #6849, .T. ) ;
#7851 =( BOUNDED_CURVE ( )  B_SPLINE_CURVE ( 3, ( #3141, #4456, #4498, #2531 ),
 .UNSPECIFIED., .F., .F. ) 
 B_SPLINE_CURVE_WITH_KNOTS ( ( 4, 4 ),
 ( 4.712388980384689674, 6.283185307179586232 ),
 .UNSPECIFIED. ) 
 CURVE ( )  GEOMETRIC_REPRESENTATION_ITEM ( )  RATIONAL_B_SPLINE_CURVE ( ( 1.000000000000000000, 0.8047378541243649375, 0.8047378541243649375, 1.000000000000000000 ) ) 
 REPRESENTATION_ITEM ( '' )  );
#7852 = CARTESIAN_POINT ( 'NONE',  ( -67.91000000000001080, 3.159999999999996145, 4.500000000000000888 ) ) ;
#7853 = ORIENTED_EDGE ( 'NONE', *, *, #6049, .F. ) ;
#7854 = EDGE_CURVE ( 'NONE', #6869, #2201, #4004, .T. ) ;
#7855 = DIRECTION ( 'NONE',  ( -1.000000000000000000, 0.000000000000000000, 0.000000000000000000 ) ) ;
#7856 = CARTESIAN_POINT ( 'NONE',  ( -9.272788539573245004, 3.623336801509736027, 4.225965562294261346 ) ) ;
#7857 = CARTESIAN_POINT ( 'NONE',  ( 19.49999999999999645, -18.34000000000002473, 4.500000000000000888 ) ) ;
#7858 = CARTESIAN_POINT ( 'NONE',  ( 0.000000000000000000, 0.000000000000000000, 2.500000000000000000 ) ) ;
#7859 = DIRECTION ( 'NONE',  ( -0.000000000000000000, -0.000000000000000000, 1.000000000000000000 ) ) ;
#7860 = CARTESIAN_POINT ( 'NONE',  ( 2.562500000000019540, -15.83999999999999986, 7.900893641477321871 ) ) ;
#7861 = CARTESIAN_POINT ( 'NONE',  ( -67.91000000000001080, 3.159999999999996145, 4.000000000000000000 ) ) ;
#7862 = ORIENTED_EDGE ( 'NONE', *, *, #4338, .F. ) ;
#7863 = CARTESIAN_POINT ( 'NONE',  ( 12.68749999999999467, -24.33999999999999986, 7.900893641477321871 ) ) ;
#7864 = CARTESIAN_POINT ( 'NONE',  ( 13.34374999999998757, 3.003749999999987264, 1.000000000000000000 ) ) ;
#7865 = AXIS2_PLACEMENT_3D ( 'NONE', #4264, #6284, #3697 ) ;
#7866 = EDGE_LOOP ( 'NONE', ( #307, #922, #3672, #5414 ) ) ;
#7867 = CARTESIAN_POINT ( 'NONE',  ( -23.00000000000000000, 33.00000000000000000, 1.000000000000000000 ) ) ;
#7868 = AXIS2_PLACEMENT_3D ( 'NONE', #5655, #8358, #2491 ) ;
#7869 = ORIENTED_EDGE ( 'NONE', *, *, #4919, .T. ) ;
#7870 = CIRCLE ( 'NONE', #8439, 0.5000000000000004441 ) ;
#7871 = DIRECTION ( 'NONE',  ( -0.9999999999985359489, 1.711123806053224772E-06, 0.000000000000000000 ) ) ;
#7872 = ORIENTED_EDGE ( 'NONE', *, *, #3132, .F. ) ;
#7873 = CARTESIAN_POINT ( 'NONE',  ( 7.933623247202887363, -17.31022109763069849, -1.699999999999999956 ) ) ;
#7874 = LINE ( 'NONE', #3767, #8640 ) ;
#7875 = DIRECTION ( 'NONE',  ( 8.576161004829159278E-16, -1.000000000000000000, 0.000000000000000000 ) ) ;
#7876 = VECTOR ( 'NONE', #4070, 1000.000000000000000 ) ;
#7877 = DIRECTION ( 'NONE',  ( 1.000000000000000000, -0.000000000000000000, -0.000000000000000000 ) ) ;
#7878 = CARTESIAN_POINT ( 'NONE',  ( 16.49999999999998579, -25.92944271909999188, 6.074646778345456966 ) ) ;
#7879 = EDGE_LOOP ( 'NONE', ( #3224, #8515, #5025, #4957 ) ) ;
#7880 = ADVANCED_FACE ( 'NONE', ( #1279, #6659 ), #4678, .F. ) ;
#7881 = CARTESIAN_POINT ( 'NONE',  ( -8.874999999999980460, -15.83999999999999986, 7.400893641477320983 ) ) ;
#7882 = ORIENTED_EDGE ( 'NONE', *, *, #7081, .T. ) ;
#7883 = PLANE ( 'NONE',  #7655 ) ;
#7884 = DIRECTION ( 'NONE',  ( 0.000000000000000000, -1.000000000000000000, 0.000000000000000000 ) ) ;
#7885 = EDGE_LOOP ( 'NONE', ( #772, #7263, #6779, #8016 ) ) ;
#7886 = ORIENTED_EDGE ( 'NONE', *, *, #3041, .F. ) ;
#7887 = AXIS2_PLACEMENT_3D ( 'NONE', #1812, #3758, #5079 ) ;
#7888 = DIRECTION ( 'NONE',  ( -1.000000000000000000, 0.000000000000000000, 0.000000000000000000 ) ) ;
#7889 = LINE ( 'NONE', #1254, #4093 ) ;
#7890 = AXIS2_PLACEMENT_3D ( 'NONE', #2712, #5430, #6001 ) ;
#7891 = ORIENTED_EDGE ( 'NONE', *, *, #2984, .T. ) ;
#7892 = CARTESIAN_POINT ( 'NONE',  ( -10.18749999999999822, -24.33999999999999986, 6.363636363636365090 ) ) ;
#7893 = EDGE_CURVE ( 'NONE', #5684, #570, #8703, .T. ) ;
#7894 = VERTEX_POINT ( 'NONE', #8185 ) ;
#7895 = DIRECTION ( 'NONE',  ( -0.000000000000000000, -0.000000000000000000, -1.000000000000000000 ) ) ;
#7896 = VERTEX_POINT ( 'NONE', #1999 ) ;
#7897 = CYLINDRICAL_SURFACE ( 'NONE', #30, 2.999999999999999112 ) ;
#7898 = AXIS2_PLACEMENT_3D ( 'NONE', #7983, #5287, #5204 ) ;
#7899 = DIRECTION ( 'NONE',  ( 0.000000000000000000, 0.000000000000000000, 1.000000000000000000 ) ) ;
#7900 = DIRECTION ( 'NONE',  ( 1.000000000000000000, 1.734723475976807883E-15, 0.000000000000000000 ) ) ;
#7901 =( BOUNDED_SURFACE ( )  B_SPLINE_SURFACE ( 3, 2, ( 
 ( #4602, #3867, #460 ),
 ( #8511, #7308, #7801 ),
 ( #1835, #3822, #4437 ),
 ( #1889, #5879, #5926 ),
 ( #1747, #7129, #4477 ),
 ( #5756, #5101, #1070 ),
 ( #7969, #2427, #8634 ),
 ( #499, #1161, #1201 ),
 ( #2510, #2475, #6502 ),
 ( #6583, #3776, #5228 ) ),
 .UNSPECIFIED., .F., .F., .F. ) 
 B_SPLINE_SURFACE_WITH_KNOTS ( ( 4, 2, 2, 2, 4 ),
 ( 3, 3 ),
 ( 4.712388980384689674, 5.105088062083414258, 5.497787143782137953, 5.890486225480861648, 6.283185307179586232 ),
 ( 0.000000000000000000, 1.000000000000000000 ),
 .UNSPECIFIED. ) 
 GEOMETRIC_REPRESENTATION_ITEM ( )  RATIONAL_B_SPLINE_SURFACE ( (
 ( 1.000000000000000000, 0.7071067811865469066, 1.000000000000000000),
 ( 1.000000000000000000, 0.7153892934082637378, 1.000000000000000000),
 ( 1.000000000000000000, 0.7235096379060033112, 1.000000000000000000),
 ( 1.000000000000000000, 0.7383087458137400638, 1.000000000000000000),
 ( 1.000000000000000000, 0.7449813093267481090, 1.000000000000000000),
 ( 1.000000000000000000, 0.7560124324368426851, 1.000000000000000000),
 ( 1.000000000000000000, 0.7603699391057514578, 1.000000000000000000),
 ( 1.000000000000000000, 0.7662397654469661479, 1.000000000000000000),
 ( 1.000000000000000000, 0.7677572915745690674, 1.000000000000000000),
 ( 1.000000000000000000, 0.7677517301185264875, 1.000000000000000000) ) ) 
 REPRESENTATION_ITEM ( '' )  SURFACE ( )  );
#7902 = DIRECTION ( 'NONE',  ( -0.000000000000000000, -0.000000000000000000, 1.000000000000000000 ) ) ;
#7903 = VECTOR ( 'NONE', #7981, 1000.000000000000000 ) ;
#7904 = ADVANCED_FACE ( 'NONE', ( #2088 ), #6795, .T. ) ;
#7905 = DIRECTION ( 'NONE',  ( 0.000000000000000000, 0.9761870601839527373, 0.2169304578186561638 ) ) ;
#7906 = CYLINDRICAL_SURFACE ( 'NONE', #6075, 0.5000000000000000000 ) ;
#7907 = ORIENTED_EDGE ( 'NONE', *, *, #4973, .T. ) ;
#7908 = PLANE ( 'NONE',  #5196 ) ;
#7909 = LINE ( 'NONE', #1864, #7929 ) ;
#7910 = DIRECTION ( 'NONE',  ( -1.000000000000000000, 0.000000000000000000, 0.000000000000000000 ) ) ;
#7911 = VECTOR ( 'NONE', #47, 1000.000000000000000 ) ;
#7912 = CARTESIAN_POINT ( 'NONE',  ( 20.00000000000000355, -33.00000000000000711, -0.8455302476273857115 ) ) ;
#7913 = VECTOR ( 'NONE', #2059, 1000.000000000000000 ) ;
#7914 = ORIENTED_EDGE ( 'NONE', *, *, #7123, .F. ) ;
#7915 = VERTEX_POINT ( 'NONE', #4764 ) ;
#7916 = CARTESIAN_POINT ( 'NONE',  ( -20.39999999999999503, -32.99999999999999289, -10.35391052434009040 ) ) ;
#7917 = CARTESIAN_POINT ( 'NONE',  ( 19.50000000000001776, -16.58264068711929795, 7.212614749489548949 ) ) ;
#7918 = DIRECTION ( 'NONE',  ( 0.000000000000000000, 0.000000000000000000, -1.000000000000000000 ) ) ;
#7919 = CARTESIAN_POINT ( 'NONE',  ( 2.562500000000009326, 3.003749999999987264, 4.500000000000000888 ) ) ;
#7920 = VECTOR ( 'NONE', #2452, 1000.000000000000000 ) ;
#7921 = AXIS2_PLACEMENT_3D ( 'NONE', #5883, #7177, #5929 ) ;
#7922 = LINE ( 'NONE', #7837, #5657 ) ;
#7923 = FACE_OUTER_BOUND ( 'NONE', #7047, .T. ) ;
#7924 = ORIENTED_EDGE ( 'NONE', *, *, #7942, .F. ) ;
#7925 = CARTESIAN_POINT ( 'NONE',  ( -64.26000000000000512, 18.69999999999999929, -5.599999999999999645 ) ) ;
#7926 = ORIENTED_EDGE ( 'NONE', *, *, #4270, .T. ) ;
#7927 = DIRECTION ( 'NONE',  ( -1.000000000000000000, -5.551115123125700661E-15, 0.000000000000000000 ) ) ;
#7928 = CARTESIAN_POINT ( 'NONE',  ( -16.99999999999993605, 0.000000000000000000, 2.000000000000000000 ) ) ;
#7929 = VECTOR ( 'NONE', #4548, 999.9999999999998863 ) ;
#7930 = ORIENTED_EDGE ( 'NONE', *, *, #917, .T. ) ;
#7931 = CIRCLE ( 'NONE', #3563, 10.00000000000000178 ) ;
#7932 = EDGE_CURVE ( 'NONE', #788, #7781, #5134, .T. ) ;
#7933 = CARTESIAN_POINT ( 'NONE',  ( -60.99999999999989342, 17.75000000000000000, 2.500000000000000000 ) ) ;
#7934 = AXIS2_PLACEMENT_3D ( 'NONE', #7864, #8033, #1987 ) ;
#7935 = VECTOR ( 'NONE', #3386, 1000.000000000000000 ) ;
#7936 = ORIENTED_EDGE ( 'NONE', *, *, #2542, .F. ) ;
#7937 = PRESENTATION_STYLE_ASSIGNMENT (( #5237 ) ) ;
#7938 = EDGE_LOOP ( 'NONE', ( #2681, #6508, #4239, #4887, #4478, #3201, #1617, #8272 ) ) ;
#7939 = DIRECTION ( 'NONE',  ( -0.000000000000000000, -0.000000000000000000, 1.000000000000000000 ) ) ;
#7940 = ORIENTED_EDGE ( 'NONE', *, *, #1943, .F. ) ;
#7941 = DIRECTION ( 'NONE',  ( -0.000000000000000000, -0.000000000000000000, -1.000000000000000000 ) ) ;
#7942 = EDGE_CURVE ( 'NONE', #3832, #2098, #6368, .T. ) ;
#7943 = ADVANCED_FACE ( 'NONE', ( #7457 ), #748, .F. ) ;
#7944 = DIRECTION ( 'NONE',  ( 1.000000000000000000, -1.508455196501571922E-16, 0.000000000000000000 ) ) ;
#7945 = DIRECTION ( 'NONE',  ( -0.000000000000000000, -1.000000000000000000, -0.000000000000000000 ) ) ;
#7946 = DIRECTION ( 'NONE',  ( -0.000000000000000000, -0.000000000000000000, 1.000000000000000000 ) ) ;
#7947 = EDGE_LOOP ( 'NONE', ( #3245, #3485, #469, #3699 ) ) ;
#7948 = CARTESIAN_POINT ( 'NONE',  ( -11.83822794951800716, -29.69780666561336346, -0.1117108375314780910 ) ) ;
#7949 = CARTESIAN_POINT ( 'NONE',  ( -13.34374999999998757, 3.659999999999996589, 4.000000000000000000 ) ) ;
#7950 = EDGE_CURVE ( 'NONE', #283, #3934, #6267, .T. ) ;
#7951 = DIRECTION ( 'NONE',  ( -0.000000000000000000, -0.000000000000000000, -1.000000000000000000 ) ) ;
#7952 = DIRECTION ( 'NONE',  ( -1.000000000000000000, 0.000000000000000000, 0.000000000000000000 ) ) ;
#7953 = ADVANCED_FACE ( 'NONE', ( #6308 ), #7595, .F. ) ;
#7954 = DIRECTION ( 'NONE',  ( -1.000000000000000000, 0.000000000000000000, 0.000000000000000000 ) ) ;
#7955 = DIRECTION ( 'NONE',  ( 0.000000000000000000, 0.000000000000000000, -1.000000000000000000 ) ) ;
#7956 = VERTEX_POINT ( 'NONE', #8360 ) ;
#7957 = CARTESIAN_POINT ( 'NONE',  ( 0.000000000000000000, 0.000000000000000000, 2.500000000000000000 ) ) ;
#7958 = ORIENTED_EDGE ( 'NONE', *, *, #7450, .F. ) ;
#7959 = DIRECTION ( 'NONE',  ( -0.000000000000000000, -0.000000000000000000, 1.000000000000000000 ) ) ;
#7960 = CIRCLE ( 'NONE', #4149, 0.5000000000000004441 ) ;
#7961 = CARTESIAN_POINT ( 'NONE',  ( -16.49999999999997158, -15.92944271909999010, 7.892828596527274421 ) ) ;
#7962 = DIRECTION ( 'NONE',  ( -1.000000000000000000, 0.000000000000000000, 0.000000000000000000 ) ) ;
#7963 = PLANE ( 'NONE',  #688 ) ;
#7964 = AXIS2_PLACEMENT_3D ( 'NONE', #7412, #643, #1270 ) ;
#7965 = ORIENTED_EDGE ( 'NONE', *, *, #3196, .T. ) ;
#7966 = CARTESIAN_POINT ( 'NONE',  ( -60.99999999999985079, 12.74999999999999822, 2.500000000000000000 ) ) ;
#7967 = VERTEX_POINT ( 'NONE', #4195 ) ;
#7968 = CARTESIAN_POINT ( 'NONE',  ( 26.00000000000001066, -15.83999999999999986, 7.400893641477320983 ) ) ;
#7969 = CARTESIAN_POINT ( 'NONE',  ( 17.75904744290384230, -25.61390869330895370, 6.132016601216555785 ) ) ;
#7970 = ORIENTED_EDGE ( 'NONE', *, *, #5669, .F. ) ;
#7971 = CARTESIAN_POINT ( 'NONE',  ( -67.91000000000001080, 3.159999999999996145, 4.000000000000000000 ) ) ;
#7972 = AXIS2_PLACEMENT_3D ( 'NONE', #4845, #5695, #2350 ) ;
#7973 = CARTESIAN_POINT ( 'NONE',  ( -18.00000000000000711, 16.50000000000002132, 0.5000000000000000000 ) ) ;
#7974 = VERTEX_POINT ( 'NONE', #7644 ) ;
#7975 = DIRECTION ( 'NONE',  ( -1.000000000000000000, 0.000000000000000000, 0.000000000000000000 ) ) ;
#7976 = ORIENTED_EDGE ( 'NONE', *, *, #4281, .T. ) ;
#7977 = CARTESIAN_POINT ( 'NONE',  ( -64.38251748251749973, 15.05205681698884312, -2.299999999999999822 ) ) ;
#7978 = VERTEX_POINT ( 'NONE', #1680 ) ;
#7979 = CARTESIAN_POINT ( 'NONE',  ( 22.72062516584436764, 22.65705369410401460, -1.800000000000000266 ) ) ;
#7980 = CARTESIAN_POINT ( 'NONE',  ( -14.00000000000001599, 3.159999999999996145, 0.07192234969262845112 ) ) ;
#7981 = DIRECTION ( 'NONE',  ( -0.000000000000000000, -0.000000000000000000, 1.000000000000000000 ) ) ;
#7982 = CARTESIAN_POINT ( 'NONE',  ( -22.99999999999996803, -30.00000000000002132, -5.837274330926434551 ) ) ;
#7983 = CARTESIAN_POINT ( 'NONE',  ( -16.49999999999997513, -15.34000000000000163, 8.000000000000000000 ) ) ;
#7984 = ADVANCED_FACE ( 'NONE', ( #6352 ), #8314, .T. ) ;
#7985 = CARTESIAN_POINT ( 'NONE',  ( -16.49999999999997513, 25.25000000000000711, 0.5000000000000000000 ) ) ;
#7986 = ORIENTED_EDGE ( 'NONE', *, *, #1767, .F. ) ;
#7987 = EDGE_CURVE ( 'NONE', #1319, #5681, #3451, .T. ) ;
#7988 = DIRECTION ( 'NONE',  ( 0.000000000000000000, 0.000000000000000000, 1.000000000000000000 ) ) ;
#7989 = FACE_OUTER_BOUND ( 'NONE', #5795, .T. ) ;
#7990 = CARTESIAN_POINT ( 'NONE',  ( -16.49999999999993960, 3.159999999999996145, 4.000000000000000000 ) ) ;
#7991 = DIRECTION ( 'NONE',  ( 0.000000000000000000, 0.000000000000000000, -1.000000000000000000 ) ) ;
#7992 = PLANE ( 'NONE',  #5039 ) ;
#7993 = EDGE_CURVE ( 'NONE', #7207, #7956, #61, .T. ) ;
#7994 = ADVANCED_FACE ( 'NONE', ( #5038 ), #3593, .F. ) ;
#7995 = ORIENTED_EDGE ( 'NONE', *, *, #2999, .T. ) ;
#7996 = DIRECTION ( 'NONE',  ( -0.9999999999984637844, 1.711123806053101317E-06, 3.802497346784669005E-07 ) ) ;
#7997 = ORIENTED_EDGE ( 'NONE', *, *, #1509, .T. ) ;
#7998 = VECTOR ( 'NONE', #1176, 1000.000000000000000 ) ;
#7999 = DIRECTION ( 'NONE',  ( 5.551115123125700661E-15, 1.000000000000000000, 0.000000000000000000 ) ) ;
#8000 = DIRECTION ( 'NONE',  ( -0.7071067811865464625, -1.226634733346697585E-16, -0.7071067811865486830 ) ) ;
#8001 = CARTESIAN_POINT ( 'NONE',  ( -29.49999999999999289, 2.999999999999994227, -2.299999999999999822 ) ) ;
#8002 = CIRCLE ( 'NONE', #7865, 2.999999999999999112 ) ;
#8003 = EDGE_CURVE ( 'NONE', #7074, #374, #6750, .T. ) ;
#8004 = FACE_OUTER_BOUND ( 'NONE', #3954, .T. ) ;
#8005 = AXIS2_PLACEMENT_3D ( 'NONE', #5876, #8631, #3819 ) ;
#8006 = VERTEX_POINT ( 'NONE', #1547 ) ;
#8007 = CARTESIAN_POINT ( 'NONE',  ( -60.49999999999992895, 20.24999999999999645, 2.500000000000000000 ) ) ;
#8008 = VERTEX_POINT ( 'NONE', #318 ) ;
#8009 = CYLINDRICAL_SURFACE ( 'NONE', #7634, 0.5000000000000004441 ) ;
#8010 = DIRECTION ( 'NONE',  ( -1.000000000000000000, 0.000000000000000000, 0.000000000000000000 ) ) ;
#8011 = VERTEX_POINT ( 'NONE', #6395 ) ;
#8012 = AXIS2_PLACEMENT_3D ( 'NONE', #4062, #1277, #1320 ) ;
#8013 = CARTESIAN_POINT ( 'NONE',  ( 5.062499999999993783, -24.33999999999999986, 1.000000000000000000 ) ) ;
#8014 = CIRCLE ( 'NONE', #4909, 0.5000000000000004441 ) ;
#8015 = CARTESIAN_POINT ( 'NONE',  ( 2.081898164146040816E-15, 29.00000000000000000, 1.000000000000000000 ) ) ;
#8016 = ORIENTED_EDGE ( 'NONE', *, *, #4850, .T. ) ;
#8017 = DIRECTION ( 'NONE',  ( 0.000000000000000000, 0.000000000000000000, -1.000000000000000000 ) ) ;
#8018 = AXIS2_PLACEMENT_3D ( 'NONE', #607, #4583, #7411 ) ;
#8019 = ORIENTED_EDGE ( 'NONE', *, *, #76, .T. ) ;
#8020 = PLANE ( 'NONE',  #7788 ) ;
#8021 = ORIENTED_EDGE ( 'NONE', *, *, #8593, .T. ) ;
#8022 = CARTESIAN_POINT ( 'NONE',  ( -17.99999999999999289, 9.000000000000000000, 1.000000000000000000 ) ) ;
#8023 = CARTESIAN_POINT ( 'NONE',  ( 26.00000000000001066, -15.83999999999999986, 7.400893641477320983 ) ) ;
#8024 = VECTOR ( 'NONE', #308, 1000.000000000000000 ) ;
#8025 = EDGE_CURVE ( 'NONE', #6350, #8076, #3057, .T. ) ;
#8026 = ORIENTED_EDGE ( 'NONE', *, *, #7027, .T. ) ;
#8027 = ORIENTED_EDGE ( 'NONE', *, *, #3534, .F. ) ;
#8028 = ORIENTED_EDGE ( 'NONE', *, *, #7107, .T. ) ;
#8029 = DIRECTION ( 'NONE',  ( -1.000000000000000000, 0.000000000000000000, 0.000000000000000000 ) ) ;
#8030 = AXIS2_PLACEMENT_3D ( 'NONE', #4943, #8000, #1282 ) ;
#8031 = ORIENTED_EDGE ( 'NONE', *, *, #326, .T. ) ;
#8032 = CARTESIAN_POINT ( 'NONE',  ( -22.99999999999996092, -30.00000000000002132, -0.1788635809607209692 ) ) ;
#8033 = DIRECTION ( 'NONE',  ( -0.000000000000000000, -0.000000000000000000, 1.000000000000000000 ) ) ;
#8034 = CARTESIAN_POINT ( 'NONE',  ( -17.99999999999999645, 28.99999999999999289, 0.4999999999999856781 ) ) ;
#8035 = CARTESIAN_POINT ( 'NONE',  ( -64.26000000000000512, 18.69999999999999929, -9.553910524340087917 ) ) ;
#8036 = CARTESIAN_POINT ( 'NONE',  ( 1.249999999999996003, -24.33999999999999986, 1.000000000000000000 ) ) ;
#8037 = EDGE_CURVE ( 'NONE', #6228, #4122, #355, .T. ) ;
#8038 = EDGE_CURVE ( 'NONE', #8551, #1347, #2971, .T. ) ;
#8039 = FACE_OUTER_BOUND ( 'NONE', #8301, .T. ) ;
#8040 = ORIENTED_EDGE ( 'NONE', *, *, #2276, .T. ) ;
#8041 = CARTESIAN_POINT ( 'NONE',  ( 2.543627439199105389, 3.159999999999996145, 4.500000000000000888 ) ) ;
#8042 = ORIENTED_EDGE ( 'NONE', *, *, #5459, .F. ) ;
#8043 = VECTOR ( 'NONE', #2604, 1000.000000000000000 ) ;
#8044 = LINE ( 'NONE', #4112, #2190 ) ;
#8045 = EDGE_CURVE ( 'NONE', #6054, #2650, #5573, .T. ) ;
#8046 = EDGE_CURVE ( 'NONE', #5623, #2005, #2225, .T. ) ;
#8047 = ADVANCED_FACE ( 'NONE', ( #4241, #6931 ), #2925, .T. ) ;
#8048 = VECTOR ( 'NONE', #7877, 1000.000000000000000 ) ;
#8049 = CARTESIAN_POINT ( 'NONE',  ( 6.375000000000005329, 3.003749999999987264, 0.07192234969262845112 ) ) ;
#8050 = VERTEX_POINT ( 'NONE', #5658 ) ;
#8051 = CARTESIAN_POINT ( 'NONE',  ( -6.298452676582345866, 3.321380907951519745, 4.478718870602345525 ) ) ;
#8052 = ORIENTED_EDGE ( 'NONE', *, *, #817, .T. ) ;
#8053 = DIRECTION ( 'NONE',  ( -0.000000000000000000, -0.000000000000000000, 1.000000000000000000 ) ) ;
#8054 = CARTESIAN_POINT ( 'NONE',  ( 1.249999999999980238, -15.34000000000000341, 4.500000000000000888 ) ) ;
#8055 = ORIENTED_EDGE ( 'NONE', *, *, #5202, .F. ) ;
#8056 = PLANE ( 'NONE',  #5386 ) ;
#8057 = AXIS2_PLACEMENT_3D ( 'NONE', #1984, #3311, #2616 ) ;
#8058 = VECTOR ( 'NONE', #2145, 1000.000000000000000 ) ;
#8059 = CARTESIAN_POINT ( 'NONE',  ( -16.49999999999981881, 9.000000000000035527, 2.000000000000000000 ) ) ;
#8060 = DIRECTION ( 'NONE',  ( -1.508455196501571922E-16, -1.000000000000000000, 0.000000000000000000 ) ) ;
#8061 = ADVANCED_FACE ( 'NONE', ( #2320 ), #4998, .F. ) ;
#8062 = DIRECTION ( 'NONE',  ( -1.927470528863119344E-15, -1.000000000000000000, 0.000000000000000000 ) ) ;
#8063 = VERTEX_POINT ( 'NONE', #4584 ) ;
#8064 = AXIS2_PLACEMENT_3D ( 'NONE', #1442, #4842, #2118 ) ;
#8065 = DIRECTION ( 'NONE',  ( 1.000000000000000000, 0.000000000000000000, 0.000000000000000000 ) ) ;
#8066 = VECTOR ( 'NONE', #424, 1000.000000000000000 ) ;
#8067 = ORIENTED_EDGE ( 'NONE', *, *, #2284, .T. ) ;
#8068 = DIRECTION ( 'NONE',  ( -1.000000000000000000, 0.000000000000000000, 0.000000000000000000 ) ) ;
#8069 = EDGE_LOOP ( 'NONE', ( #7712, #8229, #4111, #6444, #3393 ) ) ;
#8070 = CARTESIAN_POINT ( 'NONE',  ( 12.11404159727034724, 33.26367356109535933, -1.800000000000000266 ) ) ;
#8071 = DIRECTION ( 'NONE',  ( 1.734723475976805517E-15, 1.000000000000000000, -5.204170427930416550E-15 ) ) ;
#8072 = PRESENTATION_STYLE_ASSIGNMENT (( #634 ) ) ;
#8073 = PRESENTATION_LAYER_ASSIGNMENT (  '', '', ( #7362 ) ) ;
#8074 = AXIS2_PLACEMENT_3D ( 'NONE', #5850, #5198, #3876 ) ;
#8075 = ORIENTED_EDGE ( 'NONE', *, *, #2187, .F. ) ;
#8076 = VERTEX_POINT ( 'NONE', #3183 ) ;
#8077 = ORIENTED_EDGE ( 'NONE', *, *, #5559, .F. ) ;
#8078 = VECTOR ( 'NONE', #8449, 1000.000000000000114 ) ;
#8079 = DIRECTION ( 'NONE',  ( -0.000000000000000000, -0.000000000000000000, -1.000000000000000000 ) ) ;
#8080 = AXIS2_PLACEMENT_3D ( 'NONE', #4027, #3422, #5534 ) ;
#8081 = ORIENTED_EDGE ( 'NONE', *, *, #5248, .T. ) ;
#8082 = DIRECTION ( 'NONE',  ( 1.000000000000000000, -0.000000000000000000, -0.000000000000000000 ) ) ;
#8083 = DIRECTION ( 'NONE',  ( -0.000000000000000000, -1.000000000000000000, -0.000000000000000000 ) ) ;
#8084 = EDGE_CURVE ( 'NONE', #5595, #4830, #5905, .T. ) ;
#8085 = DIRECTION ( 'NONE',  ( 1.000000000000000000, -0.000000000000000000, -0.000000000000000000 ) ) ;
#8086 = CARTESIAN_POINT ( 'NONE',  ( -16.99999999999982236, 9.000000000000035527, 2.500000000000000000 ) ) ;
#8087 = LINE ( 'NONE', #3276, #3654 ) ;
#8088 = VERTEX_POINT ( 'NONE', #1221 ) ;
#8089 = CARTESIAN_POINT ( 'NONE',  ( -16.49999999999993605, 21.50000000000001421, 0.5000000000000000000 ) ) ;
#8090 = ORIENTED_EDGE ( 'NONE', *, *, #814, .F. ) ;
#8091 = CYLINDRICAL_SURFACE ( 'NONE', #2615, 1.250000000000001110 ) ;
#8092 = DIRECTION ( 'NONE',  ( 1.000000000000000000, 1.855190384030753040E-15, 0.000000000000000000 ) ) ;
#8093 = ADVANCED_FACE ( 'NONE', ( #5861 ), #5125, .F. ) ;
#8094 = DIRECTION ( 'NONE',  ( 0.9999999999985360599, -1.711123809484818669E-06, 0.000000000000000000 ) ) ;
#8095 = ORIENTED_EDGE ( 'NONE', *, *, #2176, .T. ) ;
#8096 = DIRECTION ( 'NONE',  ( -1.711123806482553586E-06, -0.9999999999985359489, 0.000000000000000000 ) ) ;
#8097 = ORIENTED_EDGE ( 'NONE', *, *, #1576, .T. ) ;
#8098 = CARTESIAN_POINT ( 'NONE',  ( 6.375000000000019540, -15.34000000000000341, 7.900893641477321871 ) ) ;
#8099 = VECTOR ( 'NONE', #5584, 1000.000000000000000 ) ;
#8100 = DIRECTION ( 'NONE',  ( -1.000000000000000000, 1.927470528863119739E-15, -0.000000000000000000 ) ) ;
#8101 = EDGE_CURVE ( 'NONE', #4528, #4193, #617, .T. ) ;
#8102 = ORIENTED_EDGE ( 'NONE', *, *, #3576, .F. ) ;
#8103 = ADVANCED_FACE ( 'NONE', ( #5258 ), #6607, .T. ) ;
#8104 = DIRECTION ( 'NONE',  ( -1.000000000000000000, 0.000000000000000000, -0.000000000000000000 ) ) ;
#8105 = DIRECTION ( 'NONE',  ( -0.000000000000000000, -1.000000000000000000, -0.000000000000000000 ) ) ;
#8106 = DIRECTION ( 'NONE',  ( -1.000000000000000000, 0.000000000000000000, 0.000000000000000000 ) ) ;
#8107 = CARTESIAN_POINT ( 'NONE',  ( 17.28524366270537271, -15.41808197398290581, 7.389063039358629403 ) ) ;
#8108 =( LENGTH_UNIT ( ) NAMED_UNIT ( * ) SI_UNIT ( .MILLI., .METRE. ) );
#8109 = COLOUR_RGB ( '',1.000000000000000000, 1.000000000000000000, 1.000000000000000000 ) ;
#8110 = DIRECTION ( 'NONE',  ( -0.000000000000000000, -0.000000000000000000, 1.000000000000000000 ) ) ;
#8111 = ORIENTED_EDGE ( 'NONE', *, *, #2698, .T. ) ;
#8112 = CARTESIAN_POINT ( 'NONE',  ( -2.543627439199105389, 3.159999999999996145, 4.500000000000000888 ) ) ;
#8113 = EDGE_CURVE ( 'NONE', #3077, #188, #2492, .T. ) ;
#8114 = ORIENTED_EDGE ( 'NONE', *, *, #4331, .T. ) ;
#8115 = PLANE ( 'NONE',  #3282 ) ;
#8116 = DIRECTION ( 'NONE',  ( -1.000000000000000000, 0.000000000000000000, -0.000000000000000000 ) ) ;
#8117 = EDGE_CURVE ( 'NONE', #5688, #2305, #6481, .T. ) ;
#8118 = VERTEX_POINT ( 'NONE', #8571 ) ;
#8119 = ADVANCED_FACE ( 'NONE', ( #7820 ), #3759, .F. ) ;
#8120 = ADVANCED_FACE ( 'NONE', ( #6437 ), #7153, .F. ) ;
#8121 = CARTESIAN_POINT ( 'NONE',  ( 26.00000000000001066, -15.92944271909999010, 7.892828596527274421 ) ) ;
#8122 = CARTESIAN_POINT ( 'NONE',  ( 8.874999999999980460, -15.92944271909999010, 7.892828596527274421 ) ) ;
#8123 = ORIENTED_EDGE ( 'NONE', *, *, #1402, .T. ) ;
#8124 = EDGE_CURVE ( 'NONE', #4276, #8128, #3886, .T. ) ;
#8125 = ORIENTED_EDGE ( 'NONE', *, *, #448, .F. ) ;
#8126 = DIRECTION ( 'NONE',  ( 0.000000000000000000, 0.000000000000000000, -1.000000000000000000 ) ) ;
#8127 = CARTESIAN_POINT ( 'NONE',  ( 12.68749999999997868, -15.83999999999999986, 7.400893641477320983 ) ) ;
#8128 = VERTEX_POINT ( 'NONE', #8489 ) ;
#8129 = CARTESIAN_POINT ( 'NONE',  ( -4.521975802546284575E-15, 29.00000000000000355, 1.000000000000000000 ) ) ;
#8130 = CARTESIAN_POINT ( 'NONE',  ( 6.375000000000019540, -15.34000000000000341, 4.500000000000000888 ) ) ;
#8131 = LINE ( 'NONE', #8223, #872 ) ;
#8132 = CARTESIAN_POINT ( 'NONE',  ( 20.40000000000000213, -27.80000000000001137, 0.8222222222222185239 ) ) ;
#8133 = CARTESIAN_POINT ( 'NONE',  ( -16.99999999999993605, 20.25000000000001421, 2.500000000000000000 ) ) ;
#8134 = ORIENTED_EDGE ( 'NONE', *, *, #7932, .F. ) ;
#8135 = LINE ( 'NONE', #2085, #121 ) ;
#8136 = ORIENTED_EDGE ( 'NONE', *, *, #1512, .F. ) ;
#8137 = CARTESIAN_POINT ( 'NONE',  ( -61.00000000000001421, 32.49999999999999289, -2.299999999999999822 ) ) ;
#8138 = CARTESIAN_POINT ( 'NONE',  ( -67.91000000000001080, 3.159999999999996145, 4.500000000000000000 ) ) ;
#8139 = CARTESIAN_POINT ( 'NONE',  ( -65.51000000000001933, 18.69999999999999929, -2.200000000000000622 ) ) ;
#8140 = ORIENTED_EDGE ( 'NONE', *, *, #7003, .T. ) ;
#8141 = DIRECTION ( 'NONE',  ( -1.000000000000000000, 0.000000000000000000, 0.000000000000000000 ) ) ;
#8142 = AXIS2_PLACEMENT_3D ( 'NONE', #3407, #7955, #1915 ) ;
#8143 = ORIENTED_EDGE ( 'NONE', *, *, #1402, .F. ) ;
#8144 = DIRECTION ( 'NONE',  ( 0.7071067811865474617, -0.7071067811865474617, 0.000000000000000000 ) ) ;
#8145 = CARTESIAN_POINT ( 'NONE',  ( 2.562500000000019540, -15.83999999999999986, 7.400893641477320983 ) ) ;
#8146 = ORIENTED_EDGE ( 'NONE', *, *, #8424, .T. ) ;
#8147 = CARTESIAN_POINT ( 'NONE',  ( -16.82730823086860639, -25.92944271909549414, 6.074646778346274978 ) ) ;
#8148 = CARTESIAN_POINT ( 'NONE',  ( 18.03636680600719089, -16.43027561917499568, 7.801768069240909931 ) ) ;
#8149 = AXIS2_PLACEMENT_3D ( 'NONE', #1929, #3946, #6542 ) ;
#8150 = CIRCLE ( 'NONE', #4340, 3.500000000000003109 ) ;
#8151 = CARTESIAN_POINT ( 'NONE',  ( 16.49999999999999645, -18.34000000000000341, 4.500000000000000888 ) ) ;
#8152 = ADVANCED_FACE ( 'NONE', ( #518 ), #3227, .T. ) ;
#8153 = ORIENTED_EDGE ( 'NONE', *, *, #6748, .F. ) ;
#8154 = CARTESIAN_POINT ( 'NONE',  ( 22.99999999999999645, -35.50000000000000000, -3.000000000000002665 ) ) ;
#8155 = VERTEX_POINT ( 'NONE', #2653 ) ;
#8156 = DIRECTION ( 'NONE',  ( 0.000000000000000000, 0.1788854381999798460, -0.9838699100999082070 ) ) ;
#8157 = CARTESIAN_POINT ( 'NONE',  ( -22.99999999999999289, 35.50000000000000000, 0.000000000000000000 ) ) ;
#8158 = ORIENTED_EDGE ( 'NONE', *, *, #1281, .F. ) ;
#8159 = VECTOR ( 'NONE', #7996, 1000.000000000000000 ) ;
#8160 = VECTOR ( 'NONE', #1357, 1000.000000000000000 ) ;
#8161 = CARTESIAN_POINT ( 'NONE',  ( -60.99999999999981526, 10.24999999999999822, 2.500000000000000000 ) ) ;
#8162 = EDGE_CURVE ( 'NONE', #838, #6325, #6682, .T. ) ;
#8163 = LINE ( 'NONE', #6249, #5907 ) ;
#8164 = EDGE_CURVE ( 'NONE', #3772, #5959, #5706, .T. ) ;
#8165 = VECTOR ( 'NONE', #7063, 1000.000000000000000 ) ;
#8166 = EDGE_CURVE ( 'NONE', #1372, #6454, #1613, .T. ) ;
#8167 = CIRCLE ( 'NONE', #3363, 1.249999999999997558 ) ;
#8168 = ORIENTED_EDGE ( 'NONE', *, *, #6139, .T. ) ;
#8169 = ORIENTED_EDGE ( 'NONE', *, *, #2878, .T. ) ;
#8170 = ORIENTED_EDGE ( 'NONE', *, *, #1664, .T. ) ;
#8171 = LINE ( 'NONE', #5507, #4671 ) ;
#8172 = CYLINDRICAL_SURFACE ( 'NONE', #7222, 1.250000000000001110 ) ;
#8173 = VERTEX_POINT ( 'NONE', #3969 ) ;
#8174 = CARTESIAN_POINT ( 'NONE',  ( 2.562500000000009326, 3.003749999999987264, 0.07192234969262845112 ) ) ;
#8175 = CARTESIAN_POINT ( 'NONE',  ( 23.00000000000000000, 33.00000000000000711, -3.000000000000000000 ) ) ;
#8176 = DIRECTION ( 'NONE',  ( 0.000000000000000000, 0.000000000000000000, 1.000000000000000000 ) ) ;
#8177 = LINE ( 'NONE', #218, #6749 ) ;
#8178 = LINE ( 'NONE', #8036, #4652 ) ;
#8179 = EDGE_CURVE ( 'NONE', #6457, #2263, #5466, .T. ) ;
#8180 = AXIS2_PLACEMENT_3D ( 'NONE', #656, #1365, #8665 ) ;
#8181 = DIRECTION ( 'NONE',  ( -1.000000000000000000, 0.000000000000000000, 0.000000000000000000 ) ) ;
#8182 = ORIENTED_EDGE ( 'NONE', *, *, #7246, .F. ) ;
#8183 = DIRECTION ( 'NONE',  ( -1.000000000000000000, 0.000000000000000000, -0.000000000000000000 ) ) ;
#8184 = ORIENTED_EDGE ( 'NONE', *, *, #1737, .T. ) ;
#8185 = CARTESIAN_POINT ( 'NONE',  ( -11.83822794951800539, -29.19511388567677557, 0.000000000000000000 ) ) ;
#8186 = DIRECTION ( 'NONE',  ( -1.000000000000000000, 0.000000000000000000, 0.000000000000000000 ) ) ;
#8187 = VECTOR ( 'NONE', #7439, 1000.000000000000000 ) ;
#8188 = CYLINDRICAL_SURFACE ( 'NONE', #2019, 0.6562500000000109912 ) ;
#8189 = CARTESIAN_POINT ( 'NONE',  ( -25.99999999999999289, 32.99999999999999289, 1.000000000000000000 ) ) ;
#8190 = ORIENTED_EDGE ( 'NONE', *, *, #7169, .T. ) ;
#8191 = DIRECTION ( 'NONE',  ( -1.000000000000000000, 0.000000000000000000, 0.000000000000000000 ) ) ;
#8192 = VECTOR ( 'NONE', #3359, 1000.000000000000114 ) ;
#8193 = ORIENTED_EDGE ( 'NONE', *, *, #2246, .T. ) ;
#8194 = CARTESIAN_POINT ( 'NONE',  ( 0.6600000000000019185, 20.78345596729058542, 0.000000000000000000 ) ) ;
#8195 = CARTESIAN_POINT ( 'NONE',  ( -16.99999999999985789, 12.75000000000002842, 2.000000000000000000 ) ) ;
#8196 = ORIENTED_EDGE ( 'NONE', *, *, #54, .T. ) ;
#8197 = DIRECTION ( 'NONE',  ( 1.000000000000000000, 0.000000000000000000, 0.000000000000000000 ) ) ;
#8198 = LINE ( 'NONE', #2103, #3113 ) ;
#8199 = AXIS2_PLACEMENT_3D ( 'NONE', #2988, #2940, #5632 ) ;
#8200 = CYLINDRICAL_SURFACE ( 'NONE', #2572, 0.5000000000000004441 ) ;
#8201 = DIRECTION ( 'NONE',  ( -1.000000000000000000, 0.000000000000000000, 0.000000000000000000 ) ) ;
#8202 = EDGE_LOOP ( 'NONE', ( #5054, #3865, #7217, #6279 ) ) ;
#8203 = CARTESIAN_POINT ( 'NONE',  ( -22.99999999999999289, -36.00000000000000000, -1.000000000000000000 ) ) ;
#8204 = ORIENTED_EDGE ( 'NONE', *, *, #8697, .T. ) ;
#8205 = DIRECTION ( 'NONE',  ( 0.000000000000000000, -0.9838699100999075409, -0.1788854381999831489 ) ) ;
#8206 = LINE ( 'NONE', #1217, #2374 ) ;
#8207 = ORIENTED_EDGE ( 'NONE', *, *, #1077, .T. ) ;
#8208 = EDGE_CURVE ( 'NONE', #5705, #4868, #7829, .T. ) ;
#8209 = CARTESIAN_POINT ( 'NONE',  ( 20.40000000000000213, -33.00000000000000711, -2.200000000000000622 ) ) ;
#8210 = VECTOR ( 'NONE', #846, 1000.000000000000000 ) ;
#8211 = VERTEX_POINT ( 'NONE', #6122 ) ;
#8212 = ORIENTED_EDGE ( 'NONE', *, *, #2029, .F. ) ;
#8213 = ORIENTED_EDGE ( 'NONE', *, *, #3688, .T. ) ;
#8214 = VERTEX_POINT ( 'NONE', #1352 ) ;
#8215 = DIRECTION ( 'NONE',  ( -1.000000000000000000, 0.000000000000000000, -0.000000000000000000 ) ) ;
#8216 = ORIENTED_EDGE ( 'NONE', *, *, #7987, .F. ) ;
#8217 = CARTESIAN_POINT ( 'NONE',  ( 5.062499999999980460, -15.83999999999999986, 7.900893641477321871 ) ) ;
#8218 = AXIS2_PLACEMENT_3D ( 'NONE', #6660, #6000, #2000 ) ;
#8219 = EDGE_CURVE ( 'NONE', #2117, #5715, #2080, .T. ) ;
#8220 = AXIS2_PLACEMENT_3D ( 'NONE', #5451, #4086, #6247 ) ;
#8221 = PLANE ( 'NONE',  #7972 ) ;
#8222 = EDGE_CURVE ( 'NONE', #8385, #8527, #5334, .T. ) ;
#8223 = CARTESIAN_POINT ( 'NONE',  ( -11.48193471520352382, 32.56957243571595484, 0.000000000000000000 ) ) ;
#8224 = FACE_OUTER_BOUND ( 'NONE', #592, .T. ) ;
#8225 = CARTESIAN_POINT ( 'NONE',  ( -17.99999999999999289, 9.000000000000000000, 1.000000000000000000 ) ) ;
#8226 = AXIS2_PLACEMENT_3D ( 'NONE', #5265, #532, #3239 ) ;
#8227 = AXIS2_PLACEMENT_3D ( 'NONE', #7270, #3912, #6594 ) ;
#8228 = CARTESIAN_POINT ( 'NONE',  ( -1.906249999999998224, 3.003749999999987264, 4.500000000000000888 ) ) ;
#8229 = ORIENTED_EDGE ( 'NONE', *, *, #918, .T. ) ;
#8230 = CARTESIAN_POINT ( 'NONE',  ( 24.25000000000000000, -33.00000000000000711, -2.200000000000000178 ) ) ;
#8231 = ORIENTED_EDGE ( 'NONE', *, *, #224, .F. ) ;
#8232 = CARTESIAN_POINT ( 'NONE',  ( 16.49999999999999289, -26.83999999999999986, 5.909090909090911836 ) ) ;
#8233 = EDGE_CURVE ( 'NONE', #4342, #2497, #4014, .T. ) ;
#8234 = DIRECTION ( 'NONE',  ( 1.000000000000000000, -0.000000000000000000, -0.000000000000000000 ) ) ;
#8235 = PLANE ( 'NONE',  #5499 ) ;
#8236 = LINE ( 'NONE', #3052, #3938 ) ;
#8237 = ORIENTED_EDGE ( 'NONE', *, *, #957, .T. ) ;
#8238 = CARTESIAN_POINT ( 'NONE',  ( -60.99999999999981526, 8.999999999999998224, 2.500000000000000000 ) ) ;
#8239 = ORIENTED_EDGE ( 'NONE', *, *, #4973, .F. ) ;
#8240 = DIRECTION ( 'NONE',  ( 1.000000000000000000, -6.938893903907222067E-15, -1.261617073437652410E-15 ) ) ;
#8241 = LINE ( 'NONE', #4204, #2090 ) ;
#8242 = ORIENTED_EDGE ( 'NONE', *, *, #4041, .F. ) ;
#8243 = DIRECTION ( 'NONE',  ( 0.000000000000000000, 0.000000000000000000, 1.000000000000000000 ) ) ;
#8244 = DIRECTION ( 'NONE',  ( -1.000000000000000000, -7.016859003951130319E-16, 0.000000000000000000 ) ) ;
#8245 = CARTESIAN_POINT ( 'NONE',  ( -16.49999999999997513, -15.34000000000000163, 7.400893641477320983 ) ) ;
#8246 =( BOUNDED_CURVE ( )  B_SPLINE_CURVE ( 3, ( #1411, #1453, #8232, #3321 ),
 .UNSPECIFIED., .F., .F. ) 
 B_SPLINE_CURVE_WITH_KNOTS ( ( 4, 4 ),
 ( 4.712388980384689674, 7.853981633974482790 ),
 .UNSPECIFIED. ) 
 CURVE ( )  GEOMETRIC_REPRESENTATION_ITEM ( )  RATIONAL_B_SPLINE_CURVE ( ( 1.000000000000000000, 0.3333333333333333703, 0.3333333333333333703, 1.000000000000000000 ) ) 
 REPRESENTATION_ITEM ( '' )  );
#8247 = DIRECTION ( 'NONE',  ( -1.000000000000000000, 0.000000000000000000, 0.000000000000000000 ) ) ;
#8248 = CARTESIAN_POINT ( 'NONE',  ( -15.60345596729059636, 4.520000000000003126, -0.5999999999999999778 ) ) ;
#8249 = EDGE_LOOP ( 'NONE', ( #5194, #4119, #5828, #2471 ) ) ;
#8250 = DIRECTION ( 'NONE',  ( 0.000000000000000000, -1.000000000000000000, 0.000000000000000000 ) ) ;
#8251 = ORIENTED_EDGE ( 'NONE', *, *, #1236, .T. ) ;
#8252 = DIRECTION ( 'NONE',  ( 0.000000000000000000, 1.000000000000000000, 0.000000000000000000 ) ) ;
#8253 = CARTESIAN_POINT ( 'NONE',  ( -8.874999999999976907, -15.34000000000000341, 7.900893641477321871 ) ) ;
#8254 = ORIENTED_EDGE ( 'NONE', *, *, #2708, .T. ) ;
#8255 = VECTOR ( 'NONE', #4961, 1000.000000000000000 ) ;
#8256 = ORIENTED_EDGE ( 'NONE', *, *, #1389, .F. ) ;
#8257 = ORIENTED_EDGE ( 'NONE', *, *, #955, .T. ) ;
#8258 = ADVANCED_FACE ( 'NONE', ( #7989 ), #7492, .F. ) ;
#8259 = ORIENTED_EDGE ( 'NONE', *, *, #5949, .T. ) ;
#8260 = DIRECTION ( 'NONE',  ( 0.000000000000000000, 0.000000000000000000, -1.000000000000000000 ) ) ;
#8261 = EDGE_LOOP ( 'NONE', ( #5290, #6794, #7051, #973 ) ) ;
#8262 = CARTESIAN_POINT ( 'NONE',  ( 11.50000000000000533, 6.499999999999999112, -0.5999999999999998668 ) ) ;
#8263 = ORIENTED_EDGE ( 'NONE', *, *, #6639, .F. ) ;
#8264 = DIRECTION ( 'NONE',  ( -1.000000000000000000, 0.000000000000000000, 0.000000000000000000 ) ) ;
#8265 = CARTESIAN_POINT ( 'NONE',  ( 18.50000000000000355, 33.99999999999998579, -91.81441324469805920 ) ) ;
#8266 = LINE ( 'NONE', #4846, #2445 ) ;
#8267 = DIRECTION ( 'NONE',  ( -0.000000000000000000, -0.000000000000000000, 1.000000000000000000 ) ) ;
#8268 = EDGE_CURVE ( 'NONE', #2974, #3854, #6261, .T. ) ;
#8269 = CARTESIAN_POINT ( 'NONE',  ( -67.91000000000001080, 3.159999999999996145, 4.000000000000000000 ) ) ;
#8270 = VERTEX_POINT ( 'NONE', #3491 ) ;
#8271 = LINE ( 'NONE', #4900, #2254 ) ;
#8272 = ORIENTED_EDGE ( 'NONE', *, *, #1578, .T. ) ;
#8273 = CARTESIAN_POINT ( 'NONE',  ( -64.26000000000000512, 18.69999999999999929, -4.599999999999999645 ) ) ;
#8274 = DIRECTION ( 'NONE',  ( -0.000000000000000000, -0.000000000000000000, 1.000000000000000000 ) ) ;
#8275 = ADVANCED_FACE ( 'NONE', ( #2695 ), #4013, .F. ) ;
#8276 = EDGE_CURVE ( 'NONE', #909, #3757, #3448, .T. ) ;
#8277 = EDGE_CURVE ( 'NONE', #1299, #8155, #4295, .T. ) ;
#8278 = VERTEX_POINT ( 'NONE', #2037 ) ;
#8279 = CARTESIAN_POINT ( 'NONE',  ( 0.000000000000000000, 0.000000000000000000, 4.500000000000000888 ) ) ;
#8280 = ORIENTED_EDGE ( 'NONE', *, *, #2292, .T. ) ;
#8281 = CARTESIAN_POINT ( 'NONE',  ( -6.375000000000002665, -24.33999999999999986, 7.900893641477321871 ) ) ;
#8282 = ORIENTED_EDGE ( 'NONE', *, *, #7496, .T. ) ;
#8283 = DIRECTION ( 'NONE',  ( 0.000000000000000000, 0.000000000000000000, -1.000000000000000000 ) ) ;
#8284 = CARTESIAN_POINT ( 'NONE',  ( -19.49999999999999645, -18.34000000000002473, 4.500000000000000888 ) ) ;
#8285 = CARTESIAN_POINT ( 'NONE',  ( 16.49999999999999289, -24.33999999999999986, 1.000000000000000000 ) ) ;
#8286 = CARTESIAN_POINT ( 'NONE',  ( 0.000000000000000000, -29.19511388567677557, -0.000000000000000000 ) ) ;
#8287 = LINE ( 'NONE', #6853, #7743 ) ;
#8288 = EDGE_LOOP ( 'NONE', ( #753, #2260, #6115, #8689 ) ) ;
#8289 = FACE_BOUND ( 'NONE', #4516, .T. ) ;
#8290 = EDGE_LOOP ( 'NONE', ( #925, #1074 ) ) ;
#8291 = DIRECTION ( 'NONE',  ( 0.000000000000000000, 0.000000000000000000, -1.000000000000000000 ) ) ;
#8292 = CARTESIAN_POINT ( 'NONE',  ( -16.49999999999999289, -24.33999999999999986, 1.000000000000000000 ) ) ;
#8293 = ORIENTED_EDGE ( 'NONE', *, *, #545, .F. ) ;
#8294 = VECTOR ( 'NONE', #2833, 1000.000000000000000 ) ;
#8295 = PLANE ( 'NONE',  #6495 ) ;
#8296 = ORIENTED_EDGE ( 'NONE', *, *, #5869, .F. ) ;
#8297 = VERTEX_POINT ( 'NONE', #692 ) ;
#8298 = VECTOR ( 'NONE', #4884, 1000.000000000000000 ) ;
#8299 = ORIENTED_EDGE ( 'NONE', *, *, #3624, .T. ) ;
#8300 = VECTOR ( 'NONE', #4134, 1000.000000000000000 ) ;
#8301 = EDGE_LOOP ( 'NONE', ( #1611, #5362, #97, #8184 ) ) ;
#8302 = DIRECTION ( 'NONE',  ( 0.000000000000000000, -1.000000000000000000, 0.000000000000000000 ) ) ;
#8303 = CARTESIAN_POINT ( 'NONE',  ( -4.838202549478259229, -29.69781864352349032, -1.600000000000000089 ) ) ;
#8304 = DIRECTION ( 'NONE',  ( 1.000000000000000000, 0.000000000000000000, 0.000000000000000000 ) ) ;
#8305 = PLANE ( 'NONE',  #4221 ) ;
#8306 = AXIS2_PLACEMENT_3D ( 'NONE', #1733, #4424, #7114 ) ;
#8307 = AXIS2_PLACEMENT_3D ( 'NONE', #8279, #1551, #2323 ) ;
#8308 = DIRECTION ( 'NONE',  ( 0.000000000000000000, -0.9838699100999074298, -0.1788854381999831489 ) ) ;
#8309 = CARTESIAN_POINT ( 'NONE',  ( 26.00000000000000711, -32.99999999999999289, -0.3333333333333329263 ) ) ;
#8310 = AXIS2_PLACEMENT_3D ( 'NONE', #6828, #738, #5603 ) ;
#8311 = ORIENTED_EDGE ( 'NONE', *, *, #6302, .T. ) ;
#8312 = CYLINDRICAL_SURFACE ( 'NONE', #3502, 1.250000000000001110 ) ;
#8313 = EDGE_LOOP ( 'NONE', ( #8136, #3173, #4303, #8467, #5591, #183, #6983, #7160 ) ) ;
#8314 = PLANE ( 'NONE',  #5411 ) ;
#8315 = CARTESIAN_POINT ( 'NONE',  ( -18.50000000000000000, -35.50000000000000000, -91.81441324469805920 ) ) ;
#8316 = EDGE_CURVE ( 'NONE', #1080, #6676, #8666, .T. ) ;
#8317 = EDGE_CURVE ( 'NONE', #4258, #4142, #6118, .T. ) ;
#8318 = CARTESIAN_POINT ( 'NONE',  ( -17.99999999999999289, 16.50000000000002132, 0.4999999999999834022 ) ) ;
#8319 = VECTOR ( 'NONE', #1757, 1000.000000000000000 ) ;
#8320 = VERTEX_POINT ( 'NONE', #3400 ) ;
#8321 = CARTESIAN_POINT ( 'NONE',  ( -60.50000000000001421, 0.000000000000000000, 2.000000000000000000 ) ) ;
#8322 = ORIENTED_EDGE ( 'NONE', *, *, #7774, .F. ) ;
#8323 = EDGE_CURVE ( 'NONE', #1895, #3772, #4576, .T. ) ;
#8324 = CARTESIAN_POINT ( 'NONE',  ( 20.40000000000000213, -33.00000000000000711, -0.3333333333333365345 ) ) ;
#8325 = ORIENTED_EDGE ( 'NONE', *, *, #6151, .F. ) ;
#8326 = VECTOR ( 'NONE', #4816, 1000.000000000000000 ) ;
#8327 = CARTESIAN_POINT ( 'NONE',  ( 5.977211460426738121, 3.623336801509736915, 4.225965562294261346 ) ) ;
#8328 = EDGE_CURVE ( 'NONE', #2011, #3868, #74, .T. ) ;
#8329 = FACE_OUTER_BOUND ( 'NONE', #7532, .T. ) ;
#8330 = CARTESIAN_POINT ( 'NONE',  ( 12.68749999999997868, -15.34000000000000341, 7.900893641477321871 ) ) ;
#8331 = AXIS2_PLACEMENT_3D ( 'NONE', #4375, #5041, #3553 ) ;
#8332 = CARTESIAN_POINT ( 'NONE',  ( -26.00000000000000000, -26.99999999999999645, 1.000000000000000000 ) ) ;
#8333 = VERTEX_POINT ( 'NONE', #309 ) ;
#8334 = CYLINDRICAL_SURFACE ( 'NONE', #6159, 0.6562500000000109912 ) ;
#8335 = ORIENTED_EDGE ( 'NONE', *, *, #4536, .F. ) ;
#8336 = CARTESIAN_POINT ( 'NONE',  ( -17.00000000000001421, 29.00000000000000000, 2.500000000000000000 ) ) ;
#8337 = FACE_OUTER_BOUND ( 'NONE', #6361, .T. ) ;
#8338 = ORIENTED_EDGE ( 'NONE', *, *, #5777, .F. ) ;
#8339 = VECTOR ( 'NONE', #5275, 1000.000000000000000 ) ;
#8341 = EDGE_CURVE ( 'NONE', #8128, #971, #7540, .T. ) ;
#8340 = CARTESIAN_POINT ( 'NONE',  ( -19.49999999999999645, -18.34000000000002473, 4.500000000000000888 ) ) ;
#8342 = EDGE_LOOP ( 'NONE', ( #5230, #1708, #7557, #7667, #4924, #8575, #4474, #157 ) ) ;
#8343 = ORIENTED_EDGE ( 'NONE', *, *, #4032, .F. ) ;
#8344 = AXIS2_PLACEMENT_3D ( 'NONE', #4116, #6798, #654 ) ;
#8345 = VERTEX_POINT ( 'NONE', #6296 ) ;
#8346 = PLANE ( 'NONE',  #863 ) ;
#8347 = ORIENTED_EDGE ( 'NONE', *, *, #603, .F. ) ;
#8348 = LINE ( 'NONE', #6255, #3369 ) ;
#8349 = PLANE ( 'NONE',  #8673 ) ;
#8350 = CIRCLE ( 'NONE', #1569, 0.6562500000000109912 ) ;
#8351 = AXIS2_PLACEMENT_3D ( 'NONE', #4568, #7846, #547 ) ;
#8352 = CARTESIAN_POINT ( 'NONE',  ( -61.66000000000001080, 18.69999999999999929, 1.000000000000000000 ) ) ;
#8353 = VECTOR ( 'NONE', #2348, 1000.000000000000000 ) ;
#8354 = DIRECTION ( 'NONE',  ( 1.000000000000000000, 1.734723475976807883E-15, 0.000000000000000000 ) ) ;
#8355 = CIRCLE ( 'NONE', #6365, 1.249999999999996003 ) ;
#8356 = EDGE_CURVE ( 'NONE', #1786, #7687, #4365, .T. ) ;
#8357 = ORIENTED_EDGE ( 'NONE', *, *, #5369, .T. ) ;
#8358 = DIRECTION ( 'NONE',  ( -0.9999999999985360599, 1.711123806482553586E-06, 0.000000000000000000 ) ) ;
#8359 = ORIENTED_EDGE ( 'NONE', *, *, #8222, .T. ) ;
#8360 = CARTESIAN_POINT ( 'NONE',  ( -61.41000000000000369, 18.69999999999999929, -4.599999999999999645 ) ) ;
#8361 = CIRCLE ( 'NONE', #1005, 1.250000000000001110 ) ;
#8362 = CARTESIAN_POINT ( 'NONE',  ( -18.50000000000000000, -35.50000000000000000, -1.401085803182933187 ) ) ;
#8363 = VECTOR ( 'NONE', #940, 1000.000000000000114 ) ;
#8364 = ORIENTED_EDGE ( 'NONE', *, *, #2187, .T. ) ;
#8365 = DIRECTION ( 'NONE',  ( 0.000000000000000000, 0.000000000000000000, -1.000000000000000000 ) ) ;
#8366 = ORIENTED_EDGE ( 'NONE', *, *, #2884, .T. ) ;
#8367 = CYLINDRICAL_SURFACE ( 'NONE', #3920, 0.5000000000000000000 ) ;
#8368 = VECTOR ( 'NONE', #2194, 1000.000000000000000 ) ;
#8369 = ORIENTED_EDGE ( 'NONE', *, *, #7845, .F. ) ;
#8370 = VECTOR ( 'NONE', #8029, 1000.000000000000000 ) ;
#8371 = LINE ( 'NONE', #1557, #6113 ) ;
#8372 = DIRECTION ( 'NONE',  ( -0.000000000000000000, -0.000000000000000000, 1.000000000000000000 ) ) ;
#8373 = DIRECTION ( 'NONE',  ( 0.000000000000000000, 0.1788854381999868404, -0.9838699100999067637 ) ) ;
#8374 = FACE_OUTER_BOUND ( 'NONE', #1461, .T. ) ;
#8375 = ORIENTED_EDGE ( 'NONE', *, *, #848, .F. ) ;
#8376 = EDGE_CURVE ( 'NONE', #2222, #1287, #4893, .T. ) ;
#8377 = DIRECTION ( 'NONE',  ( 0.000000000000000000, 0.000000000000000000, 1.000000000000000000 ) ) ;
#8378 = ORIENTED_EDGE ( 'NONE', *, *, #7950, .F. ) ;
#8379 = CARTESIAN_POINT ( 'NONE',  ( -60.99999999999989342, 17.75000000000000000, 1.000000000000000000 ) ) ;
#8380 = EDGE_CURVE ( 'NONE', #8385, #4154, #2962, .T. ) ;
#8381 = CARTESIAN_POINT ( 'NONE',  ( -20.40000000000000213, 33.00000000000000000, 1.000000000000000000 ) ) ;
#8382 = VERTEX_POINT ( 'NONE', #262 ) ;
#8383 = LINE ( 'NONE', #7623, #3408 ) ;
#8384 = EDGE_CURVE ( 'NONE', #4521, #5042, #3541, .T. ) ;
#8385 = VERTEX_POINT ( 'NONE', #4989 ) ;
#8386 = ADVANCED_FACE ( 'NONE', ( #2313, #2877 ), #8221, .T. ) ;
#8387 = ORIENTED_EDGE ( 'NONE', *, *, #4197, .T. ) ;
#8388 = EDGE_CURVE ( 'NONE', #570, #7014, #6920, .T. ) ;
#8389 = ORIENTED_EDGE ( 'NONE', *, *, #849, .F. ) ;
#8390 = DIRECTION ( 'NONE',  ( 0.000000000000000000, 0.000000000000000000, 1.000000000000000000 ) ) ;
#8391 = VECTOR ( 'NONE', #3720, 1000.000000000000000 ) ;
#8392 = DIRECTION ( 'NONE',  ( -0.000000000000000000, -0.000000000000000000, 1.000000000000000000 ) ) ;
#8393 = DIRECTION ( 'NONE',  ( -0.000000000000000000, -1.000000000000000000, -0.000000000000000000 ) ) ;
#8394 = CARTESIAN_POINT ( 'NONE',  ( -11.83822794951800716, -29.69780666561336346, -1.600000000000000089 ) ) ;
#8395 = DIRECTION ( 'NONE',  ( -1.000000000000000000, -1.559302000878028960E-16, 0.000000000000000000 ) ) ;
#8396 = AXIS2_PLACEMENT_3D ( 'NONE', #399, #1094, #7245 ) ;
#8397 = DIRECTION ( 'NONE',  ( -1.000000000000000000, 0.000000000000000000, 0.000000000000000000 ) ) ;
#8398 = CARTESIAN_POINT ( 'NONE',  ( 11.40693602603207779, 33.97078155222811802, -12.79999999999467697 ) ) ;
#8399 = DIRECTION ( 'NONE',  ( 1.000000000000000000, -0.000000000000000000, -0.000000000000000000 ) ) ;
#8400 = VERTEX_POINT ( 'NONE', #3584 ) ;
#8401 = FACE_OUTER_BOUND ( 'NONE', #3421, .T. ) ;
#8402 = DIRECTION ( 'NONE',  ( 0.000000000000000000, 0.000000000000000000, -1.000000000000000000 ) ) ;
#8403 = PLANE ( 'NONE',  #310 ) ;
#8404 = FACE_OUTER_BOUND ( 'NONE', #500, .T. ) ;
#8405 = AXIS2_PLACEMENT_3D ( 'NONE', #6332, #3655, #1572 ) ;
#8406 = VERTEX_POINT ( 'NONE', #1487 ) ;
#8407 = CARTESIAN_POINT ( 'NONE',  ( -18.68446597413378996, -17.17039527601372839, 7.667200858906594974 ) ) ;
#8408 = ORIENTED_EDGE ( 'NONE', *, *, #1664, .F. ) ;
#8409 = DIRECTION ( 'NONE',  ( -1.000000000000000000, 0.000000000000000000, 0.000000000000000000 ) ) ;
#8410 = ORIENTED_EDGE ( 'NONE', *, *, #2821, .F. ) ;
#8411 = CARTESIAN_POINT ( 'NONE',  ( 22.99999999999999645, -35.50000000000000000, -1.401085803182933187 ) ) ;
#8412 = DIRECTION ( 'NONE',  ( -0.000000000000000000, -0.000000000000000000, 1.000000000000000000 ) ) ;
#8413 = ADVANCED_FACE ( 'NONE', ( #5029 ), #8349, .T. ) ;
#8414 = CARTESIAN_POINT ( 'NONE',  ( -19.99999999999997513, -31.24264068711930165, -0.4550059558761172518 ) ) ;
#8415 = DIRECTION ( 'NONE',  ( 0.7071067811865486830, 1.102593018738607921E-16, -0.7071067811865464625 ) ) ;
#8416 = ORIENTED_EDGE ( 'NONE', *, *, #8486, .T. ) ;
#8417 = CARTESIAN_POINT ( 'NONE',  ( -5.117986993953645758, 24.79138695315008434, -1.800000000000000266 ) ) ;
#8418 = ORIENTED_EDGE ( 'NONE', *, *, #5988, .F. ) ;
#8419 = CARTESIAN_POINT ( 'NONE',  ( -12.68749999999999467, -24.33999999999999986, 6.363636363636365090 ) ) ;
#8420 = CARTESIAN_POINT ( 'NONE',  ( -60.49999999999997158, 24.00000000000000000, 2.000000000000000000 ) ) ;
#8421 = VERTEX_POINT ( 'NONE', #4231 ) ;
#8422 = PLANE ( 'NONE',  #5371 ) ;
#8423 = EDGE_CURVE ( 'NONE', #5255, #1533, #998, .T. ) ;
#8424 = EDGE_CURVE ( 'NONE', #671, #1845, #5561, .T. ) ;
#8425 = ORIENTED_EDGE ( 'NONE', *, *, #3196, .F. ) ;
#8426 = ORIENTED_EDGE ( 'NONE', *, *, #6312, .F. ) ;
#8427 = ORIENTED_EDGE ( 'NONE', *, *, #1344, .T. ) ;
#8428 = FACE_BOUND ( 'NONE', #6550, .T. ) ;
#8429 = CARTESIAN_POINT ( 'NONE',  ( 1.249999999999996003, -24.33999999999999986, 1.000000000000000000 ) ) ;
#8430 = VECTOR ( 'NONE', #4151, 1000.000000000000000 ) ;
#8431 = ADVANCED_FACE ( 'NONE', ( #4186 ), #6257, .T. ) ;
#8432 = DIRECTION ( 'NONE',  ( -1.734723475976807341E-16, 1.000000000000000000, 0.000000000000000000 ) ) ;
#8433 = DIRECTION ( 'NONE',  ( -1.000000000000000000, 0.000000000000000000, 0.000000000000000000 ) ) ;
#8435 = EDGE_CURVE ( 'NONE', #8551, #1887, #5982, .T. ) ;
#8434 = LINE ( 'NONE', #3793, #291 ) ;
#8436 = ADVANCED_FACE ( 'NONE', ( #176 ), #2916, .F. ) ;
#8437 = EDGE_CURVE ( 'NONE', #834, #3536, #3665, .T. ) ;
#8438 = AXIS2_PLACEMENT_3D ( 'NONE', #6757, #5436, #8010 ) ;
#8439 = AXIS2_PLACEMENT_3D ( 'NONE', #7881, #1157, #7748 ) ;
#8440 = DIRECTION ( 'NONE',  ( 0.7071079911327570189, 0.7071055712382677827, 0.000000000000000000 ) ) ;
#8441 = FACE_OUTER_BOUND ( 'NONE', #3486, .T. ) ;
#8442 = CARTESIAN_POINT ( 'NONE',  ( -60.99999999999985079, 13.99999999999999822, 2.000000000000000000 ) ) ;
#8443 = EDGE_LOOP ( 'NONE', ( #3488, #340, #5758, #6401, #5797, #4690, #759, #236 ) ) ;
#8444 = CARTESIAN_POINT ( 'NONE',  ( -25.59999999999999787, 33.00000000000000000, -2.200000000000000622 ) ) ;
#8445 = AXIS2_PLACEMENT_3D ( 'NONE', #3234, #6566, #363 ) ;
#8446 = DIRECTION ( 'NONE',  ( 1.000000000000000000, 8.576161004829159278E-16, -0.000000000000000000 ) ) ;
#8447 = EDGE_CURVE ( 'NONE', #1895, #168, #4942, .T. ) ;
#8448 = VECTOR ( 'NONE', #3232, 1000.000000000000000 ) ;
#8449 = DIRECTION ( 'NONE',  ( -8.128390129180250761E-15, -0.9761870601839527373, -0.2169304578186561638 ) ) ;
#8450 = EDGE_CURVE ( 'NONE', #3312, #2213, #4129, .T. ) ;
#8451 = DIRECTION ( 'NONE',  ( 5.457557003073101359E-16, -1.000000000000000000, -0.000000000000000000 ) ) ;
#8452 = VECTOR ( 'NONE', #1268, 1000.000000000000000 ) ;
#8453 = ORIENTED_EDGE ( 'NONE', *, *, #2514, .T. ) ;
#8454 = CARTESIAN_POINT ( 'NONE',  ( -17.28524366270634260, -15.41808197398331259, 7.389063039358629403 ) ) ;
#8455 = ORIENTED_EDGE ( 'NONE', *, *, #6460, .T. ) ;
#8456 = FACE_OUTER_BOUND ( 'NONE', #3279, .T. ) ;
#8457 = ORIENTED_EDGE ( 'NONE', *, *, #6574, .F. ) ;
#8458 = CARTESIAN_POINT ( 'NONE',  ( -14.00000000000001599, -15.34000000000000341, 7.900893641477321871 ) ) ;
#8459 = CIRCLE ( 'NONE', #4630, 0.6562500000000109912 ) ;
#8460 = CYLINDRICAL_SURFACE ( 'NONE', #2728, 0.5000000000000000000 ) ;
#8461 = DIRECTION ( 'NONE',  ( 1.000000000000000000, -0.000000000000000000, -0.000000000000000000 ) ) ;
#8462 = CARTESIAN_POINT ( 'NONE',  ( -61.00000000000001421, 28.99999999999999289, 0.9999999999999995559 ) ) ;
#8463 = DIRECTION ( 'NONE',  ( -1.000000000000000000, 0.000000000000000000, 0.000000000000000000 ) ) ;
#8464 = ORIENTED_EDGE ( 'NONE', *, *, #6079, .F. ) ;
#8465 = CARTESIAN_POINT ( 'NONE',  ( 0.000000000000000000, 0.000000000000000000, 1.000000000000000000 ) ) ;
#8466 = VECTOR ( 'NONE', #1924, 1000.000000000000000 ) ;
#8467 = ORIENTED_EDGE ( 'NONE', *, *, #4117, .T. ) ;
#8468 = CARTESIAN_POINT ( 'NONE',  ( -5.062499999999976019, -15.34000000000000341, 7.400893641477320983 ) ) ;
#8469 = CARTESIAN_POINT ( 'NONE',  ( -9.659751499630459648, 3.659999999999997033, 4.112165163103910004 ) ) ;
#8470 = ORIENTED_EDGE ( 'NONE', *, *, #485, .T. ) ;
#8471 = CARTESIAN_POINT ( 'NONE',  ( 26.00000000000001066, -15.83999999999999986, 7.400893641477320983 ) ) ;
#8472 = AXIS2_PLACEMENT_3D ( 'NONE', #5500, #7530, #819 ) ;
#8473 = ORIENTED_EDGE ( 'NONE', *, *, #2651, .F. ) ;
#8474 = ORIENTED_EDGE ( 'NONE', *, *, #2228, .F. ) ;
#8475 = CARTESIAN_POINT ( 'NONE',  ( -14.00000000000001599, 3.159999999999996145, 4.500000000000000888 ) ) ;
#8476 = VERTEX_POINT ( 'NONE', #6430 ) ;
#8477 = VECTOR ( 'NONE', #1949, 1000.000000000000000 ) ;
#8478 = EDGE_CURVE ( 'NONE', #3875, #3180, #1171, .T. ) ;
#8479 = LINE ( 'NONE', #5114, #8319 ) ;
#8480 = CARTESIAN_POINT ( 'NONE',  ( -16.49999999999981881, 10.25000000000003730, 2.500000000000000000 ) ) ;
#8481 = DIRECTION ( 'NONE',  ( -8.576161004829159278E-16, 1.000000000000000000, -0.000000000000000000 ) ) ;
#8482 = LINE ( 'NONE', #7059, #1255 ) ;
#8483 = DIRECTION ( 'NONE',  ( 1.000000000000000000, 0.000000000000000000, 0.000000000000000000 ) ) ;
#8484 = EDGE_CURVE ( 'NONE', #7137, #3705, #5276, .T. ) ;
#8485 = DIRECTION ( 'NONE',  ( -1.000000000000000000, 0.000000000000000000, 0.000000000000000000 ) ) ;
#8486 = EDGE_CURVE ( 'NONE', #8400, #3291, #428, .T. ) ;
#8487 = ORIENTED_EDGE ( 'NONE', *, *, #4639, .T. ) ;
#8488 = CARTESIAN_POINT ( 'NONE',  ( -18.50000000000000000, -35.50000000000000000, -1.401085803182933187 ) ) ;
#8489 = CARTESIAN_POINT ( 'NONE',  ( -8.874999999999994671, -24.33999999999999986, 6.363636363636365090 ) ) ;
#8490 = AXIS2_PLACEMENT_3D ( 'NONE', #7098, #5067, #996 ) ;
#8491 = VECTOR ( 'NONE', #6732, 1000.000000000000000 ) ;
#8492 = ORIENTED_EDGE ( 'NONE', *, *, #531, .F. ) ;
#8493 = PLANE ( 'NONE',  #4761 ) ;
#8494 = EDGE_CURVE ( 'NONE', #5042, #2117, #4876, .T. ) ;
#8495 = ADVANCED_FACE ( 'NONE', ( #8519 ), #1852, .F. ) ;
#8496 = VERTEX_POINT ( 'NONE', #3713 ) ;
#8497 = CARTESIAN_POINT ( 'NONE',  ( -1.249999999999980238, -15.34000000000000341, 4.500000000000000888 ) ) ;
#8498 = ORIENTED_EDGE ( 'NONE', *, *, #6912, .F. ) ;
#8499 = CARTESIAN_POINT ( 'NONE',  ( -2.562500000000003997, -24.33999999999999986, 6.363636363636365090 ) ) ;
#8500 = AXIS2_PLACEMENT_3D ( 'NONE', #5385, #8092, #7294 ) ;
#8501 = AXIS2_PLACEMENT_3D ( 'NONE', #4928, #1566, #7665 ) ;
#8502 = DIRECTION ( 'NONE',  ( -0.000000000000000000, -0.000000000000000000, 1.000000000000000000 ) ) ;
#8503 = EDGE_CURVE ( 'NONE', #3570, #7444, #1804, .T. ) ;
#8504 = CARTESIAN_POINT ( 'NONE',  ( -60.99999999999993605, 21.50000000000000000, 2.500000000000000000 ) ) ;
#8505 = ORIENTED_EDGE ( 'NONE', *, *, #4932, .T. ) ;
#8506 = VECTOR ( 'NONE', #4916, 999.9999999999998863 ) ;
#8507 = DIRECTION ( 'NONE',  ( 0.000000000000000000, 0.000000000000000000, 1.000000000000000000 ) ) ;
#8508 = VECTOR ( 'NONE', #7842, 1000.000000000000000 ) ;
#8509 = ORIENTED_EDGE ( 'NONE', *, *, #4103, .F. ) ;
#8510 = CARTESIAN_POINT ( 'NONE',  ( -10.18750000000001599, -15.83999999999999986, 7.400893641477320983 ) ) ;
#8511 = CARTESIAN_POINT ( 'NONE',  ( 18.99999999999538502, -23.75675095010545945, 6.469681645435371387 ) ) ;
#8512 = EDGE_LOOP ( 'NONE', ( #5720, #5460, #3037, #8548, #5270, #1209 ) ) ;
#8513 = PLANE ( 'NONE',  #8351 ) ;
#8514 = ORIENTED_EDGE ( 'NONE', *, *, #7605, .F. ) ;
#8515 = ORIENTED_EDGE ( 'NONE', *, *, #5337, .F. ) ;
#8516 = CARTESIAN_POINT ( 'NONE',  ( 22.72062516584436764, 22.65705369410401460, 0.000000000000000000 ) ) ;
#8517 = EDGE_LOOP ( 'NONE', ( #7365, #6178, #6085, #4073, #6100, #4668, #5427, #8077 ) ) ;
#8518 = CARTESIAN_POINT ( 'NONE',  ( 5.062499999999980460, -15.92944271909999010, 7.892828596527274421 ) ) ;
#8519 = FACE_OUTER_BOUND ( 'NONE', #5433, .T. ) ;
#8520 = LINE ( 'NONE', #5118, #7076 ) ;
#8521 =( BOUNDED_CURVE ( )  B_SPLINE_CURVE ( 3, ( #4242, #3552, #6932, #5528 ),
 .UNSPECIFIED., .F., .F. ) 
 B_SPLINE_CURVE_WITH_KNOTS ( ( 4, 4 ),
 ( 4.712388980384689674, 7.853981633974482790 ),
 .UNSPECIFIED. ) 
 CURVE ( )  GEOMETRIC_REPRESENTATION_ITEM ( )  RATIONAL_B_SPLINE_CURVE ( ( 1.000000000000000000, 0.3333333333333333703, 0.3333333333333333703, 1.000000000000000000 ) ) 
 REPRESENTATION_ITEM ( '' )  );
#8522 = ADVANCED_FACE ( 'NONE', ( #8608 ), #7188, .T. ) ;
#8523 = CARTESIAN_POINT ( 'NONE',  ( -60.99999999999997158, 25.25000000000000000, 2.000000000000000000 ) ) ;
#8524 = AXIS2_PLACEMENT_3D ( 'NONE', #2665, #5344, #4809 ) ;
#8525 = PRODUCT ( '\X2\656370ed7247\X0\', '\X2\656370ed7247\X0\', '', ( #2864 ) ) ;
#8526 = FACE_OUTER_BOUND ( 'NONE', #3299, .T. ) ;
#8527 = VERTEX_POINT ( 'NONE', #5071 ) ;
#8528 = CARTESIAN_POINT ( 'NONE',  ( -20.00000000000000355, -33.99999999999999289, -1.067752469849594821 ) ) ;
#8529 = CARTESIAN_POINT ( 'NONE',  ( -16.49999999999999645, -18.34000000000000341, 4.500000000000000888 ) ) ;
#8530 = CARTESIAN_POINT ( 'NONE',  ( -19.42191802610746620, -24.12524366248718621, 5.918280965342860078 ) ) ;
#8531 = EDGE_CURVE ( 'NONE', #6371, #2596, #1127, .T. ) ;
#8532 = EDGE_LOOP ( 'NONE', ( #6220, #6209, #144, #4438 ) ) ;
#8533 = CARTESIAN_POINT ( 'NONE',  ( -16.89276987704232980, -15.33999999999999986, 7.400893641476327112 ) ) ;
#8534 = ORIENTED_EDGE ( 'NONE', *, *, #3356, .F. ) ;
#8535 = VECTOR ( 'NONE', #6871, 1000.000000000000000 ) ;
#8536 = FACE_OUTER_BOUND ( 'NONE', #5599, .T. ) ;
#8537 = ORIENTED_EDGE ( 'NONE', *, *, #6639, .T. ) ;
#8538 = CARTESIAN_POINT ( 'NONE',  ( -16.49999999999989697, 17.75000000000002132, 0.5000000000000000000 ) ) ;
#8539 = ADVANCED_FACE ( 'NONE', ( #5895 ), #7764, .F. ) ;
#8540 = DIRECTION ( 'NONE',  ( 0.000000000000000000, -1.000000000000000000, 0.000000000000000000 ) ) ;
#8541 = EDGE_CURVE ( 'NONE', #1136, #7831, #6387, .T. ) ;
#8542 = EDGE_CURVE ( 'NONE', #2935, #929, #3754, .T. ) ;
#8543 = AXIS2_PLACEMENT_3D ( 'NONE', #3303, #4661, #3390 ) ;
#8544 = DIRECTION ( 'NONE',  ( 0.000000000000000000, 0.000000000000000000, -1.000000000000000000 ) ) ;
#8545 = CARTESIAN_POINT ( 'NONE',  ( -17.99999999999999645, 25.25000000000000711, 0.4999999999999856781 ) ) ;
#8546 = ORIENTED_EDGE ( 'NONE', *, *, #8166, .T. ) ;
#8547 = CARTESIAN_POINT ( 'NONE',  ( -12.68749999999997691, -15.83999999999999986, 7.400893641477320983 ) ) ;
#8548 = ORIENTED_EDGE ( 'NONE', *, *, #2467, .T. ) ;
#8549 = DIRECTION ( 'NONE',  ( 1.734723475976807883E-15, -1.000000000000000000, 0.000000000000000000 ) ) ;
#8550 = CARTESIAN_POINT ( 'NONE',  ( 10.18750000000000178, -24.33999999999999986, 6.363636363636365090 ) ) ;
#8551 = VERTEX_POINT ( 'NONE', #2526 ) ;
#8552 = DIRECTION ( 'NONE',  ( -1.734723475976807341E-16, 1.000000000000000000, 0.000000000000000000 ) ) ;
#8553 = FILL_AREA_STYLE ('',( #3166 ) ) ;
#8554 = EDGE_CURVE ( 'NONE', #7571, #5684, #8679, .T. ) ;
#8555 = LINE ( 'NONE', #5846, #8339 ) ;
#8556 = ORIENTED_EDGE ( 'NONE', *, *, #1951, .T. ) ;
#8557 = CARTESIAN_POINT ( 'NONE',  ( 26.00000000000001066, -15.83999999999999986, 7.400893641477320983 ) ) ;
#8558 = ORIENTED_EDGE ( 'NONE', *, *, #6902, .T. ) ;
#8559 = CARTESIAN_POINT ( 'NONE',  ( -60.49999999999997158, 0.000000000000000000, 2.500000000000000000 ) ) ;
#8560 = VERTEX_POINT ( 'NONE', #5203 ) ;
#8561 = CARTESIAN_POINT ( 'NONE',  ( -61.00000000000001421, 11.55402910725211640, -2.299999999999999822 ) ) ;
#8562 = DIRECTION ( 'NONE',  ( -0.000000000000000000, -0.000000000000000000, 1.000000000000000000 ) ) ;
#8563 = LINE ( 'NONE', #1853, #1704 ) ;
#8564 = CARTESIAN_POINT ( 'NONE',  ( -16.49999999999997513, 3.659999999999997033, 4.500000000000000888 ) ) ;
#8565 = CIRCLE ( 'NONE', #7002, 0.5000000000000002220 ) ;
#8566 = CARTESIAN_POINT ( 'NONE',  ( -16.49999999999996447, -15.33999999999992347, 8.000000000000014211 ) ) ;
#8567 = DIRECTION ( 'NONE',  ( -0.7071067811865475727, -0.7071067811865475727, 0.000000000000000000 ) ) ;
#8568 = ORIENTED_EDGE ( 'NONE', *, *, #6312, .T. ) ;
#8569 = CARTESIAN_POINT ( 'NONE',  ( -25.99999999999999289, -0.5000000000000073275, 1.000000000000000000 ) ) ;
#8570 = DIRECTION ( 'NONE',  ( -0.000000000000000000, 0.000000000000000000, 1.000000000000000000 ) ) ;
#8571 = CARTESIAN_POINT ( 'NONE',  ( -19.49999999999999645, -23.34000000000000341, 1.000000000000000000 ) ) ;
#8572 = VECTOR ( 'NONE', #1477, 999.9999999999998863 ) ;
#8573 = DIRECTION ( 'NONE',  ( 1.000000000000000000, 0.000000000000000000, 0.000000000000000000 ) ) ;
#8574 = AXIS2_PLACEMENT_3D ( 'NONE', #1919, #5299, #7416 ) ;
#8575 = ORIENTED_EDGE ( 'NONE', *, *, #381, .F. ) ;
#8576 = VECTOR ( 'NONE', #3694, 1000.000000000000000 ) ;
#8577 = DIRECTION ( 'NONE',  ( -0.000000000000000000, 0.000000000000000000, -1.000000000000000000 ) ) ;
#8578 = PRODUCT_RELATED_PRODUCT_CATEGORY ( 'part', '', ( #8525 ) ) ;
#8579 = ORIENTED_EDGE ( 'NONE', *, *, #6425, .T. ) ;
#8580 = CARTESIAN_POINT ( 'NONE',  ( -5.286009277208068013, 3.502153497675971838, 4.369954511760777649 ) ) ;
#8581 = EDGE_CURVE ( 'NONE', #4171, #2031, #919, .T. ) ;
#8582 = CARTESIAN_POINT ( 'NONE',  ( 8.893872560800888394, 3.159999999999996145, 4.500000000000000888 ) ) ;
#8583 = CIRCLE ( 'NONE', #1960, 2.850000000000005418 ) ;
#8584 = VECTOR ( 'NONE', #1245, 1000.000000000000000 ) ;
#8585 = DIRECTION ( 'NONE',  ( 0.000000000000000000, -0.000000000000000000, -1.000000000000000000 ) ) ;
#8586 = DIRECTION ( 'NONE',  ( 1.000000000000000000, 0.000000000000000000, 0.000000000000000000 ) ) ;
#8587 = EDGE_CURVE ( 'NONE', #5464, #5688, #6418, .T. ) ;
#8588 = ORIENTED_EDGE ( 'NONE', *, *, #7027, .F. ) ;
#8589 = CARTESIAN_POINT ( 'NONE',  ( -5.117986993953645758, 24.79138695315008434, 0.000000000000000000 ) ) ;
#8590 = ORIENTED_EDGE ( 'NONE', *, *, #5723, .T. ) ;
#8591 = DIRECTION ( 'NONE',  ( 1.000000000000000000, 1.734723475976807883E-15, 0.000000000000000000 ) ) ;
#8592 = CARTESIAN_POINT ( 'NONE',  ( -9.531249999999991118, 3.659999999999996145, 4.000000000000000000 ) ) ;
#8593 = EDGE_CURVE ( 'NONE', #167, #2435, #6724, .T. ) ;
#8594 = ORIENTED_EDGE ( 'NONE', *, *, #697, .F. ) ;
#8595 = EDGE_CURVE ( 'NONE', #684, #1155, #1340, .T. ) ;
#8596 = DIRECTION ( 'NONE',  ( -0.000000000000000000, -0.000000000000000000, 1.000000000000000000 ) ) ;
#8597 = CARTESIAN_POINT ( 'NONE',  ( 12.70637256080087951, 3.159999999999996145, 4.500000000000000888 ) ) ;
#8598 = PLANE ( 'NONE',  #4786 ) ;
#8599 = VECTOR ( 'NONE', #3839, 1000.000000000000000 ) ;
#8600 = ORIENTED_EDGE ( 'NONE', *, *, #7605, .T. ) ;
#8601 = DIRECTION ( 'NONE',  ( -0.000000000000000000, 0.000000000000000000, -1.000000000000000000 ) ) ;
#8602 = EDGE_CURVE ( 'NONE', #5437, #790, #3322, .T. ) ;
#8603 = ORIENTED_EDGE ( 'NONE', *, *, #8695, .T. ) ;
#8604 = DIRECTION ( 'NONE',  ( -0.000000000000000000, -0.000000000000000000, -1.000000000000000000 ) ) ;
#8605 = ORIENTED_EDGE ( 'NONE', *, *, #6213, .F. ) ;
#8606 = EDGE_CURVE ( 'NONE', #7464, #7331, #5991, .T. ) ;
#8607 = VECTOR ( 'NONE', #1806, 1000.000000000000000 ) ;
#8608 = FACE_OUTER_BOUND ( 'NONE', #416, .T. ) ;
#8609 = CARTESIAN_POINT ( 'NONE',  ( -60.99999999999989342, 17.75000000000000000, 2.500000000000000000 ) ) ;
#8610 = CYLINDRICAL_SURFACE ( 'NONE', #7459, 2.599999999999998312 ) ;
#8611 = CARTESIAN_POINT ( 'NONE',  ( -14.00000000000001599, 3.159999999999996145, 1.000000000000000000 ) ) ;
#8612 = VECTOR ( 'NONE', #3994, 1000.000000000000000 ) ;
#8613 = CARTESIAN_POINT ( 'NONE',  ( 19.50000000000000355, -23.33999999999998209, 1.000000000000000000 ) ) ;
#8614 = CYLINDRICAL_SURFACE ( 'NONE', #1993, 1.249999999999996003 ) ;
#8615 = VERTEX_POINT ( 'NONE', #3917 ) ;
#8616 = DIRECTION ( 'NONE',  ( -1.000000000000000000, -1.559302000878028960E-16, 0.000000000000000000 ) ) ;
#8617 = CARTESIAN_POINT ( 'NONE',  ( -20.00000000000000355, -33.99999999999999289, -5.837274330926434551 ) ) ;
#8618 = AXIS2_PLACEMENT_3D ( 'NONE', #5955, #8658, #2623 ) ;
#8619 = CARTESIAN_POINT ( 'NONE',  ( 1.249999999999994671, -24.33999999999999986, 6.363636363636365090 ) ) ;
#8620 = AXIS2_PLACEMENT_3D ( 'NONE', #1783, #3241, #1106 ) ;
#8621 = VERTEX_POINT ( 'NONE', #6771 ) ;
#8622 = LINE ( 'NONE', #7161, #1659 ) ;
#8623 = ORIENTED_EDGE ( 'NONE', *, *, #6862, .T. ) ;
#8624 = CARTESIAN_POINT ( 'NONE',  ( -19.49999999999999645, 3.659999999999997033, 1.000000000000000000 ) ) ;
#8625 = DIRECTION ( 'NONE',  ( 1.670376921191866469E-06, 0.9761870601825909377, 0.2169304578183535448 ) ) ;
#8626 = VECTOR ( 'NONE', #5113, 1000.000000000000000 ) ;
#8627 = EDGE_CURVE ( 'NONE', #8333, #5406, #557, .T. ) ;
#8628 = DIRECTION ( 'NONE',  ( -0.000000000000000000, -0.000000000000000000, 1.000000000000000000 ) ) ;
#8629 = ADVANCED_FACE ( 'NONE', ( #2069 ), #2772, .F. ) ;
#8630 = VERTEX_POINT ( 'NONE', #5367 ) ;
#8631 = DIRECTION ( 'NONE',  ( -0.000000000000000000, -0.000000000000000000, 1.000000000000000000 ) ) ;
#8632 = ORIENTED_EDGE ( 'NONE', *, *, #531, .T. ) ;
#8633 = LINE ( 'NONE', #6623, #5812 ) ;
#8634 = CARTESIAN_POINT ( 'NONE',  ( 18.01085693148460720, -25.96135916905086205, 5.640081646166576590 ) ) ;
#8635 = VECTOR ( 'NONE', #6702, 1000.000000000000114 ) ;
#8636 = ORIENTED_EDGE ( 'NONE', *, *, #5189, .T. ) ;
#8637 = VECTOR ( 'NONE', #8540, 1000.000000000000000 ) ;
#8638 = CARTESIAN_POINT ( 'NONE',  ( -5.062499999999984013, 3.003749999999987264, 1.000000000000000000 ) ) ;
#8639 = CARTESIAN_POINT ( 'NONE',  ( -57.50000000000000711, 2.999999999999991118, -2.299999999999999822 ) ) ;
#8640 = VECTOR ( 'NONE', #1060, 1000.000000000000000 ) ;
#8641 = EDGE_CURVE ( 'NONE', #2095, #6454, #5452, .T. ) ;
#8642 = CIRCLE ( 'NONE', #729, 0.6562500000000109912 ) ;
#8643 = EDGE_CURVE ( 'NONE', #3365, #4274, #4787, .T. ) ;
#8644 = EDGE_LOOP ( 'NONE', ( #5235, #2642, #6814, #7269 ) ) ;
#8645 = CARTESIAN_POINT ( 'NONE',  ( -14.49999999999999467, 27.49999999999999645, 1.000000000000000000 ) ) ;
#8646 = EDGE_LOOP ( 'NONE', ( #1775, #8359, #795, #3616 ) ) ;
#8647 = DIRECTION ( 'NONE',  ( 0.000000000000000000, 0.000000000000000000, 1.000000000000000000 ) ) ;
#8648 = EDGE_LOOP ( 'NONE', ( #1980, #302, #8196, #8169 ) ) ;
#8649 = CARTESIAN_POINT ( 'NONE',  ( -17.99999999999999645, 28.99999999999999289, 0.5000000000000000000 ) ) ;
#8650 = FILL_AREA_STYLE_COLOUR ( '', #7766 ) ;
#8651 = EDGE_CURVE ( 'NONE', #3863, #18, #7318, .T. ) ;
#8652 = EDGE_CURVE ( 'NONE', #3180, #5612, #5283, .T. ) ;
#8653 = CARTESIAN_POINT ( 'NONE',  ( 26.00000000000001066, -15.83999999999999986, 7.900893641477321871 ) ) ;
#8654 = EDGE_LOOP ( 'NONE', ( #4622, #3061, #295, #2802 ) ) ;
#8655 = DIRECTION ( 'NONE',  ( 0.000000000000000000, 0.000000000000000000, 1.000000000000000000 ) ) ;
#8656 = CARTESIAN_POINT ( 'NONE',  ( 12.68749999999999467, -26.83999999999999275, 5.909090909090911836 ) ) ;
#8657 = CARTESIAN_POINT ( 'NONE',  ( -16.49999999999985789, 14.00000000000003020, 2.000000000000000000 ) ) ;
#8658 = DIRECTION ( 'NONE',  ( 0.000000000000000000, 0.000000000000000000, -1.000000000000000000 ) ) ;
#8659 = DIRECTION ( 'NONE',  ( -0.000000000000000000, 0.000000000000000000, 1.000000000000000000 ) ) ;
#8660 = ORIENTED_EDGE ( 'NONE', *, *, #7119, .F. ) ;
#8661 = LINE ( 'NONE', #2626, #1523 ) ;
#8662 = ORIENTED_EDGE ( 'NONE', *, *, #5690, .F. ) ;
#8663 = CARTESIAN_POINT ( 'NONE',  ( -12.68749999999997691, 3.159999999999996145, 4.500000000000000888 ) ) ;
#8664 = AXIS2_PLACEMENT_3D ( 'NONE', #5709, #194, #3066 ) ;
#8665 = DIRECTION ( 'NONE',  ( 1.000000000000000000, 0.000000000000000000, 0.000000000000000000 ) ) ;
#8666 = CIRCLE ( 'NONE', #7685, 2.999999999999988898 ) ;
#8667 = EDGE_LOOP ( 'NONE', ( #7538, #8568, #1494, #2532, #6423, #6070 ) ) ;
#8668 = CARTESIAN_POINT ( 'NONE',  ( 25.50000000000000355, 32.99999999999999289, 0.000000000000000000 ) ) ;
#8669 = ORIENTED_EDGE ( 'NONE', *, *, #5930, .F. ) ;
#8670 = FACE_OUTER_BOUND ( 'NONE', #5656, .T. ) ;
#8671 = ORIENTED_EDGE ( 'NONE', *, *, #1564, .T. ) ;
#8672 = FACE_OUTER_BOUND ( 'NONE', #5015, .T. ) ;
#8673 = AXIS2_PLACEMENT_3D ( 'NONE', #7719, #6211, #7680 ) ;
#8674 = CARTESIAN_POINT ( 'NONE',  ( 16.49999999999997513, 3.659999999999997033, 1.000000000000000000 ) ) ;
#8675 = ORIENTED_EDGE ( 'NONE', *, *, #5921, .T. ) ;
#8676 = CARTESIAN_POINT ( 'NONE',  ( -1.906249999999998224, 3.659999999999996145, 4.000000000000000000 ) ) ;
#8677 = ORIENTED_EDGE ( 'NONE', *, *, #803, .T. ) ;
#8678 = CARTESIAN_POINT ( 'NONE',  ( -64.26000000000000512, 18.69999999999999929, -2.299999999999999822 ) ) ;
#8679 = CIRCLE ( 'NONE', #6978, 3.500000000000003109 ) ;
#8680 = ORIENTED_EDGE ( 'NONE', *, *, #8651, .F. ) ;
#8681 = DIRECTION ( 'NONE',  ( -0.7071079911327564638, -0.7071055712382683378, 0.000000000000000000 ) ) ;
#8682 = CARTESIAN_POINT ( 'NONE',  ( -16.49999999999985789, 14.00000000000003020, 0.5000000000000000000 ) ) ;
#8683 = ADVANCED_FACE ( 'NONE', ( #4614 ), #599, .T. ) ;
#8684 = FACE_OUTER_BOUND ( 'NONE', #7598, .T. ) ;
#8685 = DIRECTION ( 'NONE',  ( -0.000000000000000000, 1.000000000000000000, -0.000000000000000000 ) ) ;
#8686 = ORIENTED_EDGE ( 'NONE', *, *, #2796, .F. ) ;
#8687 = EDGE_CURVE ( 'NONE', #5396, #4154, #5978, .T. ) ;
#8688 = LINE ( 'NONE', #640, #2457 ) ;
#8689 = ORIENTED_EDGE ( 'NONE', *, *, #278, .T. ) ;
#8690 = LINE ( 'NONE', #563, #7176 ) ;
#8691 = DIRECTION ( 'NONE',  ( 1.000000000000000000, 0.000000000000000000, 0.000000000000000000 ) ) ;
#8692 = EDGE_CURVE ( 'NONE', #3383, #1229, #2028, .T. ) ;
#8693 = DIRECTION ( 'NONE',  ( 1.000000000000000000, 0.000000000000000000, 0.000000000000000000 ) ) ;
#8694 = DIRECTION ( 'NONE',  ( -0.000000000000000000, -0.000000000000000000, 1.000000000000000000 ) ) ;
#8695 = EDGE_CURVE ( 'NONE', #3679, #4522, #2645, .T. ) ;
#8696 = CARTESIAN_POINT ( 'NONE',  ( 15.64954525451680034, 15.58599798172133255, -1.800000000000000266 ) ) ;
#8697 = EDGE_CURVE ( 'NONE', #5437, #3291, #5409, .T. ) ;
#8698 = DIRECTION ( 'NONE',  ( 0.000000000000000000, 1.000000000000000000, 0.000000000000000000 ) ) ;
#8699 = ORIENTED_EDGE ( 'NONE', *, *, #603, .T. ) ;
#8700 = DIRECTION ( 'NONE',  ( 0.000000000000000000, 0.000000000000000000, 1.000000000000000000 ) ) ;
#8701 = ORIENTED_EDGE ( 'NONE', *, *, #1935, .T. ) ;
#8702 = AXIS2_PLACEMENT_3D ( 'NONE', #8398, #3798, #1809 ) ;
#8703 = LINE ( 'NONE', #8137, #7255 ) ;
#8704 = EDGE_CURVE ( 'NONE', #778, #832, #3343, .T. ) ;
#8705 = LINE ( 'NONE', #5349, #682 ) ;
#8706 = AXIS2_PLACEMENT_3D ( 'NONE', #2335, #2858, #6280 ) ;
#8707 = ORIENTED_EDGE ( 'NONE', *, *, #3228, .F. ) ;
#8708 = CARTESIAN_POINT ( 'NONE',  ( -16.49999999999997513, -15.34000000000000163, 8.000000000000000000 ) ) ;
#8709 = VERTEX_POINT ( 'NONE', #6683 ) ;
#8710 = LINE ( 'NONE', #3508, #736 ) ;
#8711 = DIRECTION ( 'NONE',  ( -1.000000000000000000, -3.854941057726238097E-16, 0.000000000000000000 ) ) ;
#8712 = ORIENTED_EDGE ( 'NONE', *, *, #5723, .F. ) ;
#8713 = FILL_AREA_STYLE_COLOUR ( '', #1014 ) ;
#8714 = AXIS2_PLACEMENT_3D ( 'NONE', #6657, #3319, #2318 ) ;
#8715 = CARTESIAN_POINT ( 'NONE',  ( -23.99999999999999289, -28.50000000000001066, -5.837274330926434551 ) ) ;
#8716 = VECTOR ( 'NONE', #887, 1000.000000000000000 ) ;
#8717 = ORIENTED_EDGE ( 'NONE', *, *, #6617, .F. ) ;
#8718 = DIRECTION ( 'NONE',  ( -0.000000000000000000, -0.000000000000000000, 1.000000000000000000 ) ) ;
#8719 = AXIS2_PLACEMENT_3D ( 'NONE', #1220, #3926, #6606 ) ;
#8720 = ORIENTED_EDGE ( 'NONE', *, *, #2921, .F. ) ;
#8721 = LINE ( 'NONE', #5240, #2161 ) ;
#8722 = ORIENTED_EDGE ( 'NONE', *, *, #1240, .T. ) ;
#8723 = DIRECTION ( 'NONE',  ( 0.000000000000000000, 0.000000000000000000, -1.000000000000000000 ) ) ;
#8724 = DIRECTION ( 'NONE',  ( -1.000000000000000000, 0.000000000000000000, 0.000000000000000000 ) ) ;
#8725 = DIRECTION ( 'NONE',  ( -1.000000000000000000, 0.000000000000000000, 0.000000000000000000 ) ) ;
#8726 = AXIS2_PLACEMENT_3D ( 'NONE', #7746, #6751, #2048 ) ;
#8727 = ORIENTED_EDGE ( 'NONE', *, *, #697, .T. ) ;
#8728 = ORIENTED_EDGE ( 'NONE', *, *, #2112, .T. ) ;
#8729 = ORIENTED_EDGE ( 'NONE', *, *, #1913, .F. ) ;
#8730 = EDGE_CURVE ( 'NONE', #7781, #788, #3051, .T. ) ;
#8731 = CARTESIAN_POINT ( 'NONE',  ( 2.562500000000002220, -24.33999999999999986, 1.000000000000000000 ) ) ;
#8732 = CIRCLE ( 'NONE', #1110, 0.5000000000000004441 ) ;
#8733 = ORIENTED_EDGE ( 'NONE', *, *, #2941, .T. ) ;
#8734 = CARTESIAN_POINT ( 'NONE',  ( -20.00000000000000355, 33.00000000000001421, 0.000000000000000000 ) ) ;
#8735 = DIRECTION ( 'NONE',  ( -1.000000000000000000, 0.000000000000000000, 0.000000000000000000 ) ) ;
ENDSEC;
END-ISO-10303-21;
