ISO-10303-21;
HEADER;
FILE_DESCRIPTION (( 'STEP AP214' ),
    '1' );
FILE_NAME ('»¬¿é.STEP',
    '2025-10-22T07:15:19',
    ( '' ),
    ( '' ),
    'SwSTEP 2.0',
    'SolidWorks 2023',
    '' );
FILE_SCHEMA (( 'AUTOMOTIVE_DESIGN' ));
ENDSEC;

DATA;
#1 = PLANE ( 'NONE',  #1079 ) ;
#2 = DIRECTION ( 'NONE',  ( -0.000000000000000000, 0.000000000000000000, -1.000000000000000000 ) ) ;
#3 = ORIENTED_EDGE ( 'NONE', *, *, #2591, .F. ) ;
#4 = VECTOR ( 'NONE', #2244, 1000.000000000000000 ) ;
#5 = CARTESIAN_POINT ( 'NONE',  ( -4.000000000000000000, 2.899999999999999467, 2.000000000000000000 ) ) ;
#6 = DIRECTION ( 'NONE',  ( -1.000000000000000000, 0.000000000000000000, -0.000000000000000000 ) ) ;
#7 = LINE ( 'NONE', #195, #1058 ) ;
#8 = DIRECTION ( 'NONE',  ( -1.000000000000000000, 1.084202172485504434E-16, 0.000000000000000000 ) ) ;
#9 = EDGE_CURVE ( 'NONE', #549, #2346, #2344, .T. ) ;
#10 = CARTESIAN_POINT ( 'NONE',  ( 4.299999999999999822, 2.481934729198170597, 1.600000000000000089 ) ) ;
#11 = AXIS2_PLACEMENT_3D ( 'NONE', #1857, #176, #1008 ) ;
#12 = EDGE_CURVE ( 'NONE', #658, #1391, #621, .T. ) ;
#13 = CARTESIAN_POINT ( 'NONE',  ( 3.000000000000000888, 2.899999999999999023, 2.000000000000000000 ) ) ;
#14 = VERTEX_POINT ( 'NONE', #2072 ) ;
#15 = DIRECTION ( 'NONE',  ( -0.000000000000000000, -0.000000000000000000, -1.000000000000000000 ) ) ;
#16 = LINE ( 'NONE', #2104, #1124 ) ;
#17 = DIRECTION ( 'NONE',  ( -7.666467083416913831E-17, -0.7071067811865515695, -0.7071067811865435759 ) ) ;
#18 = DIRECTION ( 'NONE',  ( -1.000000000000000000, 0.000000000000000000, 0.000000000000000000 ) ) ;
#19 = VECTOR ( 'NONE', #563, 1000.000000000000000 ) ;
#20 = DIRECTION ( 'NONE',  ( 1.000000000000000000, 0.000000000000000000, 0.000000000000000000 ) ) ;
#21 = ORIENTED_EDGE ( 'NONE', *, *, #2321, .T. ) ;
#22 = CARTESIAN_POINT ( 'NONE',  ( -4.700000000000001066, -2.676499134117003909, 1.866322838582652910 ) ) ;
#23 = EDGE_CURVE ( 'NONE', #1952, #2222, #1189, .T. ) ;
#24 = VECTOR ( 'NONE', #645, 1000.000000000000000 ) ;
#25 = CARTESIAN_POINT ( 'NONE',  ( -0.8499999999999999778, 0.8499999999999998668, 0.000000000000000000 ) ) ;
#26 = EDGE_LOOP ( 'NONE', ( #1397, #2030, #819, #1798 ) ) ;
#27 = LINE ( 'NONE', #881, #1723 ) ;
#28 = DIRECTION ( 'NONE',  ( -1.000000000000000000, 0.000000000000000000, 0.000000000000000000 ) ) ;
#29 = CARTESIAN_POINT ( 'NONE',  ( -3.000000000000000888, -3.134314575050760610, 2.000000000000000000 ) ) ;
#30 = CARTESIAN_POINT ( 'NONE',  ( -4.000000000000000000, -2.899999999999999023, 0.4000000000000000222 ) ) ;
#31 = LINE ( 'NONE', #208, #860 ) ;
#32 = EDGE_CURVE ( 'NONE', #2581, #1300, #2663, .T. ) ;
#33 = VECTOR ( 'NONE', #59, 1000.000000000000000 ) ;
#34 = VERTEX_POINT ( 'NONE', #1448 ) ;
#35 = LINE ( 'NONE', #673, #1324 ) ;
#36 = EDGE_CURVE ( 'NONE', #688, #1406, #407, .T. ) ;
#37 = LINE ( 'NONE', #1072, #2209 ) ;
#38 = VERTEX_POINT ( 'NONE', #356 ) ;
#39 = CARTESIAN_POINT ( 'NONE',  ( -4.000000000000000000, 3.299999999999999822, 2.000000000000000000 ) ) ;
#40 = DIRECTION ( 'NONE',  ( 1.084202172485504434E-16, 1.000000000000000000, 0.000000000000000000 ) ) ;
#41 = DIRECTION ( 'NONE',  ( -1.000000000000000000, 0.000000000000000000, 0.000000000000000000 ) ) ;
#42 = EDGE_CURVE ( 'NONE', #1997, #1004, #1676, .T. ) ;
#43 = CARTESIAN_POINT ( 'NONE',  ( 0.8499999999999997558, -0.8500000000000000888, -2.000000000000000000 ) ) ;
#44 = EDGE_CURVE ( 'NONE', #1188, #1861, #2279, .T. ) ;
#45 = CARTESIAN_POINT ( 'NONE',  ( -0.8500000000000001998, -0.8500000000000000888, -2.000000000000000000 ) ) ;
#46 = CIRCLE ( 'NONE', #2137, 3.299999999999999378 ) ;
#47 = DIRECTION ( 'NONE',  ( -0.000000000000000000, -0.000000000000000000, -1.000000000000000000 ) ) ;
#48 = AXIS2_PLACEMENT_3D ( 'NONE', #1935, #930, #1923 ) ;
#49 = EDGE_LOOP ( 'NONE', ( #479, #2182, #2398, #905, #1335, #343, #2019, #401 ) ) ;
#50 = DIRECTION ( 'NONE',  ( 0.000000000000000000, 0.000000000000000000, 1.000000000000000000 ) ) ;
#51 = DIRECTION ( 'NONE',  ( 1.000000000000000000, 0.000000000000000000, 0.000000000000000000 ) ) ;
#52 = ORIENTED_EDGE ( 'NONE', *, *, #1279, .T. ) ;
#53 = AXIS2_PLACEMENT_3D ( 'NONE', #1468, #815, #1409 ) ;
#54 = DIRECTION ( 'NONE',  ( -1.000000000000000000, 1.084202172485504434E-16, 0.000000000000000000 ) ) ;
#55 = DIRECTION ( 'NONE',  ( -0.000000000000000000, 0.000000000000000000, 1.000000000000000000 ) ) ;
#56 = CARTESIAN_POINT ( 'NONE',  ( -4.700000000000001066, -2.399999999999998579, 1.600000000000000089 ) ) ;
#57 = DIRECTION ( 'NONE',  ( 0.000000000000000000, 0.000000000000000000, 1.000000000000000000 ) ) ;
#58 = ADVANCED_FACE ( 'NONE', ( #193, #1026 ), #2702, .F. ) ;
#59 = DIRECTION ( 'NONE',  ( 1.000000000000000000, -0.000000000000000000, 0.000000000000000000 ) ) ;
#60 = EDGE_CURVE ( 'NONE', #658, #1946, #2633, .T. ) ;
#61 = DIRECTION ( 'NONE',  ( 1.000000000000000000, 0.000000000000000000, 0.000000000000000000 ) ) ;
#62 = DIRECTION ( 'NONE',  ( -0.7071067811865512365, -0.000000000000000000, 0.7071067811865439090 ) ) ;
#63 = DIRECTION ( 'NONE',  ( -0.000000000000000000, -0.000000000000000000, -1.000000000000000000 ) ) ;
#64 = ORIENTED_EDGE ( 'NONE', *, *, #1582, .T. ) ;
#65 = FACE_OUTER_BOUND ( 'NONE', #2599, .T. ) ;
#66 = FACE_OUTER_BOUND ( 'NONE', #49, .T. ) ;
#67 = CARTESIAN_POINT ( 'NONE',  ( -5.099999999999998757, -1.450000000000000178, -2.000000000000000000 ) ) ;
#68 = DIRECTION ( 'NONE',  ( 0.000000000000000000, 0.000000000000000000, 1.000000000000000000 ) ) ;
#69 = CIRCLE ( 'NONE', #200, 0.4000000000000001887 ) ;
#70 = ORIENTED_EDGE ( 'NONE', *, *, #102, .F. ) ;
#71 = VECTOR ( 'NONE', #1579, 1000.000000000000000 ) ;
#72 = DIRECTION ( 'NONE',  ( 1.000000000000000000, -1.084202172485504434E-16, 0.000000000000000000 ) ) ;
#73 = ORIENTED_EDGE ( 'NONE', *, *, #226, .T. ) ;
#74 = DIRECTION ( 'NONE',  ( 1.084202172485504434E-16, 1.000000000000000000, 0.000000000000000000 ) ) ;
#75 = VERTEX_POINT ( 'NONE', #1251 ) ;
#76 = EDGE_CURVE ( 'NONE', #2504, #1405, #2505, .T. ) ;
#77 = ORIENTED_EDGE ( 'NONE', *, *, #1992, .F. ) ;
#78 = DIRECTION ( 'NONE',  ( 1.084202172485504311E-16, 1.000000000000000000, -0.000000000000000000 ) ) ;
#79 = ORIENTED_EDGE ( 'NONE', *, *, #2112, .T. ) ;
#80 = DIRECTION ( 'NONE',  ( 0.000000000000000000, 1.000000000000000000, 0.000000000000000000 ) ) ;
#81 = CARTESIAN_POINT ( 'NONE',  ( -3.400000000000000799, -2.899999999999999023, 2.000000000000000000 ) ) ;
#82 = VERTEX_POINT ( 'NONE', #1896 ) ;
#83 = DIRECTION ( 'NONE',  ( 0.000000000000000000, 0.000000000000000000, 1.000000000000000000 ) ) ;
#84 = EDGE_CURVE ( 'NONE', #1542, #1103, #445, .T. ) ;
#85 = ORIENTED_EDGE ( 'NONE', *, *, #2152, .T. ) ;
#86 = CARTESIAN_POINT ( 'NONE',  ( 4.000000000000000000, 0.000000000000000000, 2.000000000000000000 ) ) ;
#87 = AXIS2_PLACEMENT_3D ( 'NONE', #2120, #1703, #1276 ) ;
#88 = ADVANCED_FACE ( 'NONE', ( #650 ), #216, .F. ) ;
#89 = ORIENTED_EDGE ( 'NONE', *, *, #278, .T. ) ;
#90 = DIRECTION ( 'NONE',  ( 0.000000000000000000, 0.000000000000000000, -1.000000000000000000 ) ) ;
#91 = DIRECTION ( 'NONE',  ( 0.000000000000000000, 0.000000000000000000, 1.000000000000000000 ) ) ;
#92 = ORIENTED_EDGE ( 'NONE', *, *, #2235, .T. ) ;
#93 = ORIENTED_EDGE ( 'NONE', *, *, #178, .F. ) ;
#94 = B_SPLINE_CURVE_WITH_KNOTS ( 'NONE', 3,
 ( #508, #2360, #1338, #1112 ),
 .UNSPECIFIED., .F., .F.,
 ( 4, 4 ),
 ( 0.000000000000000000, 0.0005997696764445801425 ),
 .UNSPECIFIED. ) ;
#95 = VECTOR ( 'NONE', #186, 1000.000000000000000 ) ;
#96 = DIRECTION ( 'NONE',  ( -0.000000000000000000, -0.000000000000000000, -1.000000000000000000 ) ) ;
#97 = ORIENTED_EDGE ( 'NONE', *, *, #1981, .T. ) ;
#98 = ORIENTED_EDGE ( 'NONE', *, *, #1337, .F. ) ;
#99 = PLANE ( 'NONE',  #2670 ) ;
#100 = CYLINDRICAL_SURFACE ( 'NONE', #519, 0.3999999999999999667 ) ;
#101 = ORIENTED_EDGE ( 'NONE', *, *, #762, .T. ) ;
#102 = EDGE_CURVE ( 'NONE', #2247, #995, #1049, .T. ) ;
#103 = AXIS2_PLACEMENT_3D ( 'NONE', #1429, #2070, #1822 ) ;
#104 = CARTESIAN_POINT ( 'NONE',  ( 5.599999999999998757, -2.418677324489564295, 2.000000000000000000 ) ) ;
#105 = CARTESIAN_POINT ( 'NONE',  ( -4.300000000000000711, -2.884441020371190767, 2.000000000000000000 ) ) ;
#106 = ORIENTED_EDGE ( 'NONE', *, *, #1972, .F. ) ;
#107 = EDGE_LOOP ( 'NONE', ( #1884, #779, #1163, #2417, #110, #2532, #1135, #403, #1343, #842 ) ) ;
#108 = AXIS2_PLACEMENT_3D ( 'NONE', #1556, #72, #1968 ) ;
#109 = ORIENTED_EDGE ( 'NONE', *, *, #2351, .F. ) ;
#110 = ORIENTED_EDGE ( 'NONE', *, *, #1539, .T. ) ;
#111 = CARTESIAN_POINT ( 'NONE',  ( 3.400000000000000799, 2.899999999999999023, 2.000000000000000000 ) ) ;
#112 = AXIS2_PLACEMENT_3D ( 'NONE', #276, #911, #705 ) ;
#113 = EDGE_LOOP ( 'NONE', ( #181, #79, #2428, #833 ) ) ;
#114 = EDGE_CURVE ( 'NONE', #953, #2646, #637, .T. ) ;
#115 = CARTESIAN_POINT ( 'NONE',  ( 1.550000000000000266, -1.450000000000000178, 0.000000000000000000 ) ) ;
#116 = DIRECTION ( 'NONE',  ( 0.000000000000000000, 0.000000000000000000, -1.000000000000000000 ) ) ;
#117 = ORIENTED_EDGE ( 'NONE', *, *, #365, .F. ) ;
#118 = ORIENTED_EDGE ( 'NONE', *, *, #9, .T. ) ;
#119 = EDGE_CURVE ( 'NONE', #323, #2158, #2533, .T. ) ;
#120 = AXIS2_PLACEMENT_3D ( 'NONE', #1651, #1225, #2219 ) ;
#121 = ORIENTED_EDGE ( 'NONE', *, *, #2476, .F. ) ;
#122 = ORIENTED_EDGE ( 'NONE', *, *, #2032, .F. ) ;
#123 = FACE_OUTER_BOUND ( 'NONE', #1158, .T. ) ;
#124 = DIRECTION ( 'NONE',  ( 1.000000000000000000, 0.000000000000000000, 0.000000000000000000 ) ) ;
#125 = DIRECTION ( 'NONE',  ( 1.084202172485504311E-16, 1.000000000000000000, -0.000000000000000000 ) ) ;
#126 = PRODUCT_CONTEXT ( 'NONE', #237, 'mechanical' ) ;
#127 = ORIENTED_EDGE ( 'NONE', *, *, #2401, .T. ) ;
#128 = CARTESIAN_POINT ( 'NONE',  ( 4.699999999999999289, -2.399999999999999023, 1.600000000000000089 ) ) ;
#129 = ORIENTED_EDGE ( 'NONE', *, *, #42, .T. ) ;
#130 = EDGE_LOOP ( 'NONE', ( #1903, #1581, #2608, #2168 ) ) ;
#131 = PLANE ( 'NONE',  #947 ) ;
#132 = ADVANCED_FACE ( 'NONE', ( #1885 ), #2562, .F. ) ;
#133 = CARTESIAN_POINT ( 'NONE',  ( 4.700000000000000178, 2.538470168745210476, 1.732931361995401653 ) ) ;
#134 = AXIS2_PLACEMENT_3D ( 'NONE', #1634, #2647, #764 ) ;
#135 = AXIS2_PLACEMENT_3D ( 'NONE', #2493, #400, #2448 ) ;
#136 = PRODUCT_RELATED_PRODUCT_CATEGORY ( 'part', '', ( #1875 ) ) ;
#137 = VERTEX_POINT ( 'NONE', #1473 ) ;
#138 = ORIENTED_EDGE ( 'NONE', *, *, #608, .T. ) ;
#139 = DIRECTION ( 'NONE',  ( 0.000000000000000000, 0.000000000000000000, 1.000000000000000000 ) ) ;
#140 = AXIS2_PLACEMENT_3D ( 'NONE', #67, #2162, #896 ) ;
#141 = CARTESIAN_POINT ( 'NONE',  ( -1.949999999999999734, 1.850000000000000089, -1.300000000000000044 ) ) ;
#142 = DIRECTION ( 'NONE',  ( -1.301042606982608279E-16, 1.410593220986748294E-32, -1.000000000000000000 ) ) ;
#143 = ORIENTED_EDGE ( 'NONE', *, *, #211, .F. ) ;
#144 = CARTESIAN_POINT ( 'NONE',  ( -5.599999999999999645, 1.920937271229848697, 1.600000000000000089 ) ) ;
#145 = DIRECTION ( 'NONE',  ( 0.000000000000000000, 0.000000000000000000, -1.000000000000000000 ) ) ;
#146 = ORIENTED_EDGE ( 'NONE', *, *, #1722, .F. ) ;
#147 = CARTESIAN_POINT ( 'NONE',  ( -4.000000000000000000, 0.000000000000000000, 2.000000000000000000 ) ) ;
#148 = PRESENTATION_LAYER_ASSIGNMENT (  '', '', ( #1734 ) ) ;
#149 = DIRECTION ( 'NONE',  ( -0.000000000000000000, -0.000000000000000000, -1.000000000000000000 ) ) ;
#150 = CARTESIAN_POINT ( 'NONE',  ( -4.300000000000000711, 2.884441020371190767, 2.000000000000000000 ) ) ;
#151 = ORIENTED_EDGE ( 'NONE', *, *, #1267, .F. ) ;
#152 = ORIENTED_EDGE ( 'NONE', *, *, #2688, .T. ) ;
#153 = CARTESIAN_POINT ( 'NONE',  ( -4.000000000000000000, -2.899999999999999023, 1.600000000000000089 ) ) ;
#154 = CARTESIAN_POINT ( 'NONE',  ( 5.099999999999999645, 1.850000000000000089, -2.000000000000000000 ) ) ;
#155 =( BOUNDED_CURVE ( )  B_SPLINE_CURVE ( 3, ( #187, #1233, #2063, #1442 ),
 .UNSPECIFIED., .F., .T. ) 
 B_SPLINE_CURVE_WITH_KNOTS ( ( 4, 4 ),
 ( 1.084202172485518239E-16, 1.570796326794896780 ),
 .UNSPECIFIED. ) 
 CURVE ( )  GEOMETRIC_REPRESENTATION_ITEM ( )  RATIONAL_B_SPLINE_CURVE ( ( 1.000000000000000000, 0.8047378541243649375, 0.8047378541243649375, 1.000000000000000000 ) ) 
 REPRESENTATION_ITEM ( '' )  );
#156 = CARTESIAN_POINT ( 'NONE',  ( 5.500000000000000000, -1.850000000000000089, -1.300000000000000044 ) ) ;
#157 = EDGE_LOOP ( 'NONE', ( #1608, #497, #2204, #912 ) ) ;
#158 = DIRECTION ( 'NONE',  ( 0.000000000000000000, -0.000000000000000000, 1.000000000000000000 ) ) ;
#159 = VECTOR ( 'NONE', #1091, 1000.000000000000000 ) ;
#160 = CARTESIAN_POINT ( 'NONE',  ( -4.000000000000000000, 0.000000000000000000, 2.000000000000000000 ) ) ;
#161 = EDGE_CURVE ( 'NONE', #923, #2160, #2289, .T. ) ;
#162 = CIRCLE ( 'NONE', #1697, 0.4000000000000001887 ) ;
#163 = EDGE_LOOP ( 'NONE', ( #2449, #2116, #215, #751 ) ) ;
#164 = CARTESIAN_POINT ( 'NONE',  ( -4.000000000000000000, 0.000000000000000000, 2.000000000000000000 ) ) ;
#165 = CARTESIAN_POINT ( 'NONE',  ( -4.000000000000000000, 0.000000000000000000, 2.000000000000000000 ) ) ;
#166 = VECTOR ( 'NONE', #882, 1000.000000000000000 ) ;
#167 = DIRECTION ( 'NONE',  ( 1.000000000000000000, -1.084202172485504434E-16, 0.000000000000000000 ) ) ;
#168 = ORIENTED_EDGE ( 'NONE', *, *, #2221, .F. ) ;
#169 = ORIENTED_EDGE ( 'NONE', *, *, #2516, .F. ) ;
#170 = CARTESIAN_POINT ( 'NONE',  ( 0.8499999999999997558, -0.8500000000000000888, 4.404163056034261281 ) ) ;
#171 = ADVANCED_FACE ( 'NONE', ( #1483 ), #2128, .F. ) ;
#172 = VECTOR ( 'NONE', #2243, 1000.000000000000000 ) ;
#173 = CIRCLE ( 'NONE', #1081, 2.499999999999998668 ) ;
#174 = CARTESIAN_POINT ( 'NONE',  ( 1.550000000000000266, -1.450000000000000178, -2.000000000000000000 ) ) ;
#175 = ADVANCED_FACE ( 'NONE', ( #1090 ), #2084, .F. ) ;
#176 = DIRECTION ( 'NONE',  ( -0.000000000000000000, -0.000000000000000000, -1.000000000000000000 ) ) ;
#177 = ORIENTED_EDGE ( 'NONE', *, *, #847, .T. ) ;
#178 = EDGE_CURVE ( 'NONE', #1406, #2364, #2143, .T. ) ;
#179 = CARTESIAN_POINT ( 'NONE',  ( -3.800000000000000711, -2.499999999999996447, 1.600000000000000089 ) ) ;
#180 =( NAMED_UNIT ( * ) SI_UNIT ( $, .STERADIAN. ) SOLID_ANGLE_UNIT ( ) );
#181 = ORIENTED_EDGE ( 'NONE', *, *, #84, .T. ) ;
#182 = FACE_OUTER_BOUND ( 'NONE', #1830, .T. ) ;
#183 = LINE ( 'NONE', #1096, #2659 ) ;
#184 = VECTOR ( 'NONE', #2049, 1000.000000000000000 ) ;
#185 = ORIENTED_EDGE ( 'NONE', *, *, #740, .T. ) ;
#186 = DIRECTION ( 'NONE',  ( -0.000000000000000000, -0.000000000000000000, -1.000000000000000000 ) ) ;
#187 = CARTESIAN_POINT ( 'NONE',  ( 3.000000000000000888, 2.899999999999999023, 1.999999999999998668 ) ) ;
#188 = CARTESIAN_POINT ( 'NONE',  ( -4.000000000000000000, 0.000000000000000000, 1.600000000000000089 ) ) ;
#189 = VERTEX_POINT ( 'NONE', #5 ) ;
#190 = PLANE ( 'NONE',  #1306 ) ;
#191 = CARTESIAN_POINT ( 'NONE',  ( -6.100000000000000533, -3.300000000000001155, 2.000000000000000000 ) ) ;
#192 = AXIS2_PLACEMENT_3D ( 'NONE', #30, #1288, #2096 ) ;
#193 = FACE_OUTER_BOUND ( 'NONE', #1985, .T. ) ;
#194 = CARTESIAN_POINT ( 'NONE',  ( -4.000000000000000000, 0.000000000000000000, 2.000000000000000000 ) ) ;
#195 = CARTESIAN_POINT ( 'NONE',  ( -4.700000000000001066, -3.300000000000001599, 2.000000000000000000 ) ) ;
#196 = LINE ( 'NONE', #2705, #1181 ) ;
#197 = AXIS2_PLACEMENT_3D ( 'NONE', #1447, #2645, #761 ) ;
#198 = EDGE_CURVE ( 'NONE', #2542, #2242, #1506, .T. ) ;
#199 = ORIENTED_EDGE ( 'NONE', *, *, #703, .T. ) ;
#200 = AXIS2_PLACEMENT_3D ( 'NONE', #2544, #660, #902 ) ;
#201 = CARTESIAN_POINT ( 'NONE',  ( -5.200000000000001066, -2.343459700993630435, 1.731843348529120696 ) ) ;
#202 = DIRECTION ( 'NONE',  ( -1.000000000000000000, 1.084202172485504434E-16, 0.000000000000000000 ) ) ;
#203 = CYLINDRICAL_SURFACE ( 'NONE', #1290, 3.299999999999998934 ) ;
#204 = ORIENTED_EDGE ( 'NONE', *, *, #654, .F. ) ;
#205 = CARTESIAN_POINT ( 'NONE',  ( -5.200000000000000178, 2.640075756488816427, 2.000000000000000000 ) ) ;
#206 = LINE ( 'NONE', #261, #1666 ) ;
#207 = CARTESIAN_POINT ( 'NONE',  ( 6.899999999999998579, 0.000000000000000000, 2.000000000000000000 ) ) ;
#208 = CARTESIAN_POINT ( 'NONE',  ( -3.000000000000000000, -3.300000000000000711, 1.999999999999999556 ) ) ;
#209 = ADVANCED_FACE ( 'NONE', ( #2303 ), #2103, .F. ) ;
#210 = AXIS2_PLACEMENT_3D ( 'NONE', #464, #1066, #885 ) ;
#211 = EDGE_CURVE ( 'NONE', #2510, #1405, #27, .T. ) ;
#212 = PRODUCT_DEFINITION_SHAPE ( 'NONE', 'NONE',  #455 ) ;
#213 = LINE ( 'NONE', #2348, #1889 ) ;
#214 = LINE ( 'NONE', #13, #1773 ) ;
#215 = ORIENTED_EDGE ( 'NONE', *, *, #1349, .F. ) ;
#216 = PLANE ( 'NONE',  #2016 ) ;
#217 = DIRECTION ( 'NONE',  ( 1.000000000000000000, 0.000000000000000000, 0.000000000000000000 ) ) ;
#218 = CARTESIAN_POINT ( 'NONE',  ( -0.8499999999999999778, 0.8499999999999998668, -2.000000000000000000 ) ) ;
#219 = DIRECTION ( 'NONE',  ( 1.000000000000000000, -1.172110456741085828E-16, 0.000000000000000000 ) ) ;
#220 = DIRECTION ( 'NONE',  ( -0.7071067811865512365, -0.000000000000000000, 0.7071067811865439090 ) ) ;
#221 = EDGE_LOOP ( 'NONE', ( #2609, #185, #1617, #2479 ) ) ;
#222 = ADVANCED_FACE ( 'NONE', ( #2338 ), #459, .F. ) ;
#223 = ADVANCED_BREP_SHAPE_REPRESENTATION ( '\X2\6ed15757\X0\', ( #1736, #602 ), #2265 ) ;
#224 = CARTESIAN_POINT ( 'NONE',  ( -4.700000000000001066, -2.399999999999998579, 1.600000000000000089 ) ) ;
#225 = AXIS2_PLACEMENT_3D ( 'NONE', #188, #367, #1443 ) ;
#226 = EDGE_CURVE ( 'NONE', #1557, #1300, #531, .T. ) ;
#227 = DIRECTION ( 'NONE',  ( 1.000000000000000000, 0.000000000000000000, 0.000000000000000000 ) ) ;
#228 = ORIENTED_EDGE ( 'NONE', *, *, #1381, .F. ) ;
#229 = DIRECTION ( 'NONE',  ( 1.000000000000000000, -1.084202172485504434E-16, 0.000000000000000000 ) ) ;
#230 = DIRECTION ( 'NONE',  ( 1.000000000000000000, -1.084202172485504434E-16, -0.000000000000000000 ) ) ;
#231 = PLANE ( 'NONE',  #265 ) ;
#232 = CARTESIAN_POINT ( 'NONE',  ( -4.000000000000000000, -2.899999999999999023, 1.600000000000000089 ) ) ;
#233 = VECTOR ( 'NONE', #1817, 1000.000000000000000 ) ;
#234 = ORIENTED_EDGE ( 'NONE', *, *, #2064, .F. ) ;
#235 = VECTOR ( 'NONE', #598, 1000.000000000000000 ) ;
#236 = CARTESIAN_POINT ( 'NONE',  ( -2.999999999999999112, 3.299999999999999822, 1.999999999999999556 ) ) ;
#237 = APPLICATION_CONTEXT ( 'automotive_design' ) ;
#238 = ADVANCED_FACE ( 'NONE', ( #2274 ), #994, .F. ) ;
#239 = AXIS2_PLACEMENT_3D ( 'NONE', #540, #47, #876 ) ;
#240 = LINE ( 'NONE', #635, #1814 ) ;
#241 = ORIENTED_EDGE ( 'NONE', *, *, #255, .T. ) ;
#242 = CARTESIAN_POINT ( 'NONE',  ( -5.200000000000001066, -3.300000000000001599, 1.600000000000000089 ) ) ;
#243 = CARTESIAN_POINT ( 'NONE',  ( 6.099999999999999645, 1.791843062066368342, 1.856443491080259189 ) ) ;
#244 = DIRECTION ( 'NONE',  ( 1.000000000000000000, 0.000000000000000000, 0.000000000000000000 ) ) ;
#245 = LINE ( 'NONE', #1242, #364 ) ;
#246 = EDGE_CURVE ( 'NONE', #2542, #733, #1819, .T. ) ;
#247 = CARTESIAN_POINT ( 'NONE',  ( 1.950000000000000178, -1.449999999999999956, -1.300000000000000044 ) ) ;
#248 = VECTOR ( 'NONE', #1016, 1000.000000000000000 ) ;
#249 = AXIS2_PLACEMENT_3D ( 'NONE', #1445, #2494, #803 ) ;
#250 = VERTEX_POINT ( 'NONE', #1645 ) ;
#251 = VECTOR ( 'NONE', #1730, 1000.000000000000000 ) ;
#252 = CARTESIAN_POINT ( 'NONE',  ( -4.000000000000000000, -3.299999999999998934, 0.3999999999999999667 ) ) ;
#253 = CIRCLE ( 'NONE', #397, 3.299999999999999378 ) ;
#254 = EDGE_CURVE ( 'NONE', #14, #1188, #271, .T. ) ;
#255 = EDGE_CURVE ( 'NONE', #616, #2222, #2373, .T. ) ;
#256 = EDGE_CURVE ( 'NONE', #697, #1332, #1457, .T. ) ;
#257 = ADVANCED_FACE ( 'NONE', ( #2506 ), #1205, .T. ) ;
#258 = CARTESIAN_POINT ( 'NONE',  ( 4.000000000000000000, 0.000000000000000000, 1.599999999999999867 ) ) ;
#259 = DIRECTION ( 'NONE',  ( 1.000000000000000000, 0.000000000000000000, 0.000000000000000000 ) ) ;
#260 = CARTESIAN_POINT ( 'NONE',  ( -3.400000000000000799, -2.499999999999996447, 1.600000000000000089 ) ) ;
#261 = CARTESIAN_POINT ( 'NONE',  ( 3.800000000000000266, 2.499999999999996003, 1.600000000000000089 ) ) ;
#262 = FACE_OUTER_BOUND ( 'NONE', #2414, .T. ) ;
#263 = CARTESIAN_POINT ( 'NONE',  ( 4.000000000000000000, 0.000000000000000000, 2.000000000000000000 ) ) ;
#264 = VECTOR ( 'NONE', #369, 1000.000000000000000 ) ;
#265 = AXIS2_PLACEMENT_3D ( 'NONE', #1898, #2500, #1690 ) ;
#266 = CARTESIAN_POINT ( 'NONE',  ( 3.800000000000000711, 2.899999999999999023, 2.000000000000000000 ) ) ;
#267 = CIRCLE ( 'NONE', #612, 2.899999999999999023 ) ;
#268 = ORIENTED_EDGE ( 'NONE', *, *, #2187, .T. ) ;
#269 = FACE_OUTER_BOUND ( 'NONE', #1220, .T. ) ;
#270 = LINE ( 'NONE', #904, #301 ) ;
#271 = CIRCLE ( 'NONE', #1100, 2.899999999999999023 ) ;
#272 = ORIENTED_EDGE ( 'NONE', *, *, #738, .T. ) ;
#273 = DIRECTION ( 'NONE',  ( 1.000000000000000000, 0.000000000000000000, 0.000000000000000000 ) ) ;
#274 = CARTESIAN_POINT ( 'NONE',  ( 6.099999999999999645, -1.791843062066367898, 1.856443491080259189 ) ) ;
#275 = FACE_OUTER_BOUND ( 'NONE', #313, .T. ) ;
#276 = CARTESIAN_POINT ( 'NONE',  ( -5.099999999999998757, 1.449999999999999956, -1.300000000000000044 ) ) ;
#277 = VERTEX_POINT ( 'NONE', #2288 ) ;
#278 = EDGE_CURVE ( 'NONE', #1229, #314, #565, .T. ) ;
#279 = VECTOR ( 'NONE', #869, 1000.000000000000000 ) ;
#280 = LINE ( 'NONE', #2387, #1649 ) ;
#281 = ORIENTED_EDGE ( 'NONE', *, *, #1981, .F. ) ;
#282 = CARTESIAN_POINT ( 'NONE',  ( 3.799999999999999822, -3.300000000000002487, 1.600000000000000089 ) ) ;
#283 = ORIENTED_EDGE ( 'NONE', *, *, #2179, .T. ) ;
#284 = CARTESIAN_POINT ( 'NONE',  ( 5.099999999999999645, -1.850000000000000089, -1.300000000000000044 ) ) ;
#285 = ORIENTED_EDGE ( 'NONE', *, *, #2109, .F. ) ;
#286 = CARTESIAN_POINT ( 'NONE',  ( 1.550000000000000266, -1.450000000000000178, -1.300000000000000044 ) ) ;
#287 = CARTESIAN_POINT ( 'NONE',  ( 3.999999999999999112, -2.899999999999999023, 0.3999999999999999667 ) ) ;
#288 = ORIENTED_EDGE ( 'NONE', *, *, #23, .T. ) ;
#289 = ADVANCED_FACE ( 'NONE', ( #787 ), #1187, .F. ) ;
#290 = B_SPLINE_CURVE_WITH_KNOTS ( 'NONE', 3,
 ( #1897, #1105, #243, #460 ),
 .UNSPECIFIED., .F., .F.,
 ( 4, 4 ),
 ( 0.000000000000000000, 0.0007577176344125833218 ),
 .UNSPECIFIED. ) ;
#291 = AXIS2_PLACEMENT_3D ( 'NONE', #1746, #2578, #1978 ) ;
#292 = ADVANCED_FACE ( 'NONE', ( #774 ), #384, .F. ) ;
#293 = DIRECTION ( 'NONE',  ( 0.000000000000000000, -0.000000000000000000, -1.000000000000000000 ) ) ;
#294 = ORIENTED_EDGE ( 'NONE', *, *, #2032, .T. ) ;
#295 = DIRECTION ( 'NONE',  ( 0.000000000000000000, 0.000000000000000000, 1.000000000000000000 ) ) ;
#296 = ORIENTED_EDGE ( 'NONE', *, *, #1396, .F. ) ;
#297 = VERTEX_POINT ( 'NONE', #594 ) ;
#298 = DIRECTION ( 'NONE',  ( 1.000000000000000000, 0.000000000000000000, -0.000000000000000000 ) ) ;
#299 = FACE_OUTER_BOUND ( 'NONE', #2372, .T. ) ;
#300 = ORIENTED_EDGE ( 'NONE', *, *, #2540, .T. ) ;
#301 = VECTOR ( 'NONE', #2390, 1000.000000000000000 ) ;
#302 = DIRECTION ( 'NONE',  ( -1.000000000000000000, 0.000000000000000000, 0.000000000000000000 ) ) ;
#303 = EDGE_CURVE ( 'NONE', #2646, #995, #2462, .T. ) ;
#304 = CYLINDRICAL_SURFACE ( 'NONE', #108, 0.4000000000000001887 ) ;
#305 = ORIENTED_EDGE ( 'NONE', *, *, #934, .T. ) ;
#306 = VERTEX_POINT ( 'NONE', #1616 ) ;
#307 = CARTESIAN_POINT ( 'NONE',  ( -4.000000000000000000, 2.899999999999999911, 1.600000000000000089 ) ) ;
#308 = LINE ( 'NONE', #1573, #1708 ) ;
#310 = EDGE_CURVE ( 'NONE', #1245, #732, #918, .T. ) ;
#309 = ORIENTED_EDGE ( 'NONE', *, *, #2165, .T. ) ;
#311 = CARTESIAN_POINT ( 'NONE',  ( -3.400000000000000355, 2.499999999999996003, 1.600000000000000089 ) ) ;
#312 = CARTESIAN_POINT ( 'NONE',  ( -4.300000000000000711, -2.750330039614014233, 1.866608546835097249 ) ) ;
#313 = EDGE_LOOP ( 'NONE', ( #1640, #1919, #1630, #1209 ) ) ;
#314 = VERTEX_POINT ( 'NONE', #581 ) ;
#315 = VECTOR ( 'NONE', #883, 1000.000000000000000 ) ;
#316 = ORIENTED_EDGE ( 'NONE', *, *, #1567, .F. ) ;
#317 = EDGE_CURVE ( 'NONE', #2136, #2394, #1426, .T. ) ;
#318 = ORIENTED_EDGE ( 'NONE', *, *, #12, .F. ) ;
#319 = LINE ( 'NONE', #946, #2501 ) ;
#320 = EDGE_CURVE ( 'NONE', #759, #277, #2258, .T. ) ;
#321 = DIRECTION ( 'NONE',  ( -1.000000000000000000, 1.734723475976811039E-16, 1.301042606982608279E-16 ) ) ;
#322 = EDGE_CURVE ( 'NONE', #1861, #1595, #2416, .T. ) ;
#323 = VERTEX_POINT ( 'NONE', #801 ) ;
#324 = CIRCLE ( 'NONE', #197, 0.4000000000000000222 ) ;
#325 = CARTESIAN_POINT ( 'NONE',  ( 4.699999999999999289, -2.814249455894056950, 2.000000000000000000 ) ) ;
#326 = LINE ( 'NONE', #1361, #71 ) ;
#327 = ORIENTED_EDGE ( 'NONE', *, *, #254, .F. ) ;
#328 = ORIENTED_EDGE ( 'NONE', *, *, #810, .T. ) ;
#329 = B_SPLINE_CURVE_WITH_KNOTS ( 'NONE', 3,
 ( #2446, #274, #895, #1599 ),
 .UNSPECIFIED., .F., .F.,
 ( 4, 4 ),
 ( 1.939479807224432123E-18, 0.0007577176344125851649 ),
 .UNSPECIFIED. ) ;
#330 = EDGE_LOOP ( 'NONE', ( #268, #169, #524, #752, #1571 ) ) ;
#331 = ORIENTED_EDGE ( 'NONE', *, *, #1298, .F. ) ;
#332 = CARTESIAN_POINT ( 'NONE',  ( 1.950000000000000178, -1.850000000000000089, -2.000000000000000000 ) ) ;
#333 = DIRECTION ( 'NONE',  ( -1.000000000000000000, 0.000000000000000000, 0.000000000000000000 ) ) ;
#334 = VECTOR ( 'NONE', #1610, 1000.000000000000000 ) ;
#336 = EDGE_CURVE ( 'NONE', #784, #616, #2413, .T. ) ;
#335 = DIRECTION ( 'NONE',  ( 0.000000000000000000, -0.000000000000000000, 1.000000000000000000 ) ) ;
#337 = ORIENTED_EDGE ( 'NONE', *, *, #1435, .T. ) ;
#338 = EDGE_CURVE ( 'NONE', #14, #1595, #2698, .T. ) ;
#339 = DIRECTION ( 'NONE',  ( 1.000000000000000000, -1.084202172485504434E-16, 0.000000000000000000 ) ) ;
#340 = CARTESIAN_POINT ( 'NONE',  ( -2.834314575050759899, 3.299999999999999822, 1.834314575050762119 ) ) ;
#341 = ADVANCED_FACE ( 'NONE', ( #1069 ), #2090, .F. ) ;
#342 = VERTEX_POINT ( 'NONE', #851 ) ;
#343 = ORIENTED_EDGE ( 'NONE', *, *, #1832, .T. ) ;
#344 = FACE_OUTER_BOUND ( 'NONE', #1535, .T. ) ;
#345 = VECTOR ( 'NONE', #1635, 1000.000000000000000 ) ;
#346 = ORIENTED_EDGE ( 'NONE', *, *, #2470, .T. ) ;
#347 = AXIS2_PLACEMENT_3D ( 'NONE', #2655, #2002, #1007 ) ;
#348 = ORIENTED_EDGE ( 'NONE', *, *, #852, .F. ) ;
#349 = CARTESIAN_POINT ( 'NONE',  ( 3.400000000000000355, -2.899999999999999023, 2.000000000000000000 ) ) ;
#350 = LINE ( 'NONE', #1643, #521 ) ;
#351 = DIRECTION ( 'NONE',  ( 1.000000000000000000, -0.000000000000000000, -0.000000000000000000 ) ) ;
#352 = ORIENTED_EDGE ( 'NONE', *, *, #676, .T. ) ;
#353 = LINE ( 'NONE', #529, #1070 ) ;
#354 = CARTESIAN_POINT ( 'NONE',  ( 4.000000000000000000, 0.000000000000000000, 2.000000000000000000 ) ) ;
#355 = ORIENTED_EDGE ( 'NONE', *, *, #84, .F. ) ;
#356 = CARTESIAN_POINT ( 'NONE',  ( 1.550000000000000266, -1.850000000000000089, 0.000000000000000000 ) ) ;
#357 = FACE_OUTER_BOUND ( 'NONE', #2199, .T. ) ;
#358 = CARTESIAN_POINT ( 'NONE',  ( -4.000000000000000000, 3.299999999999999822, 1.600000000000000089 ) ) ;
#359 = VECTOR ( 'NONE', #1285, 1000.000000000000000 ) ;
#360 = B_SPLINE_CURVE_WITH_KNOTS ( 'NONE', 3,
 ( #844, #1286, #2524, #1274 ),
 .UNSPECIFIED., .F., .F.,
 ( 4, 4 ),
 ( 1.226634733346699542E-18, 0.0006385492624840953058 ),
 .UNSPECIFIED. ) ;
#361 = ORIENTED_EDGE ( 'NONE', *, *, #226, .F. ) ;
#362 = ORIENTED_EDGE ( 'NONE', *, *, #1900, .F. ) ;
#363 = CARTESIAN_POINT ( 'NONE',  ( 5.599999999999999645, 2.089756969310676560, 1.729716820064066463 ) ) ;
#364 = VECTOR ( 'NONE', #2074, 1000.000000000000000 ) ;
#365 = EDGE_CURVE ( 'NONE', #1370, #623, #213, .T. ) ;
#366 = LINE ( 'NONE', #154, #2359 ) ;
#367 = DIRECTION ( 'NONE',  ( -0.000000000000000000, 0.000000000000000000, 1.000000000000000000 ) ) ;
#368 = ORIENTED_EDGE ( 'NONE', *, *, #2113, .F. ) ;
#369 = DIRECTION ( 'NONE',  ( -0.000000000000000000, -0.000000000000000000, -1.000000000000000000 ) ) ;
#370 = FACE_OUTER_BOUND ( 'NONE', #2685, .T. ) ;
#371 = VERTEX_POINT ( 'NONE', #456 ) ;
#372 = CARTESIAN_POINT ( 'NONE',  ( 5.199999999999999289, -3.300000000000002487, 2.000000000000000000 ) ) ;
#373 = VECTOR ( 'NONE', #1038, 1000.000000000000000 ) ;
#374 = DIRECTION ( 'NONE',  ( 0.000000000000000000, -0.000000000000000000, 1.000000000000000000 ) ) ;
#375 = PLANE ( 'NONE',  #1123 ) ;
#376 = EDGE_CURVE ( 'NONE', #2136, #2261, #2558, .T. ) ;
#377 = EDGE_CURVE ( 'NONE', #38, #1489, #35, .T. ) ;
#378 = EDGE_CURVE ( 'NONE', #1946, #1245, #2140, .T. ) ;
#379 = EDGE_LOOP ( 'NONE', ( #796, #545, #870, #1128 ) ) ;
#380 = EDGE_LOOP ( 'NONE', ( #2481, #2707, #458, #151 ) ) ;
#381 = DIRECTION ( 'NONE',  ( 0.000000000000000000, 0.000000000000000000, 1.000000000000000000 ) ) ;
#382 = VECTOR ( 'NONE', #2629, 1000.000000000000000 ) ;
#383 = CARTESIAN_POINT ( 'NONE',  ( -4.299999999999999822, 2.481934729198169709, 1.600000000000000089 ) ) ;
#384 = PLANE ( 'NONE',  #2634 ) ;
#385 = ORIENTED_EDGE ( 'NONE', *, *, #1232, .T. ) ;
#386 = CARTESIAN_POINT ( 'NONE',  ( -4.300000000000000711, -2.481934729198170153, 1.600000000000000089 ) ) ;
#387 = DIRECTION ( 'NONE',  ( 0.000000000000000000, -1.000000000000000000, 0.000000000000000000 ) ) ;
#388 = CIRCLE ( 'NONE', #940, 2.499999999999995115 ) ;
#389 = ORIENTED_EDGE ( 'NONE', *, *, #1584, .T. ) ;
#390 = DIRECTION ( 'NONE',  ( 0.000000000000000000, 0.000000000000000000, 1.000000000000000000 ) ) ;
#391 = VECTOR ( 'NONE', #2575, 1000.000000000000000 ) ;
#392 = DIRECTION ( 'NONE',  ( -1.000000000000000000, 1.084202172485504434E-16, -0.000000000000000000 ) ) ;
#393 = ORIENTED_EDGE ( 'NONE', *, *, #1633, .T. ) ;
#394 = ORIENTED_EDGE ( 'NONE', *, *, #2321, .F. ) ;
#395 = LINE ( 'NONE', #170, #95 ) ;
#396 = AXIS2_PLACEMENT_3D ( 'NONE', #1428, #158, #2450 ) ;
#397 = AXIS2_PLACEMENT_3D ( 'NONE', #1852, #149, #601 ) ;
#398 = PLANE ( 'NONE',  #2405 ) ;
#399 = VECTOR ( 'NONE', #1638, 1000.000000000000000 ) ;
#400 = DIRECTION ( 'NONE',  ( -1.000000000000000000, 0.000000000000000000, 0.000000000000000000 ) ) ;
#401 = ORIENTED_EDGE ( 'NONE', *, *, #606, .T. ) ;
#402 = DIRECTION ( 'NONE',  ( 1.000000000000000000, -1.084202172485504434E-16, -0.000000000000000000 ) ) ;
#403 = ORIENTED_EDGE ( 'NONE', *, *, #2309, .T. ) ;
#404 = CYLINDRICAL_SURFACE ( 'NONE', #2622, 0.3999999999999999667 ) ;
#405 = CARTESIAN_POINT ( 'NONE',  ( -4.000000000000000000, 3.299999999999999822, 0.3999999999999999667 ) ) ;
#406 = DIRECTION ( 'NONE',  ( 1.275531967630005245E-16, 1.000000000000000000, -0.000000000000000000 ) ) ;
#407 = CIRCLE ( 'NONE', #134, 2.899999999999999467 ) ;
#408 = CIRCLE ( 'NONE', #1255, 0.3999999999999999667 ) ;
#409 = ORIENTED_EDGE ( 'NONE', *, *, #931, .T. ) ;
#410 = CARTESIAN_POINT ( 'NONE',  ( -4.000000000000000000, 3.299999999999999822, 0.3999999999999999667 ) ) ;
#411 = CYLINDRICAL_SURFACE ( 'NONE', #249, 3.299999999999998934 ) ;
#412 = EDGE_CURVE ( 'NONE', #1789, #2261, #865, .T. ) ;
#413 = CARTESIAN_POINT ( 'NONE',  ( -0.8499999999999999778, 0.8499999999999998668, 4.404163056034261281 ) ) ;
#414 = ORIENTED_EDGE ( 'NONE', *, *, #1056, .F. ) ;
#415 = EDGE_CURVE ( 'NONE', #1021, #2504, #2638, .T. ) ;
#416 = DIRECTION ( 'NONE',  ( 1.084202172485504434E-16, 1.000000000000000000, 0.000000000000000000 ) ) ;
#417 = DIRECTION ( 'NONE',  ( -0.000000000000000000, 0.000000000000000000, 1.000000000000000000 ) ) ;
#418 = CARTESIAN_POINT ( 'NONE',  ( -6.099999999999999645, 2.000000000000000000, 2.000000000000000000 ) ) ;
#419 = CARTESIAN_POINT ( 'NONE',  ( -3.000000000000000000, -2.899999999999999023, 2.000000000000000000 ) ) ;
#420 = CARTESIAN_POINT ( 'NONE',  ( 4.000000000000000000, 0.000000000000000000, 2.000000000000000000 ) ) ;
#421 = DIRECTION ( 'NONE',  ( 0.000000000000000000, 0.000000000000000000, 1.000000000000000000 ) ) ;
#422 = ORIENTED_EDGE ( 'NONE', *, *, #255, .F. ) ;
#423 = DIRECTION ( 'NONE',  ( 1.000000000000000000, -1.084202172485504434E-16, 0.000000000000000000 ) ) ;
#424 = PLANE ( 'NONE',  #466 ) ;
#425 = DIRECTION ( 'NONE',  ( 1.084202172485504311E-16, 1.000000000000000000, -0.000000000000000000 ) ) ;
#426 = CARTESIAN_POINT ( 'NONE',  ( 4.000000000000000000, 3.299999999999998934, 1.600000000000000089 ) ) ;
#427 = EDGE_CURVE ( 'NONE', #1545, #549, #2590, .T. ) ;
#428 = DIRECTION ( 'NONE',  ( 1.000000000000000000, -0.000000000000000000, 0.000000000000000000 ) ) ;
#429 = VERTEX_POINT ( 'NONE', #2139 ) ;
#430 = EDGE_CURVE ( 'NONE', #995, #1650, #2066, .T. ) ;
#431 = CARTESIAN_POINT ( 'NONE',  ( -4.000000000000000000, 0.000000000000000000, 2.000000000000000000 ) ) ;
#432 = AXIS2_PLACEMENT_3D ( 'NONE', #757, #992, #744 ) ;
#433 = CARTESIAN_POINT ( 'NONE',  ( -4.000000000000000000, -3.299999999999998934, 0.3999999999999999667 ) ) ;
#434 = EDGE_LOOP ( 'NONE', ( #2557, #915, #503, #2473 ) ) ;
#435 = CARTESIAN_POINT ( 'NONE',  ( 3.799999999999999822, -2.499999999999996003, 1.600000000000000089 ) ) ;
#436 = CARTESIAN_POINT ( 'NONE',  ( -5.599999999999999645, 1.920937271229848697, 1.600000000000000089 ) ) ;
#437 = CARTESIAN_POINT ( 'NONE',  ( 3.000000000000000000, -3.299999999999998934, 1.600000000000000089 ) ) ;
#438 = DIRECTION ( 'NONE',  ( -0.000000000000000000, 0.000000000000000000, 1.000000000000000000 ) ) ;
#439 = CARTESIAN_POINT ( 'NONE',  ( 5.199999999999999289, -2.343459700993632211, 1.731843348529118920 ) ) ;
#440 = VERTEX_POINT ( 'NONE', #1310 ) ;
#441 = CARTESIAN_POINT ( 'NONE',  ( 5.199999999999999289, -3.300000000000002487, 1.600000000000000089 ) ) ;
#442 = ADVANCED_FACE ( 'NONE', ( #269 ), #1280, .T. ) ;
#443 = CARTESIAN_POINT ( 'NONE',  ( 4.000000000000000000, 0.000000000000000000, 1.599999999999999867 ) ) ;
#444 = VERTEX_POINT ( 'NONE', #2334 ) ;
#445 = LINE ( 'NONE', #2093, #622 ) ;
#446 = LINE ( 'NONE', #2549, #251 ) ;
#447 = CARTESIAN_POINT ( 'NONE',  ( -4.000000000000000000, 2.899999999999999911, 2.000000000000000000 ) ) ;
#448 = CARTESIAN_POINT ( 'NONE',  ( 4.299999999999999822, 2.481934729198170597, 1.600000000000000089 ) ) ;
#449 = VECTOR ( 'NONE', #1717, 1000.000000000000000 ) ;
#450 = LINE ( 'NONE', #1901, #2436 ) ;
#451 = EDGE_CURVE ( 'NONE', #2253, #945, #1922, .T. ) ;
#452 = ORIENTED_EDGE ( 'NONE', *, *, #1282, .T. ) ;
#453 = EDGE_CURVE ( 'NONE', #1750, #306, #408, .T. ) ;
#454 = EDGE_CURVE ( 'NONE', #1168, #2672, #1269, .T. ) ;
#455 = PRODUCT_DEFINITION ( 'æœ', '', #2442, #1044 ) ;
#456 = CARTESIAN_POINT ( 'NONE',  ( -1.550000000000000266, -1.850000000000000089, -1.300000000000000044 ) ) ;
#457 = DIRECTION ( 'NONE',  ( -0.000000000000000000, -0.000000000000000000, -1.000000000000000000 ) ) ;
#458 = ORIENTED_EDGE ( 'NONE', *, *, #1549, .F. ) ;
#459 = PLANE ( 'NONE',  #659 ) ;
#460 = CARTESIAN_POINT ( 'NONE',  ( 6.099999999999999645, 1.999999999999999112, 2.000000000000000000 ) ) ;
#461 = DIRECTION ( 'NONE',  ( -1.084202172485504434E-16, -1.000000000000000000, 0.000000000000000000 ) ) ;
#462 = AXIS2_PLACEMENT_3D ( 'NONE', #1781, #339, #1577 ) ;
#463 = CARTESIAN_POINT ( 'NONE',  ( 5.599999999999998757, -3.300000000000002487, 1.600000000000000089 ) ) ;
#464 = CARTESIAN_POINT ( 'NONE',  ( -4.000000000000000000, 0.000000000000000000, 0.000000000000000000 ) ) ;
#465 = DIRECTION ( 'NONE',  ( -0.000000000000000000, 0.000000000000000000, -1.000000000000000000 ) ) ;
#466 = AXIS2_PLACEMENT_3D ( 'NONE', #1913, #2129, #55 ) ;
#467 = ORIENTED_EDGE ( 'NONE', *, *, #161, .T. ) ;
#468 = CARTESIAN_POINT ( 'NONE',  ( -4.000000000000000000, 0.000000000000000000, 0.3999999999999999667 ) ) ;
#469 = CARTESIAN_POINT ( 'NONE',  ( 4.000000000000000000, 0.000000000000000000, 1.599999999999999867 ) ) ;
#470 = EDGE_LOOP ( 'NONE', ( #1139, #802, #1330, #1755 ) ) ;
#471 = DIRECTION ( 'NONE',  ( 0.000000000000000000, -0.000000000000000000, 1.000000000000000000 ) ) ;
#472 = CARTESIAN_POINT ( 'NONE',  ( 5.599999999999998757, 2.418677324489564295, 2.000000000000000000 ) ) ;
#473 = CARTESIAN_POINT ( 'NONE',  ( -2.499999999999993783, 3.299999999999999822, 1.499999999999999556 ) ) ;
#474 = CARTESIAN_POINT ( 'NONE',  ( -4.300000000000000711, -2.481934729198170153, 1.600000000000000089 ) ) ;
#475 = AXIS2_PLACEMENT_3D ( 'NONE', #2012, #2664, #2056 ) ;
#476 = VECTOR ( 'NONE', #580, 1000.000000000000000 ) ;
#477 = EDGE_CURVE ( 'NONE', #1055, #945, #2519, .T. ) ;
#478 = CARTESIAN_POINT ( 'NONE',  ( -4.000000000000000000, 0.000000000000000000, 1.599999999999999867 ) ) ;
#479 = ORIENTED_EDGE ( 'NONE', *, *, #2082, .F. ) ;
#480 = AXIS2_PLACEMENT_3D ( 'NONE', #147, #15, #628 ) ;
#481 = PLANE ( 'NONE',  #1667 ) ;
#482 = ORIENTED_EDGE ( 'NONE', *, *, #998, .F. ) ;
#483 = AXIS2_PLACEMENT_3D ( 'NONE', #1495, #2326, #416 ) ;
#484 = VERTEX_POINT ( 'NONE', #1893 ) ;
#485 = FACE_OUTER_BOUND ( 'NONE', #2011, .T. ) ;
#486 = ORIENTED_EDGE ( 'NONE', *, *, #415, .F. ) ;
#487 = EDGE_CURVE ( 'NONE', #561, #1149, #1695, .T. ) ;
#488 = PLANE ( 'NONE',  #1329 ) ;
#489 = CARTESIAN_POINT ( 'NONE',  ( -4.300000000000000711, -2.616170551960047774, 1.733265820166076665 ) ) ;
#490 = ORIENTED_EDGE ( 'NONE', *, *, #656, .F. ) ;
#491 = AXIS2_PLACEMENT_3D ( 'NONE', #2238, #1951, #1939 ) ;
#492 = EDGE_CURVE ( 'NONE', #729, #2077, #1492, .T. ) ;
#493 = AXIS2_PLACEMENT_3D ( 'NONE', #2531, #2521, #1249 ) ;
#494 = CARTESIAN_POINT ( 'NONE',  ( 4.299999999999998934, -2.884441020371190767, 2.000000000000000000 ) ) ;
#495 = EDGE_LOOP ( 'NONE', ( #1402, #2102, #1126, #1668 ) ) ;
#496 = FACE_OUTER_BOUND ( 'NONE', #221, .T. ) ;
#497 = ORIENTED_EDGE ( 'NONE', *, *, #1624, .T. ) ;
#498 = ORIENTED_EDGE ( 'NONE', *, *, #2053, .F. ) ;
#499 = DIRECTION ( 'NONE',  ( -1.000000000000000000, 0.000000000000000000, 0.000000000000000000 ) ) ;
#500 = ORIENTED_EDGE ( 'NONE', *, *, #1379, .F. ) ;
#501 = CARTESIAN_POINT ( 'NONE',  ( 5.200000000000000178, -2.640075756488815983, 2.000000000000000000 ) ) ;
#502 = CARTESIAN_POINT ( 'NONE',  ( 3.799999999999999822, -2.499999999999996003, 1.600000000000000089 ) ) ;
#503 = ORIENTED_EDGE ( 'NONE', *, *, #1722, .T. ) ;
#504 = EDGE_CURVE ( 'NONE', #945, #1976, #69, .T. ) ;
#505 = CONICAL_SURFACE ( 'NONE', #722, 2.499999999999998668, 0.7853981633974547183 ) ;
#506 = CIRCLE ( 'NONE', #862, 2.499999999999992006 ) ;
#507 = ADVANCED_FACE ( 'NONE', ( #1748 ), #547, .F. ) ;
#508 = CARTESIAN_POINT ( 'NONE',  ( 5.200000000000000178, 2.193171219946126183, 1.600000000000000089 ) ) ;
#509 = ORIENTED_EDGE ( 'NONE', *, *, #1800, .F. ) ;
#510 = ORIENTED_EDGE ( 'NONE', *, *, #338, .T. ) ;
#511 = PLANE ( 'NONE',  #1003 ) ;
#512 = DIRECTION ( 'NONE',  ( -0.000000000000000000, -0.000000000000000000, -1.000000000000000000 ) ) ;
#513 =( NAMED_UNIT ( * ) PLANE_ANGLE_UNIT ( ) SI_UNIT ( $, .RADIAN. ) );
#514 = VERTEX_POINT ( 'NONE', #2375 ) ;
#515 = DIRECTION ( 'NONE',  ( -1.000000000000000000, 0.000000000000000000, 0.000000000000000000 ) ) ;
#516 = CARTESIAN_POINT ( 'NONE',  ( -4.700000000000001066, -3.300000000000001599, 1.600000000000000089 ) ) ;
#517 = ORIENTED_EDGE ( 'NONE', *, *, #1470, .T. ) ;
#518 = ORIENTED_EDGE ( 'NONE', *, *, #1182, .T. ) ;
#519 = AXIS2_PLACEMENT_3D ( 'NONE', #1918, #1974, #1380 ) ;
#520 = CIRCLE ( 'NONE', #2358, 3.299999999999998934 ) ;
#521 = VECTOR ( 'NONE', #1408, 1000.000000000000000 ) ;
#522 = ADVANCED_FACE ( 'NONE', ( #913 ), #304, .T. ) ;
#523 = ADVANCED_FACE ( 'NONE', ( #710 ), #812, .F. ) ;
#524 = ORIENTED_EDGE ( 'NONE', *, *, #2540, .F. ) ;
#525 = ORIENTED_EDGE ( 'NONE', *, *, #606, .F. ) ;
#526 = CYLINDRICAL_SURFACE ( 'NONE', #2472, 0.4000000000000001887 ) ;
#527 = CARTESIAN_POINT ( 'NONE',  ( -4.300000000000000711, -3.300000000000001599, 2.000000000000000000 ) ) ;
#528 = ORIENTED_EDGE ( 'NONE', *, *, #1012, .F. ) ;
#529 = CARTESIAN_POINT ( 'NONE',  ( -2.499999999999994671, -3.300000000000000711, 1.499999999999999556 ) ) ;
#530 = DIRECTION ( 'NONE',  ( 0.000000000000000000, 0.000000000000000000, 1.000000000000000000 ) ) ;
#531 = CIRCLE ( 'NONE', #2507, 2.499999999999995115 ) ;
#532 = EDGE_LOOP ( 'NONE', ( #1200, #73, #1162, #101 ) ) ;
#533 = ORIENTED_EDGE ( 'NONE', *, *, #1582, .F. ) ;
#534 = AXIS2_PLACEMENT_3D ( 'NONE', #2564, #1393, #976 ) ;
#535 = EDGE_CURVE ( 'NONE', #75, #1650, #280, .T. ) ;
#536 = EDGE_CURVE ( 'NONE', #1300, #1861, #94, .T. ) ;
#537 = EDGE_LOOP ( 'NONE', ( #2439, #2690, #944, #109 ) ) ;
#538 = ORIENTED_EDGE ( 'NONE', *, *, #654, .T. ) ;
#539 = DIRECTION ( 'NONE',  ( -1.000000000000000000, 1.084202172485504434E-16, -0.000000000000000000 ) ) ;
#540 = CARTESIAN_POINT ( 'NONE',  ( -4.000000000000000000, 0.000000000000000000, 2.000000000000000000 ) ) ;
#541 = ORIENTED_EDGE ( 'NONE', *, *, #684, .F. ) ;
#542 = CARTESIAN_POINT ( 'NONE',  ( 5.599999999999998757, -2.255190302127858093, 1.863647464194810199 ) ) ;
#543 = DIRECTION ( 'NONE',  ( 1.000000000000000000, 0.000000000000000000, -0.000000000000000000 ) ) ;
#544 = ORIENTED_EDGE ( 'NONE', *, *, #2290, .T. ) ;
#545 = ORIENTED_EDGE ( 'NONE', *, *, #535, .T. ) ;
#546 = DIRECTION ( 'NONE',  ( 1.000000000000000000, -7.228014483236687681E-16, -0.000000000000000000 ) ) ;
#547 = CONICAL_SURFACE ( 'NONE', #1292, 2.499999999999998668, 0.7853981633974531640 ) ;
#548 = ORIENTED_EDGE ( 'NONE', *, *, #1569, .T. ) ;
#549 = VERTEX_POINT ( 'NONE', #494 ) ;
#550 = CARTESIAN_POINT ( 'NONE',  ( 5.599999999999998757, 2.255190302127783930, 1.863647464194911674 ) ) ;
#551 = DIRECTION ( 'NONE',  ( 1.084202172485504311E-16, 1.000000000000000000, -0.000000000000000000 ) ) ;
#552 = CIRCLE ( 'NONE', #1390, 2.899999999999999023 ) ;
#553 = LINE ( 'NONE', #758, #1792 ) ;
#554 = ORIENTED_EDGE ( 'NONE', *, *, #1943, .F. ) ;
#555 = LINE ( 'NONE', #1618, #1164 ) ;
#556 = EDGE_LOOP ( 'NONE', ( #525, #1762, #2035, #1268 ) ) ;
#557 = EDGE_LOOP ( 'NONE', ( #1130, #1364, #2172, #928, #2666, #300, #318, #1932, #595, #241, #1444, #2701, #712, #2227, #636 ) ) ;
#558 = CARTESIAN_POINT ( 'NONE',  ( 3.000000000000000000, -2.899999999999999023, 1.999999999999998668 ) ) ;
#559 = LINE ( 'NONE', #1350, #2350 ) ;
#560 = EDGE_CURVE ( 'NONE', #2142, #34, #1555, .T. ) ;
#561 = VERTEX_POINT ( 'NONE', #2593 ) ;
#562 = ORIENTED_EDGE ( 'NONE', *, *, #1753, .T. ) ;
#563 = DIRECTION ( 'NONE',  ( -0.000000000000000000, -0.000000000000000000, -1.000000000000000000 ) ) ;
#564 = DIRECTION ( 'NONE',  ( 1.000000000000000000, 0.000000000000000000, 0.000000000000000000 ) ) ;
#565 = LINE ( 'NONE', #156, #2194 ) ;
#566 = ORIENTED_EDGE ( 'NONE', *, *, #2591, .T. ) ;
#567 = CARTESIAN_POINT ( 'NONE',  ( 5.500000000000000000, -1.450000000000000178, -2.000000000000000000 ) ) ;
#568 = DIRECTION ( 'NONE',  ( 0.000000000000000000, 0.000000000000000000, 1.000000000000000000 ) ) ;
#569 = ORIENTED_EDGE ( 'NONE', *, *, #1437, .T. ) ;
#570 = EDGE_LOOP ( 'NONE', ( #576, #1892, #743, #2381, #725, #2388 ) ) ;
#571 = DIRECTION ( 'NONE',  ( 0.000000000000000000, 0.000000000000000000, 1.000000000000000000 ) ) ;
#572 = ADVANCED_FACE ( 'NONE', ( #696 ), #1541, .F. ) ;
#573 = CARTESIAN_POINT ( 'NONE',  ( -4.000000000000000000, -2.899999999999999023, 1.600000000000000089 ) ) ;
#574 = AXIS2_PLACEMENT_3D ( 'NONE', #468, #50, #839 ) ;
#575 = ADVANCED_FACE ( 'NONE', ( #1760 ), #1125, .T. ) ;
#576 = ORIENTED_EDGE ( 'NONE', *, *, #1772, .F. ) ;
#577 = ORIENTED_EDGE ( 'NONE', *, *, #1349, .T. ) ;
#578 = CARTESIAN_POINT ( 'NONE',  ( 6.099999999999998757, -3.300000000000002931, 2.000000000000000000 ) ) ;
#579 = VECTOR ( 'NONE', #78, 1000.000000000000000 ) ;
#580 = DIRECTION ( 'NONE',  ( 1.084202172485504311E-16, 1.000000000000000000, -0.000000000000000000 ) ) ;
#581 = CARTESIAN_POINT ( 'NONE',  ( 1.550000000000000266, -1.850000000000000089, -1.300000000000000044 ) ) ;
#582 = ORIENTED_EDGE ( 'NONE', *, *, #1216, .T. ) ;
#583 = CARTESIAN_POINT ( 'NONE',  ( 0.8499999999999999778, 0.8499999999999998668, -2.000000000000000000 ) ) ;
#584 = DIRECTION ( 'NONE',  ( 0.000000000000000000, 0.000000000000000000, -1.000000000000000000 ) ) ;
#585 = EDGE_LOOP ( 'NONE', ( #2293, #2268, #1936, #2415 ) ) ;
#586 = LINE ( 'NONE', #2692, #867 ) ;
#587 = CARTESIAN_POINT ( 'NONE',  ( -4.000000000000000000, 2.899999999999999911, 1.600000000000000089 ) ) ;
#588 = ADVANCED_FACE ( 'NONE', ( #948 ), #890, .F. ) ;
#589 = ORIENTED_EDGE ( 'NONE', *, *, #825, .F. ) ;
#590 = ORIENTED_EDGE ( 'NONE', *, *, #254, .T. ) ;
#591 = CARTESIAN_POINT ( 'NONE',  ( -5.600000000000000533, -1.920937271229848919, 1.600000000000000089 ) ) ;
#592 = CIRCLE ( 'NONE', #2122, 0.3999999999999999667 ) ;
#593 = CARTESIAN_POINT ( 'NONE',  ( -1.549999999999999378, 1.850000000000000089, -1.300000000000000044 ) ) ;
#594 = CARTESIAN_POINT ( 'NONE',  ( 7.299999999999998934, 0.000000000000000000, 0.3999999999999999667 ) ) ;
#595 = ORIENTED_EDGE ( 'NONE', *, *, #2071, .F. ) ;
#596 = CARTESIAN_POINT ( 'NONE',  ( 2.499999999999994671, 3.299999999999998934, 1.499999999999998890 ) ) ;
#597 = VECTOR ( 'NONE', #1705, 1000.000000000000000 ) ;
#598 = DIRECTION ( 'NONE',  ( 1.084202172485504311E-16, 1.000000000000000000, -0.000000000000000000 ) ) ;
#599 = AXIS2_PLACEMENT_3D ( 'NONE', #2068, #1022, #2051 ) ;
#600 = ORIENTED_EDGE ( 'NONE', *, *, #1823, .F. ) ;
#601 = DIRECTION ( 'NONE',  ( 1.000000000000000000, 0.000000000000000000, 0.000000000000000000 ) ) ;
#602 = AXIS2_PLACEMENT_3D ( 'NONE', #1590, #2188, #2004 ) ;
#603 = LINE ( 'NONE', #2282, #2584 ) ;
#604 = LINE ( 'NONE', #782, #334 ) ;
#605 = AXIS2_PLACEMENT_3D ( 'NONE', #1241, #2703, #1596 ) ;
#606 = EDGE_CURVE ( 'NONE', #1784, #2045, #716, .T. ) ;
#607 = EDGE_LOOP ( 'NONE', ( #1068, #1770, #1739, #2366, #569 ) ) ;
#608 = EDGE_CURVE ( 'NONE', #658, #2223, #2433, .T. ) ;
#609 = EDGE_CURVE ( 'NONE', #1952, #2160, #2607, .T. ) ;
#610 = VECTOR ( 'NONE', #2134, 1000.000000000000000 ) ;
#611 = VECTOR ( 'NONE', #425, 1000.000000000000000 ) ;
#612 = AXIS2_PLACEMENT_3D ( 'NONE', #1032, #767, #2234 ) ;
#613 = CARTESIAN_POINT ( 'NONE',  ( 4.000000000000000000, 0.000000000000000000, 1.600000000000000089 ) ) ;
#614 = CARTESIAN_POINT ( 'NONE',  ( -5.600000000000000533, 2.418677324489563407, 2.000000000000000000 ) ) ;
#615 = CARTESIAN_POINT ( 'NONE',  ( -2.999999999999999112, 2.899999999999999911, 1.999999999999999556 ) ) ;
#616 = VERTEX_POINT ( 'NONE', #1930 ) ;
#617 = DIRECTION ( 'NONE',  ( 0.000000000000000000, 0.000000000000000000, 1.000000000000000000 ) ) ;
#618 = DIRECTION ( 'NONE',  ( 0.000000000000000000, 0.000000000000000000, 1.000000000000000000 ) ) ;
#619 = DIRECTION ( 'NONE',  ( -1.000000000000000000, 8.881784197001253901E-15, 0.000000000000000000 ) ) ;
#620 = DIRECTION ( 'NONE',  ( -1.275531967630005245E-16, -1.000000000000000000, 0.000000000000000000 ) ) ;
#621 = CIRCLE ( 'NONE', #2371, 2.899999999999999467 ) ;
#622 = VECTOR ( 'NONE', #2294, 1000.000000000000000 ) ;
#623 = VERTEX_POINT ( 'NONE', #266 ) ;
#624 = ADVANCED_FACE ( 'NONE', ( #2627 ), #100, .T. ) ;
#625 = DIRECTION ( 'NONE',  ( -7.666467083416913831E-17, -0.7071067811865515695, 0.7071067811865435759 ) ) ;
#626 = LINE ( 'NONE', #413, #373 ) ;
#627 = ORIENTED_EDGE ( 'NONE', *, *, #376, .T. ) ;
#628 = DIRECTION ( 'NONE',  ( 1.000000000000000000, 0.000000000000000000, 0.000000000000000000 ) ) ;
#629 = LINE ( 'NONE', #260, #159 ) ;
#630 = LINE ( 'NONE', #1475, #611 ) ;
#631 = CARTESIAN_POINT ( 'NONE',  ( -6.099999999999999645, 1.356465996625039194, 1.600000000000000089 ) ) ;
#632 = DIRECTION ( 'NONE',  ( 1.084202172485504434E-16, 1.000000000000000000, 0.000000000000000000 ) ) ;
#633 = TOROIDAL_SURFACE ( 'NONE', #672, 2.899999999999999467, 0.4000000000000000222 ) ;
#634 = CARTESIAN_POINT ( 'NONE',  ( 4.299999999999998934, 2.884441020371190767, 2.000000000000000000 ) ) ;
#635 = CARTESIAN_POINT ( 'NONE',  ( -5.600000000000000533, -3.300000000000001599, 2.000000000000000000 ) ) ;
#636 = ORIENTED_EDGE ( 'NONE', *, *, #36, .F. ) ;
#637 = LINE ( 'NONE', #2523, #1015 ) ;
#638 = LINE ( 'NONE', #2094, #1998 ) ;
#639 = CARTESIAN_POINT ( 'NONE',  ( 3.400000000000000799, 3.299999999999998934, 1.599999999999999867 ) ) ;
#640 = AXIS2_PLACEMENT_3D ( 'NONE', #573, #2075, #1853 ) ;
#641 = DIRECTION ( 'NONE',  ( 0.000000000000000000, 0.000000000000000000, -1.000000000000000000 ) ) ;
#642 = FACE_OUTER_BOUND ( 'NONE', #2637, .T. ) ;
#643 = EDGE_CURVE ( 'NONE', #933, #1557, #1395, .T. ) ;
#644 = ORIENTED_EDGE ( 'NONE', *, *, #1706, .F. ) ;
#645 = DIRECTION ( 'NONE',  ( -1.000000000000000000, 1.084202172485504434E-16, 0.000000000000000000 ) ) ;
#646 = AXIS2_PLACEMENT_3D ( 'NONE', #165, #2649, #1403 ) ;
#647 = CONICAL_SURFACE ( 'NONE', #1959, 2.499999999999992006, 0.7853981633974526089 ) ;
#648 = LINE ( 'NONE', #1481, #279 ) ;
#649 = EDGE_LOOP ( 'NONE', ( #2410, #1017, #52, #2252, #1626, #1607, #1843, #2184, #129 ) ) ;
#650 = FACE_OUTER_BOUND ( 'NONE', #974, .T. ) ;
#651 = LINE ( 'NONE', #1302, #900 ) ;
#652 = LINE ( 'NONE', #447, #4 ) ;
#653 = DIRECTION ( 'NONE',  ( -1.000000000000000000, 0.000000000000000000, 0.000000000000000000 ) ) ;
#654 = EDGE_CURVE ( 'NONE', #1802, #444, #2052, .T. ) ;
#655 = DIRECTION ( 'NONE',  ( -1.000000000000000000, 0.000000000000000000, 0.000000000000000000 ) ) ;
#656 = EDGE_CURVE ( 'NONE', #784, #2364, #2226, .T. ) ;
#657 = EDGE_CURVE ( 'NONE', #953, #82, #2538, .T. ) ;
#658 = VERTEX_POINT ( 'NONE', #1097 ) ;
#659 = AXIS2_PLACEMENT_3D ( 'NONE', #1925, #54, #1729 ) ;
#660 = DIRECTION ( 'NONE',  ( -0.000000000000000000, 0.000000000000000000, -1.000000000000000000 ) ) ;
#661 = CARTESIAN_POINT ( 'NONE',  ( -4.000000000000000000, 0.000000000000000000, 1.599999999999999867 ) ) ;
#662 = EDGE_LOOP ( 'NONE', ( #2111, #2522, #70, #2378, #914, #1979, #1597, #1098, #2060, #675 ) ) ;
#663 = CARTESIAN_POINT ( 'NONE',  ( -5.200000000000000178, 2.492238777225657120, 1.865413508667169928 ) ) ;
#664 = FACE_OUTER_BOUND ( 'NONE', #1694, .T. ) ;
#665 = LINE ( 'NONE', #437, #2006 ) ;
#666 = PLANE ( 'NONE',  #972 ) ;
#667 = AXIS2_PLACEMENT_3D ( 'NONE', #1118, #770, #2015 ) ;
#668 = B_SPLINE_CURVE_WITH_KNOTS ( 'NONE', 3,
 ( #1265, #2342, #439, #1277 ),
 .UNSPECIFIED., .F., .F.,
 ( 4, 4 ),
 ( 1.226634733346699349E-18, 0.0005997696764445789499 ),
 .UNSPECIFIED. ) ;
#669 = CARTESIAN_POINT ( 'NONE',  ( 4.299999999999998934, -3.300000000000002487, 1.600000000000000089 ) ) ;
#670 = CARTESIAN_POINT ( 'NONE',  ( 4.700000000000000178, 2.399999999999999467, 1.600000000000000089 ) ) ;
#671 = ORIENTED_EDGE ( 'NONE', *, *, #256, .T. ) ;
#672 = AXIS2_PLACEMENT_3D ( 'NONE', #2021, #2465, #2009 ) ;
#673 = CARTESIAN_POINT ( 'NONE',  ( 1.950000000000000178, -1.850000000000000089, 0.000000000000000000 ) ) ;
#674 = DIRECTION ( 'NONE',  ( 0.000000000000000000, 1.000000000000000000, 0.000000000000000000 ) ) ;
#675 = ORIENTED_EDGE ( 'NONE', *, *, #2135, .T. ) ;
#676 = EDGE_CURVE ( 'NONE', #903, #1168, #308, .T. ) ;
#677 = ORIENTED_EDGE ( 'NONE', *, *, #102, .T. ) ;
#678 = DIRECTION ( 'NONE',  ( 1.000000000000000000, -1.084202172485504434E-16, 0.000000000000000000 ) ) ;
#679 = LINE ( 'NONE', #1106, #19 ) ;
#680 = LINE ( 'NONE', #2383, #2245 ) ;
#681 = CARTESIAN_POINT ( 'NONE',  ( 4.299999999999998934, -3.300000000000002487, 2.000000000000000000 ) ) ;
#682 = AXIS2_PLACEMENT_3D ( 'NONE', #2121, #1080, #620 ) ;
#683 = DIRECTION ( 'NONE',  ( -1.084202172485504434E-16, -1.000000000000000000, 0.000000000000000000 ) ) ;
#684 = EDGE_CURVE ( 'NONE', #1005, #2406, #735, .T. ) ;
#685 = ORIENTED_EDGE ( 'NONE', *, *, #317, .F. ) ;
#686 = LINE ( 'NONE', #713, #1228 ) ;
#687 = ORIENTED_EDGE ( 'NONE', *, *, #1740, .F. ) ;
#688 = VERTEX_POINT ( 'NONE', #962 ) ;
#689 = EDGE_CURVE ( 'NONE', #2077, #623, #553, .T. ) ;
#690 = CARTESIAN_POINT ( 'NONE',  ( 2.599999999999997424, 3.299999999999998934, 1.600000000000000089 ) ) ;
#691 = CARTESIAN_POINT ( 'NONE',  ( -5.099999999999998757, 1.449999999999999956, -1.300000000000000044 ) ) ;
#692 = DIRECTION ( 'NONE',  ( 0.000000000000000000, 0.000000000000000000, 1.000000000000000000 ) ) ;
#693 = ORIENTED_EDGE ( 'NONE', *, *, #1943, .T. ) ;
#694 = AXIS2_PLACEMENT_3D ( 'NONE', #1367, #2169, #1522 ) ;
#695 = EDGE_CURVE ( 'NONE', #2144, #903, #2003, .T. ) ;
#696 = FACE_OUTER_BOUND ( 'NONE', #1594, .T. ) ;
#697 = VERTEX_POINT ( 'NONE', #1721 ) ;
#698 = FACE_OUTER_BOUND ( 'NONE', #706, .T. ) ;
#699 = ORIENTED_EDGE ( 'NONE', *, *, #852, .T. ) ;
#700 = VECTOR ( 'NONE', #625, 1000.000000000000000 ) ;
#701 = ORIENTED_EDGE ( 'NONE', *, *, #1298, .T. ) ;
#702 = ORIENTED_EDGE ( 'NONE', *, *, #1740, .T. ) ;
#703 = EDGE_CURVE ( 'NONE', #75, #2247, #46, .T. ) ;
#704 = CARTESIAN_POINT ( 'NONE',  ( -1.950000000000000178, -1.449999999999999956, 0.000000000000000000 ) ) ;
#705 = DIRECTION ( 'NONE',  ( 1.000000000000000000, 0.000000000000000000, 0.000000000000000000 ) ) ;
#706 = EDGE_LOOP ( 'NONE', ( #1237, #2561, #1048, #362 ) ) ;
#707 = AXIS2_PLACEMENT_3D ( 'NONE', #691, #1745, #2356 ) ;
#708 = ADVANCED_FACE ( 'NONE', ( #2553 ), #866, .T. ) ;
#709 = AXIS2_PLACEMENT_3D ( 'NONE', #2126, #1023, #421 ) ;
#710 = FACE_OUTER_BOUND ( 'NONE', #2595, .T. ) ;
#711 = EDGE_LOOP ( 'NONE', ( #1284, #2189, #1824, #2174 ) ) ;
#712 = ORIENTED_EDGE ( 'NONE', *, *, #161, .F. ) ;
#713 = CARTESIAN_POINT ( 'NONE',  ( -5.099999999999998757, 1.850000000000000089, -1.300000000000000044 ) ) ;
#714 = CARTESIAN_POINT ( 'NONE',  ( 4.000000000000000000, 0.000000000000000000, 1.600000000000000089 ) ) ;
#715 = VERTEX_POINT ( 'NONE', #670 ) ;
#716 = CIRCLE ( 'NONE', #1515, 0.3999999999999999667 ) ;
#717 = CARTESIAN_POINT ( 'NONE',  ( -3.399999999999999467, 2.899999999999999023, 2.000000000000000000 ) ) ;
#718 = FACE_OUTER_BOUND ( 'NONE', #1835, .T. ) ;
#719 = ORIENTED_EDGE ( 'NONE', *, *, #2489, .T. ) ;
#720 = ORIENTED_EDGE ( 'NONE', *, *, #738, .F. ) ;
#721 = EDGE_CURVE ( 'NONE', #2045, #429, #886, .T. ) ;
#722 = AXIS2_PLACEMENT_3D ( 'NONE', #2327, #1063, #217 ) ;
#723 = EDGE_CURVE ( 'NONE', #2376, #1073, #2186, .T. ) ;
#724 = ORIENTED_EDGE ( 'NONE', *, *, #762, .F. ) ;
#725 = ORIENTED_EDGE ( 'NONE', *, *, #1909, .T. ) ;
#726 = DIRECTION ( 'NONE',  ( 0.000000000000000000, 0.000000000000000000, 1.000000000000000000 ) ) ;
#727 = AXIS2_PLACEMENT_3D ( 'NONE', #153, #1006, #1422 ) ;
#728 = CARTESIAN_POINT ( 'NONE',  ( 4.000000000000000000, 0.000000000000000000, 1.599999999999999867 ) ) ;
#729 = VERTEX_POINT ( 'NONE', #1385 ) ;
#730 = LINE ( 'NONE', #1411, #264 ) ;
#731 = DIRECTION ( 'NONE',  ( 1.000000000000000000, 0.000000000000000000, 0.000000000000000000 ) ) ;
#732 = VERTEX_POINT ( 'NONE', #386 ) ;
#733 = VERTEX_POINT ( 'NONE', #1174 ) ;
#734 = EDGE_CURVE ( 'NONE', #1580, #484, #748, .T. ) ;
#735 = CIRCLE ( 'NONE', #1227, 2.499999999999992006 ) ;
#736 = AXIS2_PLACEMENT_3D ( 'NONE', #1677, #41, #845 ) ;
#737 = EDGE_CURVE ( 'NONE', #277, #1415, #2615, .T. ) ;
#738 = EDGE_CURVE ( 'NONE', #933, #14, #753, .T. ) ;
#739 = VECTOR ( 'NONE', #1533, 1000.000000000000000 ) ;
#740 = EDGE_CURVE ( 'NONE', #2406, #1004, #936, .T. ) ;
#741 = EDGE_LOOP ( 'NONE', ( #2177, #2353, #600, #1942 ) ) ;
#742 = B_SPLINE_CURVE_WITH_KNOTS ( 'NONE', 3,
 ( #916, #2407, #2156, #2141 ),
 .UNSPECIFIED., .F., .F.,
 ( 4, 4 ),
 ( 0.000000000000000000, 0.0005758494696607114943 ),
 .UNSPECIFIED. ) ;
#743 = ORIENTED_EDGE ( 'NONE', *, *, #427, .T. ) ;
#744 = DIRECTION ( 'NONE',  ( 1.000000000000000000, 0.000000000000000000, 0.000000000000000000 ) ) ;
#745 = CARTESIAN_POINT ( 'NONE',  ( 4.000000000000000000, 0.000000000000000000, 1.600000000000000089 ) ) ;
#746 = ORIENTED_EDGE ( 'NONE', *, *, #1223, .T. ) ;
#747 = AXIS2_PLACEMENT_3D ( 'NONE', #164, #1013, #1839 ) ;
#748 = LINE ( 'NONE', #583, #2402 ) ;
#749 = CARTESIAN_POINT ( 'NONE',  ( -2.599999999999995648, 3.299999999999999822, 1.600000000000000311 ) ) ;
#750 = VECTOR ( 'NONE', #2117, 1000.000000000000000 ) ;
#751 = ORIENTED_EDGE ( 'NONE', *, *, #1266, .T. ) ;
#752 = ORIENTED_EDGE ( 'NONE', *, *, #1111, .F. ) ;
#753 = B_SPLINE_CURVE_WITH_KNOTS ( 'NONE', 3,
 ( #996, #1221, #542, #104 ),
 .UNSPECIFIED., .F., .F.,
 ( 4, 4 ),
 ( 0.000000000000000000, 0.0006385492624840966068 ),
 .UNSPECIFIED. ) ;
#754 = ORIENTED_EDGE ( 'NONE', *, *, #1753, .F. ) ;
#755 = ORIENTED_EDGE ( 'NONE', *, *, #2255, .F. ) ;
#756 = LINE ( 'NONE', #349, #233 ) ;
#757 = CARTESIAN_POINT ( 'NONE',  ( -4.000000000000000000, 0.000000000000000000, 2.000000000000000000 ) ) ;
#758 = CARTESIAN_POINT ( 'NONE',  ( 4.000000000000000888, 2.899999999999999023, 2.000000000000000000 ) ) ;
#759 = VERTEX_POINT ( 'NONE', #2020 ) ;
#760 = DIRECTION ( 'NONE',  ( 1.000000000000000000, -1.084202172485504434E-16, 0.000000000000000000 ) ) ;
#761 = DIRECTION ( 'NONE',  ( 0.000000000000000000, 0.000000000000000000, -1.000000000000000000 ) ) ;
#762 = EDGE_CURVE ( 'NONE', #2581, #933, #1574, .T. ) ;
#763 = ORIENTED_EDGE ( 'NONE', *, *, #1012, .T. ) ;
#764 = DIRECTION ( 'NONE',  ( 1.000000000000000000, 0.000000000000000000, 0.000000000000000000 ) ) ;
#765 = CARTESIAN_POINT ( 'NONE',  ( 1.550000000000000266, 1.450000000000000178, -2.000000000000000000 ) ) ;
#766 = VECTOR ( 'NONE', #62, 1000.000000000000000 ) ;
#767 = DIRECTION ( 'NONE',  ( -0.000000000000000000, -0.000000000000000000, -1.000000000000000000 ) ) ;
#768 = ORIENTED_EDGE ( 'NONE', *, *, #278, .F. ) ;
#769 = VERTEX_POINT ( 'NONE', #2435 ) ;
#770 = DIRECTION ( 'NONE',  ( -0.000000000000000000, 0.000000000000000000, 1.000000000000000000 ) ) ;
#771 = CIRCLE ( 'NONE', #210, 2.899999999999999467 ) ;
#772 = LINE ( 'NONE', #141, #1087 ) ;
#773 = EDGE_CURVE ( 'NONE', #1838, #1789, #730, .T. ) ;
#774 = FACE_OUTER_BOUND ( 'NONE', #2000, .T. ) ;
#775 = EDGE_LOOP ( 'NONE', ( #855, #168, #1598, #1747 ) ) ;
#776 = LINE ( 'NONE', #2423, #1296 ) ;
#777 = SURFACE_STYLE_FILL_AREA ( #2674 ) ;
#778 = EDGE_CURVE ( 'NONE', #2230, #1168, #353, .T. ) ;
#779 = ORIENTED_EDGE ( 'NONE', *, *, #412, .T. ) ;
#780 = EDGE_LOOP ( 'NONE', ( #627, #2044, #562, #1122, #2155, #64 ) ) ;
#781 = LINE ( 'NONE', #2280, #345 ) ;
#782 = CARTESIAN_POINT ( 'NONE',  ( -3.800000000000000711, -2.499999999999996447, 1.600000000000000089 ) ) ;
#783 = CIRCLE ( 'NONE', #1133, 2.899999999999999023 ) ;
#784 = VERTEX_POINT ( 'NONE', #1207 ) ;
#785 = EDGE_LOOP ( 'NONE', ( #1829, #1377, #122, #498 ) ) ;
#786 = CARTESIAN_POINT ( 'NONE',  ( 5.500000000000000000, 1.850000000000000089, -1.300000000000000044 ) ) ;
#787 = FACE_OUTER_BOUND ( 'NONE', #2389, .T. ) ;
#788 = ORIENTED_EDGE ( 'NONE', *, *, #44, .F. ) ;
#789 = DIRECTION ( 'NONE',  ( 0.000000000000000000, 0.000000000000000000, 1.000000000000000000 ) ) ;
#790 = DIRECTION ( 'NONE',  ( 1.000000000000000000, 0.000000000000000000, -0.000000000000000000 ) ) ;
#791 = ADVANCED_FACE ( 'NONE', ( #2228 ), #1836, .F. ) ;
#792 = ORIENTED_EDGE ( 'NONE', *, *, #1637, .F. ) ;
#793 = DIRECTION ( 'NONE',  ( -0.000000000000000000, -0.000000000000000000, -1.000000000000000000 ) ) ;
#794 = CARTESIAN_POINT ( 'NONE',  ( 6.499999999999999112, -3.300000000000002931, 1.600000000000000089 ) ) ;
#795 = EDGE_CURVE ( 'NONE', #1764, #1784, #2036, .T. ) ;
#796 = ORIENTED_EDGE ( 'NONE', *, *, #1488, .T. ) ;
#797 = VERTEX_POINT ( 'NONE', #1371 ) ;
#798 = DIRECTION ( 'NONE',  ( 7.666467083416913831E-17, 0.7071067811865515695, -0.7071067811865435759 ) ) ;
#799 = CONICAL_SURFACE ( 'NONE', #2076, 2.499999999999995115, 0.7853981633974547183 ) ;
#800 = CARTESIAN_POINT ( 'NONE',  ( -4.300000000000000711, 2.884441020371190767, 2.000000000000000000 ) ) ;
#801 = CARTESIAN_POINT ( 'NONE',  ( -2.599999999999996536, -3.300000000000000711, 1.600000000000000311 ) ) ;
#802 = ORIENTED_EDGE ( 'NONE', *, *, #2679, .T. ) ;
#803 = DIRECTION ( 'NONE',  ( -1.000000000000000000, 0.000000000000000000, 0.000000000000000000 ) ) ;
#804 = PLANE ( 'NONE',  #2161 ) ;
#805 = ORIENTED_EDGE ( 'NONE', *, *, #1832, .F. ) ;
#806 = AXIS2_PLACEMENT_3D ( 'NONE', #443, #2495, #818 ) ;
#807 = PLANE ( 'NONE',  #475 ) ;
#808 = EDGE_CURVE ( 'NONE', #2418, #2510, #941, .T. ) ;
#809 = PLANE ( 'NONE',  #899 ) ;
#810 = EDGE_CURVE ( 'NONE', #1229, #277, #1433, .T. ) ;
#811 = EDGE_CURVE ( 'NONE', #38, #1401, #592, .T. ) ;
#812 = CONICAL_SURFACE ( 'NONE', #2302, 2.499999999999998668, 0.7853981633974531640 ) ;
#813 = VERTEX_POINT ( 'NONE', #144 ) ;
#814 = CARTESIAN_POINT ( 'NONE',  ( 4.699999999999999289, 2.814249455894056950, 2.000000000000000000 ) ) ;
#815 = DIRECTION ( 'NONE',  ( -0.000000000000000000, -0.000000000000000000, -1.000000000000000000 ) ) ;
#816 = CARTESIAN_POINT ( 'NONE',  ( -4.299999999999999822, 2.481934729198169709, 1.600000000000000089 ) ) ;
#817 = VECTOR ( 'NONE', #1827, 1000.000000000000000 ) ;
#818 = DIRECTION ( 'NONE',  ( 1.000000000000000000, 0.000000000000000000, 0.000000000000000000 ) ) ;
#819 = ORIENTED_EDGE ( 'NONE', *, *, #2087, .T. ) ;
#820 = CARTESIAN_POINT ( 'NONE',  ( -4.000000000000000000, 0.000000000000000000, 0.000000000000000000 ) ) ;
#821 = DIRECTION ( 'NONE',  ( 1.000000000000000000, 0.000000000000000000, 0.000000000000000000 ) ) ;
#822 = LINE ( 'NONE', #836, #2555 ) ;
#823 = FACE_OUTER_BOUND ( 'NONE', #2313, .T. ) ;
#824 = EDGE_CURVE ( 'NONE', #1991, #2144, #965, .T. ) ;
#825 = EDGE_CURVE ( 'NONE', #306, #1802, #776, .T. ) ;
#826 = ADVANCED_FACE ( 'NONE', ( #981 ), #2644, .T. ) ;
#827 = ORIENTED_EDGE ( 'NONE', *, *, #824, .F. ) ;
#828 = VECTOR ( 'NONE', #2130, 1000.000000000000000 ) ;
#829 = CIRCLE ( 'NONE', #1881, 0.4000000000000001887 ) ;
#830 = CARTESIAN_POINT ( 'NONE',  ( -5.200000000000000178, -2.640075756488816427, 2.000000000000000000 ) ) ;
#831 = DIRECTION ( 'NONE',  ( 1.000000000000000000, -0.000000000000000000, -0.000000000000000000 ) ) ;
#832 = DIRECTION ( 'NONE',  ( 1.084202172485504311E-16, 1.000000000000000000, -0.000000000000000000 ) ) ;
#833 = ORIENTED_EDGE ( 'NONE', *, *, #2255, .T. ) ;
#834 = CARTESIAN_POINT ( 'NONE',  ( 4.000000000000000000, 0.000000000000000000, 2.000000000000000000 ) ) ;
#835 = DIRECTION ( 'NONE',  ( 1.000000000000000000, 0.000000000000000000, 0.000000000000000000 ) ) ;
#836 = CARTESIAN_POINT ( 'NONE',  ( -1.949999999999999734, 1.850000000000000089, 0.000000000000000000 ) ) ;
#837 = CARTESIAN_POINT ( 'NONE',  ( -5.200000000000000178, 2.193171219946125294, 1.600000000000000089 ) ) ;
#838 = AXIS2_PLACEMENT_3D ( 'NONE', #2314, #1714, #1700 ) ;
#839 = DIRECTION ( 'NONE',  ( 1.000000000000000000, 0.000000000000000000, 0.000000000000000000 ) ) ;
#840 = VECTOR ( 'NONE', #2148, 1000.000000000000000 ) ;
#841 = DIRECTION ( 'NONE',  ( -1.000000000000000000, 1.084202172485504434E-16, 0.000000000000000000 ) ) ;
#842 = ORIENTED_EDGE ( 'NONE', *, *, #1111, .T. ) ;
#843 = DIRECTION ( 'NONE',  ( 1.000000000000000000, 0.000000000000000000, 0.000000000000000000 ) ) ;
#844 = CARTESIAN_POINT ( 'NONE',  ( -5.600000000000000533, -2.418677324489563407, 2.000000000000000000 ) ) ;
#845 = DIRECTION ( 'NONE',  ( 0.000000000000000000, 0.000000000000000000, 1.000000000000000000 ) ) ;
#846 = CARTESIAN_POINT ( 'NONE',  ( 6.099999999999998757, -1.356465996625040749, 1.600000000000000089 ) ) ;
#847 = EDGE_CURVE ( 'NONE', #371, #1505, #555, .T. ) ;
#848 = CARTESIAN_POINT ( 'NONE',  ( 0.8499999999999997558, -0.8500000000000000888, -2.000000000000000000 ) ) ;
#849 = AXIS2_PLACEMENT_3D ( 'NONE', #2424, #1208, #584 ) ;
#850 = ORIENTED_EDGE ( 'NONE', *, *, #740, .F. ) ;
#851 = CARTESIAN_POINT ( 'NONE',  ( -3.800000000000000711, -2.899999999999999467, 2.000000000000000000 ) ) ;
#852 = EDGE_CURVE ( 'NONE', #1802, #1895, #2658, .T. ) ;
#853 = ADVANCED_FACE ( 'NONE', ( #1647 ), #411, .T. ) ;
#854 = CARTESIAN_POINT ( 'NONE',  ( -4.000000000000000000, -2.899999999999999467, 0.000000000000000000 ) ) ;
#855 = ORIENTED_EDGE ( 'NONE', *, *, #734, .F. ) ;
#856 = ADVANCED_FACE ( 'NONE', ( #1238 ), #1, .F. ) ;
#857 = DIRECTION ( 'NONE',  ( 1.084202172485504311E-16, 1.000000000000000000, -0.000000000000000000 ) ) ;
#858 = CARTESIAN_POINT ( 'NONE',  ( -6.100000000000000533, -3.300000000000001155, 1.600000000000000089 ) ) ;
#859 = CARTESIAN_POINT ( 'NONE',  ( -1.550000000000000266, -1.449999999999999956, 0.000000000000000000 ) ) ;
#860 = VECTOR ( 'NONE', #220, 1000.000000000000000 ) ;
#861 = CARTESIAN_POINT ( 'NONE',  ( -6.099999999999999645, 1.791843062066368342, 1.856443491080258745 ) ) ;
#862 = AXIS2_PLACEMENT_3D ( 'NONE', #2086, #1916, #18 ) ;
#863 = CARTESIAN_POINT ( 'NONE',  ( 4.299999999999998934, -2.481934729198170153, 1.600000000000000089 ) ) ;
#864 = ORIENTED_EDGE ( 'NONE', *, *, #935, .T. ) ;
#865 = LINE ( 'NONE', #252, #2239 ) ;
#866 = TOROIDAL_SURFACE ( 'NONE', #1312, 2.899999999999999023, 0.4000000000000000222 ) ;
#867 = VECTOR ( 'NONE', #1195, 1000.000000000000000 ) ;
#868 = CIRCLE ( 'NONE', #347, 2.899999999999999467 ) ;
#869 = DIRECTION ( 'NONE',  ( 0.000000000000000000, 1.000000000000000000, 0.000000000000000000 ) ) ;
#870 = ORIENTED_EDGE ( 'NONE', *, *, #1567, .T. ) ;
#871 = DIRECTION ( 'NONE',  ( -0.000000000000000000, -0.000000000000000000, -1.000000000000000000 ) ) ;
#872 = LINE ( 'NONE', #2534, #166 ) ;
#873 = CARTESIAN_POINT ( 'NONE',  ( -6.099999999999999645, -1.999999999999998668, 2.000000000000000000 ) ) ;
#874 = LINE ( 'NONE', #2588, #1973 ) ;
#875 = CARTESIAN_POINT ( 'NONE',  ( 4.000000000000000000, -2.899999999999999023, 2.000000000000000000 ) ) ;
#876 = DIRECTION ( 'NONE',  ( 1.000000000000000000, 0.000000000000000000, 0.000000000000000000 ) ) ;
#877 = VERTEX_POINT ( 'NONE', #816 ) ;
#878 = VECTOR ( 'NONE', #1519, 1000.000000000000000 ) ;
#879 = CARTESIAN_POINT ( 'NONE',  ( -4.700000000000001066, -2.814249455894056506, 2.000000000000000000 ) ) ;
#880 = CARTESIAN_POINT ( 'NONE',  ( 5.500000000000000000, 1.450000000000000178, -1.300000000000000044 ) ) ;
#881 = CARTESIAN_POINT ( 'NONE',  ( 4.699999999999999289, -3.300000000000002487, 2.000000000000000000 ) ) ;
#882 = DIRECTION ( 'NONE',  ( -0.000000000000000000, -0.000000000000000000, 1.000000000000000000 ) ) ;
#883 = DIRECTION ( 'NONE',  ( -0.000000000000000000, -1.000000000000000000, -0.000000000000000000 ) ) ;
#884 = DIRECTION ( 'NONE',  ( 1.000000000000000000, 0.000000000000000000, 0.000000000000000000 ) ) ;
#885 = DIRECTION ( 'NONE',  ( 1.000000000000000000, 8.881784197001252323E-16, 0.000000000000000000 ) ) ;
#886 = LINE ( 'NONE', #1735, #1356 ) ;
#887 = EDGE_CURVE ( 'NONE', #729, #2394, #943, .T. ) ;
#888 = ADVANCED_FACE ( 'NONE', ( #2079 ), #1036, .T. ) ;
#889 = CARTESIAN_POINT ( 'NONE',  ( 4.299999999999998934, 2.616170551960047774, 1.733265820166075999 ) ) ;
#890 = CONICAL_SURFACE ( 'NONE', #1604, 2.499999999999998668, 0.7853981633974547183 ) ;
#891 = CARTESIAN_POINT ( 'NONE',  ( 3.000000000000000000, -3.300000000000001599, 1.999999999999998668 ) ) ;
#892 = VERTEX_POINT ( 'NONE', #179 ) ;
#893 = EDGE_LOOP ( 'NONE', ( #228, #1564, #898, #2680 ) ) ;
#894 = DIRECTION ( 'NONE',  ( -1.000000000000000000, 0.000000000000000000, 0.000000000000000000 ) ) ;
#895 = CARTESIAN_POINT ( 'NONE',  ( 6.099999999999998757, -1.578852311244928197, 1.720663789558653622 ) ) ;
#896 = DIRECTION ( 'NONE',  ( -1.000000000000000000, 0.000000000000000000, 0.000000000000000000 ) ) ;
#897 = LINE ( 'NONE', #81, #2264 ) ;
#898 = ORIENTED_EDGE ( 'NONE', *, *, #246, .F. ) ;
#899 = AXIS2_PLACEMENT_3D ( 'NONE', #2485, #1623, #2456 ) ;
#900 = VECTOR ( 'NONE', #230, 1000.000000000000000 ) ;
#901 =( BOUNDED_CURVE ( )  B_SPLINE_CURVE ( 3, ( #749, #340, #2216, #615 ),
 .UNSPECIFIED., .F., .F. ) 
 B_SPLINE_CURVE_WITH_KNOTS ( ( 4, 4 ),
 ( 1.570796326794896780, 3.141592653589793116 ),
 .UNSPECIFIED. ) 
 CURVE ( )  GEOMETRIC_REPRESENTATION_ITEM ( )  RATIONAL_B_SPLINE_CURVE ( ( 1.000000000000000000, 0.8047378541243650485, 0.8047378541243650485, 1.000000000000000000 ) ) 
 REPRESENTATION_ITEM ( '' )  );
#902 = DIRECTION ( 'NONE',  ( -1.000000000000000000, 0.000000000000000000, 0.000000000000000000 ) ) ;
#903 = VERTEX_POINT ( 'NONE', #596 ) ;
#904 = CARTESIAN_POINT ( 'NONE',  ( 3.799999999999999822, -2.499999999999996003, 1.600000000000000089 ) ) ;
#905 = ORIENTED_EDGE ( 'NONE', *, *, #1400, .T. ) ;
#906 = EDGE_LOOP ( 'NONE', ( #1113, #1779, #490, #2597 ) ) ;
#907 = DIRECTION ( 'NONE',  ( 0.000000000000000000, 1.000000000000000000, 0.000000000000000000 ) ) ;
#909 = EDGE_CURVE ( 'NONE', #952, #1752, #2276, .T. ) ;
#908 = VERTEX_POINT ( 'NONE', #1850 ) ;
#910 = PLANE ( 'NONE',  #1891 ) ;
#911 = DIRECTION ( 'NONE',  ( 0.000000000000000000, 0.000000000000000000, 1.000000000000000000 ) ) ;
#912 = ORIENTED_EDGE ( 'NONE', *, *, #246, .T. ) ;
#913 = FACE_OUTER_BOUND ( 'NONE', #1421, .T. ) ;
#914 = ORIENTED_EDGE ( 'NONE', *, *, #2438, .T. ) ;
#915 = ORIENTED_EDGE ( 'NONE', *, *, #2691, .F. ) ;
#916 = CARTESIAN_POINT ( 'NONE',  ( -4.700000000000000178, 2.399999999999998579, 1.600000000000000089 ) ) ;
#917 = ORIENTED_EDGE ( 'NONE', *, *, #2516, .T. ) ;
#918 = CIRCLE ( 'NONE', #225, 2.499999999999998668 ) ;
#919 = ADVANCED_FACE ( 'NONE', ( #2291 ), #190, .F. ) ;
#920 = ORIENTED_EDGE ( 'NONE', *, *, #689, .F. ) ;
#921 = DIRECTION ( 'NONE',  ( -1.000000000000000000, 0.000000000000000000, 0.000000000000000000 ) ) ;
#922 = DIRECTION ( 'NONE',  ( -1.000000000000000000, 0.000000000000000000, 0.000000000000000000 ) ) ;
#923 = VERTEX_POINT ( 'NONE', #614 ) ;
#924 = EDGE_LOOP ( 'NONE', ( #204, #589, #1357, #500 ) ) ;
#925 = TOROIDAL_SURFACE ( 'NONE', #2466, 2.899999999999999023, 0.4000000000000000222 ) ;
#926 = EDGE_CURVE ( 'NONE', #1641, #2077, #162, .T. ) ;
#927 = CIRCLE ( 'NONE', #1841, 2.899999999999999023 ) ;
#928 = ORIENTED_EDGE ( 'NONE', *, *, #703, .F. ) ;
#929 = ORIENTED_EDGE ( 'NONE', *, *, #1031, .F. ) ;
#930 = DIRECTION ( 'NONE',  ( -0.000000000000000000, 0.000000000000000000, 1.000000000000000000 ) ) ;
#931 = EDGE_CURVE ( 'NONE', #2406, #2050, #506, .T. ) ;
#932 = DIRECTION ( 'NONE',  ( 1.000000000000000000, 0.000000000000000000, 0.000000000000000000 ) ) ;
#933 = VERTEX_POINT ( 'NONE', #2296 ) ;
#934 = EDGE_CURVE ( 'NONE', #1373, #784, #2613, .T. ) ;
#935 = EDGE_CURVE ( 'NONE', #2364, #813, #388, .T. ) ;
#936 = LINE ( 'NONE', #2673, #2497 ) ;
#937 = FACE_OUTER_BOUND ( 'NONE', #1591, .T. ) ;
#938 = EDGE_LOOP ( 'NONE', ( #2123, #975, #788, #1388 ) ) ;
#939 = VERTEX_POINT ( 'NONE', #43 ) ;
#940 = AXIS2_PLACEMENT_3D ( 'NONE', #1678, #438, #619 ) ;
#941 = B_SPLINE_CURVE_WITH_KNOTS ( 'NONE', 3,
 ( #128, #1631, #2205, #325 ),
 .UNSPECIFIED., .F., .F.,
 ( 4, 4 ),
 ( 0.000000000000000000, 0.0005758494696607119280 ),
 .UNSPECIFIED. ) ;
#942 = VECTOR ( 'NONE', #428, 1000.000000000000000 ) ;
#943 = CIRCLE ( 'NONE', #2043, 0.4000000000000001887 ) ;
#944 = ORIENTED_EDGE ( 'NONE', *, *, #1517, .F. ) ;
#945 = VERTEX_POINT ( 'NONE', #1450 ) ;
#946 = CARTESIAN_POINT ( 'NONE',  ( -3.800000000000000711, -3.300000000000001599, 2.000000000000000000 ) ) ;
#947 = AXIS2_PLACEMENT_3D ( 'NONE', #1431, #2025, #1863 ) ;
#948 = FACE_OUTER_BOUND ( 'NONE', #1612, .T. ) ;
#949 = ORIENTED_EDGE ( 'NONE', *, *, #887, .F. ) ;
#950 = DIRECTION ( 'NONE',  ( 1.000000000000000000, 0.000000000000000000, 0.000000000000000000 ) ) ;
#951 = CARTESIAN_POINT ( 'NONE',  ( -2.999999999999999112, 3.299999999999999822, 1.600000000000000089 ) ) ;
#952 = VERTEX_POINT ( 'NONE', #2514 ) ;
#953 = VERTEX_POINT ( 'NONE', #426 ) ;
#954 = AXIS2_PLACEMENT_3D ( 'NONE', #714, #512, #1512 ) ;
#955 = AXIS2_PLACEMENT_3D ( 'NONE', #1064, #417, #244 ) ;
#956 = VECTOR ( 'NONE', #961, 1000.000000000000000 ) ;
#957 = ORIENTED_EDGE ( 'NONE', *, *, #1419, .T. ) ;
#958 = ORIENTED_EDGE ( 'NONE', *, *, #2661, .F. ) ;
#959 = DIRECTION ( 'NONE',  ( 1.084202172485504311E-16, 1.000000000000000000, -0.000000000000000000 ) ) ;
#960 = ADVANCED_FACE ( 'NONE', ( #1652 ), #2484, .F. ) ;
#961 = DIRECTION ( 'NONE',  ( 1.000000000000000000, -1.084202172485504434E-16, -0.000000000000000000 ) ) ;
#962 = CARTESIAN_POINT ( 'NONE',  ( -4.700000000000001066, 2.814249455894056506, 2.000000000000000000 ) ) ;
#963 = ORIENTED_EDGE ( 'NONE', *, *, #1093, .F. ) ;
#964 = VECTOR ( 'NONE', #1000, 1000.000000000000000 ) ;
#965 = LINE ( 'NONE', #1795, #382 ) ;
#966 = CARTESIAN_POINT ( 'NONE',  ( 0.000000000000000000, 0.000000000000000000, -1.300000000000000044 ) ) ;
#967 = VECTOR ( 'NONE', #2124, 1000.000000000000000 ) ;
#968 = ORIENTED_EDGE ( 'NONE', *, *, #1972, .T. ) ;
#969 = ORIENTED_EDGE ( 'NONE', *, *, #1800, .T. ) ;
#970 = CARTESIAN_POINT ( 'NONE',  ( -1.550000000000000488, -1.850000000000000089, 0.000000000000000000 ) ) ;
#971 = DIRECTION ( 'NONE',  ( 0.000000000000000000, 0.000000000000000000, 1.000000000000000000 ) ) ;
#972 = AXIS2_PLACEMENT_3D ( 'NONE', #1732, #90, #921 ) ;
#973 = EDGE_CURVE ( 'NONE', #314, #38, #2526, .T. ) ;
#974 = EDGE_LOOP ( 'NONE', ( #763, #1456, #355, #566 ) ) ;
#975 = ORIENTED_EDGE ( 'NONE', *, *, #536, .T. ) ;
#976 = DIRECTION ( 'NONE',  ( 1.000000000000000000, 0.000000000000000000, -0.000000000000000000 ) ) ;
#977 = EDGE_CURVE ( 'NONE', #1352, #1055, #603, .T. ) ;
#978 = CARTESIAN_POINT ( 'NONE',  ( -3.000000000000000000, -2.899999999999999023, 1.999999999999999556 ) ) ;
#979 = CARTESIAN_POINT ( 'NONE',  ( 4.000000000000000000, 0.000000000000000000, 2.000000000000000000 ) ) ;
#980 = ORIENTED_EDGE ( 'NONE', *, *, #2457, .F. ) ;
#981 = FACE_OUTER_BOUND ( 'NONE', #607, .T. ) ;
#982 = PLANE ( 'NONE',  #2518 ) ;
#983 = ORIENTED_EDGE ( 'NONE', *, *, #810, .F. ) ;
#984 = DIRECTION ( 'NONE',  ( 1.084202172485504311E-16, 1.000000000000000000, -0.000000000000000000 ) ) ;
#985 = CYLINDRICAL_SURFACE ( 'NONE', #646, 3.299999999999998934 ) ;
#986 = CARTESIAN_POINT ( 'NONE',  ( -2.499999999999994671, -3.300000000000000711, 1.499999999999999556 ) ) ;
#987 = ORIENTED_EDGE ( 'NONE', *, *, #1437, .F. ) ;
#988 = ORIENTED_EDGE ( 'NONE', *, *, #2196, .F. ) ;
#989 = LINE ( 'NONE', #578, #2619 ) ;
#990 = AXIS2_PLACEMENT_3D ( 'NONE', #1551, #91, #2384 ) ;
#991 = EDGE_CURVE ( 'NONE', #2160, #1332, #1540, .T. ) ;
#992 = DIRECTION ( 'NONE',  ( 0.000000000000000000, 0.000000000000000000, 1.000000000000000000 ) ) ;
#993 = AXIS2_PLACEMENT_3D ( 'NONE', #1145, #2409, #1990 ) ;
#994 = PLANE ( 'NONE',  #1192 ) ;
#995 = VERTEX_POINT ( 'NONE', #405 ) ;
#996 = CARTESIAN_POINT ( 'NONE',  ( 5.599999999999998757, -1.920937271229849141, 1.600000000000000089 ) ) ;
#997 = DIRECTION ( 'NONE',  ( 0.000000000000000000, 0.000000000000000000, 1.000000000000000000 ) ) ;
#998 = EDGE_CURVE ( 'NONE', #14, #797, #2365, .T. ) ;
#999 = ORIENTED_EDGE ( 'NONE', *, *, #2457, .T. ) ;
#1000 = DIRECTION ( 'NONE',  ( 1.084202172485504311E-16, 1.000000000000000000, -0.000000000000000000 ) ) ;
#1001 = LINE ( 'NONE', #2040, #1576 ) ;
#1002 = CARTESIAN_POINT ( 'NONE',  ( -3.399999999999999911, 3.299999999999999822, 1.600000000000000089 ) ) ;
#1003 = AXIS2_PLACEMENT_3D ( 'NONE', #891, #1354, #2185 ) ;
#1004 = VERTEX_POINT ( 'NONE', #207 ) ;
#1005 = VERTEX_POINT ( 'NONE', #846 ) ;
#1006 = DIRECTION ( 'NONE',  ( -1.000000000000000000, 0.000000000000000000, 0.000000000000000000 ) ) ;
#1007 = DIRECTION ( 'NONE',  ( 1.000000000000000000, 0.000000000000000000, 0.000000000000000000 ) ) ;
#1008 = DIRECTION ( 'NONE',  ( 1.000000000000000000, 0.000000000000000000, 0.000000000000000000 ) ) ;
#1009 = ORIENTED_EDGE ( 'NONE', *, *, #2286, .F. ) ;
#1010 = CARTESIAN_POINT ( 'NONE',  ( -0.8499999999999999778, 0.8499999999999998668, 0.000000000000000000 ) ) ;
#1011 = ADVANCED_FACE ( 'NONE', ( #2329 ), #1042, .F. ) ;
#1012 = EDGE_CURVE ( 'NONE', #2164, #1149, #1253, .T. ) ;
#1013 = DIRECTION ( 'NONE',  ( 0.000000000000000000, 0.000000000000000000, 1.000000000000000000 ) ) ;
#1014 = LINE ( 'NONE', #2468, #2180 ) ;
#1015 = VECTOR ( 'NONE', #1912, 1000.000000000000000 ) ;
#1016 = DIRECTION ( 'NONE',  ( 1.000000000000000000, -1.084202172485504434E-16, -0.000000000000000000 ) ) ;
#1017 = ORIENTED_EDGE ( 'NONE', *, *, #657, .F. ) ;
#1018 = DIRECTION ( 'NONE',  ( -1.000000000000000000, -1.776356839400250465E-15, 0.000000000000000000 ) ) ;
#1019 = CIRCLE ( 'NONE', #707, 0.4000000000000001887 ) ;
#1020 = DIRECTION ( 'NONE',  ( -1.000000000000000000, 0.000000000000000000, -0.000000000000000000 ) ) ;
#1021 = VERTEX_POINT ( 'NONE', #448 ) ;
#1022 = DIRECTION ( 'NONE',  ( 1.000000000000000000, -0.000000000000000000, 0.000000000000000000 ) ) ;
#1023 = DIRECTION ( 'NONE',  ( 0.000000000000000000, 1.000000000000000000, -0.000000000000000000 ) ) ;
#1024 = EDGE_LOOP ( 'NONE', ( #285, #987, #1603, #1210 ) ) ;
#1025 = ADVANCED_FACE ( 'NONE', ( #1264 ), #2106, .T. ) ;
#1026 = FACE_BOUND ( 'NONE', #1472, .T. ) ;
#1027 = CIRCLE ( 'NONE', #1469, 0.3999999999999999667 ) ;
#1028 = EDGE_CURVE ( 'NONE', #1849, #1789, #2153, .T. ) ;
#1029 = FACE_OUTER_BOUND ( 'NONE', #924, .T. ) ;
#1030 = DIRECTION ( 'NONE',  ( 0.000000000000000000, -0.000000000000000000, 1.000000000000000000 ) ) ;
#1031 = EDGE_CURVE ( 'NONE', #908, #1797, #245, .T. ) ;
#1032 = CARTESIAN_POINT ( 'NONE',  ( 4.000000000000000000, 0.000000000000000000, 2.000000000000000000 ) ) ;
#1033 = VECTOR ( 'NONE', #2099, 1000.000000000000000 ) ;
#1034 = EDGE_LOOP ( 'NONE', ( #2614, #1089, #577, #2211 ) ) ;
#1035 = CARTESIAN_POINT ( 'NONE',  ( -5.200000000000001066, -2.492238777225657564, 1.865413508667169484 ) ) ;
#1036 = PLANE ( 'NONE',  #599 ) ;
#1037 = AXIS2_PLACEMENT_3D ( 'NONE', #669, #8, #1879 ) ;
#1038 = DIRECTION ( 'NONE',  ( -0.000000000000000000, -0.000000000000000000, -1.000000000000000000 ) ) ;
#1039 = ORIENTED_EDGE ( 'NONE', *, *, #887, .T. ) ;
#1040 = CARTESIAN_POINT ( 'NONE',  ( -5.200000000000000178, 2.343459700993632211, 1.731843348529118920 ) ) ;
#1041 = CARTESIAN_POINT ( 'NONE',  ( 5.599999999999999645, 1.920937271229849586, 1.600000000000000089 ) ) ;
#1042 = PLANE ( 'NONE',  #2256 ) ;
#1043 = PLANE ( 'NONE',  #1037 ) ;
#1044 = PRODUCT_DEFINITION_CONTEXT ( 'detailed design', #2620, 'design' ) ;
#1045 = DIRECTION ( 'NONE',  ( -1.000000000000000000, 0.000000000000000000, 0.000000000000000000 ) ) ;
#1046 = EDGE_CURVE ( 'NONE', #1946, #688, #7, .T. ) ;
#1047 = CARTESIAN_POINT ( 'NONE',  ( 3.799999999999999822, -3.300000000000002487, 2.000000000000000000 ) ) ;
#1048 = ORIENTED_EDGE ( 'NONE', *, *, #2165, .F. ) ;
#1049 = LINE ( 'NONE', #39, #1679 ) ;
#1050 = CARTESIAN_POINT ( 'NONE',  ( 5.199999999999999289, -2.193171219946126183, 1.600000000000000089 ) ) ;
#1051 = DIRECTION ( 'NONE',  ( 0.000000000000000000, 0.000000000000000000, 1.000000000000000000 ) ) ;
#1052 = CARTESIAN_POINT ( 'NONE',  ( -4.000000000000000000, 0.000000000000000000, 1.600000000000000089 ) ) ;
#1053 = DIRECTION ( 'NONE',  ( 1.084202172485504311E-16, 1.000000000000000000, -0.000000000000000000 ) ) ;
#1054 = VECTOR ( 'NONE', #1020, 1000.000000000000000 ) ;
#1055 = VERTEX_POINT ( 'NONE', #2704 ) ;
#1056 = EDGE_CURVE ( 'NONE', #1073, #1764, #822, .T. ) ;
#1057 = DIRECTION ( 'NONE',  ( 1.000000000000000000, 0.000000000000000000, 0.000000000000000000 ) ) ;
#1058 = VECTOR ( 'NONE', #1865, 1000.000000000000000 ) ;
#1059 = EDGE_CURVE ( 'NONE', #2346, #1021, #2369, .T. ) ;
#1060 = LINE ( 'NONE', #2300, #1067 ) ;
#1061 = ORIENTED_EDGE ( 'NONE', *, *, #1182, .F. ) ;
#1062 = DIRECTION ( 'NONE',  ( 1.084202172485504434E-16, 1.000000000000000000, 0.000000000000000000 ) ) ;
#1063 = DIRECTION ( 'NONE',  ( 0.000000000000000000, 0.000000000000000000, 1.000000000000000000 ) ) ;
#1064 = CARTESIAN_POINT ( 'NONE',  ( 5.099999999999999645, -1.450000000000000178, -1.300000000000000044 ) ) ;
#1065 = CARTESIAN_POINT ( 'NONE',  ( -1.949999999999999734, 1.850000000000000089, -2.000000000000000000 ) ) ;
#1066 = DIRECTION ( 'NONE',  ( -0.000000000000000000, -0.000000000000000000, -1.000000000000000000 ) ) ;
#1067 = VECTOR ( 'NONE', #1894, 1000.000000000000000 ) ;
#1068 = ORIENTED_EDGE ( 'NONE', *, *, #2285, .T. ) ;
#1069 = FACE_OUTER_BOUND ( 'NONE', #938, .T. ) ;
#1070 = VECTOR ( 'NONE', #2260, 1000.000000000000000 ) ;
#1071 = ADVANCED_FACE ( 'NONE', ( #1359 ), #1344, .F. ) ;
#1072 = CARTESIAN_POINT ( 'NONE',  ( 5.099999999999999645, -1.850000000000000089, -1.300000000000000044 ) ) ;
#1073 = VERTEX_POINT ( 'NONE', #704 ) ;
#1074 = CARTESIAN_POINT ( 'NONE',  ( -4.000000000000000000, -3.299999999999998934, 1.600000000000000089 ) ) ;
#1075 = DIRECTION ( 'NONE',  ( -0.000000000000000000, 0.000000000000000000, -1.000000000000000000 ) ) ;
#1076 = CARTESIAN_POINT ( 'NONE',  ( -6.100000000000000533, -1.578852311244926643, 1.720663789558653622 ) ) ;
#1077 = CIRCLE ( 'NONE', #1441, 0.4000000000000001887 ) ;
#1078 = DIRECTION ( 'NONE',  ( -1.000000000000000000, 8.881784197001252323E-16, 0.000000000000000000 ) ) ;
#1079 = AXIS2_PLACEMENT_3D ( 'NONE', #1672, #202, #1248 ) ;
#1080 = DIRECTION ( 'NONE',  ( -1.000000000000000000, 1.275531967630005245E-16, 0.000000000000000000 ) ) ;
#1081 = AXIS2_PLACEMENT_3D ( 'NONE', #2062, #2031, #1018 ) ;
#1082 = ORIENTED_EDGE ( 'NONE', *, *, #1235, .T. ) ;
#1083 = DIRECTION ( 'NONE',  ( 1.000000000000000000, 0.000000000000000000, 0.000000000000000000 ) ) ;
#1084 = AXIS2_PLACEMENT_3D ( 'NONE', #2213, #2202, #932 ) ;
#1085 = CIRCLE ( 'NONE', #1454, 2.899999999999999467 ) ;
#1086 = ADVANCED_FACE ( 'NONE', ( #1120 ), #910, .F. ) ;
#1087 = VECTOR ( 'NONE', #1378, 1000.000000000000000 ) ;
#1088 = FACE_OUTER_BOUND ( 'NONE', #1034, .T. ) ;
#1089 = ORIENTED_EDGE ( 'NONE', *, *, #998, .T. ) ;
#1090 = FACE_OUTER_BOUND ( 'NONE', #1844, .T. ) ;
#1091 = DIRECTION ( 'NONE',  ( -7.666467083416913831E-17, -0.7071067811865515695, 0.7071067811865435759 ) ) ;
#1092 = DIRECTION ( 'NONE',  ( 1.000000000000000000, 0.000000000000000000, -0.000000000000000000 ) ) ;
#1093 = EDGE_CURVE ( 'NONE', #2067, #561, #1537, .T. ) ;
#1094 = CARTESIAN_POINT ( 'NONE',  ( -3.800000000000000711, -3.300000000000001599, 1.600000000000000089 ) ) ;
#1095 = EDGE_CURVE ( 'NONE', #440, #1055, #1019, .T. ) ;
#1096 = CARTESIAN_POINT ( 'NONE',  ( 1.950000000000000178, 1.850000000000000089, 0.000000000000000000 ) ) ;
#1097 = CARTESIAN_POINT ( 'NONE',  ( -4.300000000000000711, -2.884441020371190767, 2.000000000000000000 ) ) ;
#1098 = ORIENTED_EDGE ( 'NONE', *, *, #1569, .F. ) ;
#1099 = VECTOR ( 'NONE', #984, 1000.000000000000000 ) ;
#1100 = AXIS2_PLACEMENT_3D ( 'NONE', #979, #2299, #2671 ) ;
#1101 = DIRECTION ( 'NONE',  ( 0.000000000000000000, 1.000000000000000000, 0.000000000000000000 ) ) ;
#1102 = CARTESIAN_POINT ( 'NONE',  ( -4.000000000000000000, 0.000000000000000000, 2.000000000000000000 ) ) ;
#1103 = VERTEX_POINT ( 'NONE', #311 ) ;
#1104 = EDGE_LOOP ( 'NONE', ( #2259, #1728, #2606, #1544 ) ) ;
#1105 = CARTESIAN_POINT ( 'NONE',  ( 6.099999999999998757, 1.578852311244927309, 1.720663789558653622 ) ) ;
#1106 = CARTESIAN_POINT ( 'NONE',  ( -1.550000000000000488, -1.850000000000000089, -2.000000000000000000 ) ) ;
#1107 = CARTESIAN_POINT ( 'NONE',  ( 4.000000000000000000, 0.000000000000000000, 1.599999999999999867 ) ) ;
#1108 = ADVANCED_FACE ( 'NONE', ( #2602 ), #1550, .T. ) ;
#1109 = DIRECTION ( 'NONE',  ( -1.000000000000000000, 0.000000000000000000, -0.000000000000000000 ) ) ;
#1110 = ORIENTED_EDGE ( 'NONE', *, *, #2135, .F. ) ;
#1111 = EDGE_CURVE ( 'NONE', #2158, #1838, #1509, .T. ) ;
#1112 = CARTESIAN_POINT ( 'NONE',  ( 5.200000000000000178, 2.640075756488815983, 2.000000000000000000 ) ) ;
#1113 = ORIENTED_EDGE ( 'NONE', *, *, #1864, .T. ) ;
#1114 = VECTOR ( 'NONE', #2421, 1000.000000000000000 ) ;
#1115 = CARTESIAN_POINT ( 'NONE',  ( 4.000000000000000000, 0.000000000000000000, 0.000000000000000000 ) ) ;
#1116 = ORIENTED_EDGE ( 'NONE', *, *, #415, .T. ) ;
#1117 = ORIENTED_EDGE ( 'NONE', *, *, #378, .T. ) ;
#1118 = CARTESIAN_POINT ( 'NONE',  ( -4.000000000000000000, 0.000000000000000000, 1.600000000000000089 ) ) ;
#1119 = EDGE_LOOP ( 'NONE', ( #983, #509, #1538, #2127 ) ) ;
#1120 = FACE_OUTER_BOUND ( 'NONE', #532, .T. ) ;
#1121 = CARTESIAN_POINT ( 'NONE',  ( -3.800000000000000711, -2.499999999999996447, 1.600000000000000089 ) ) ;
#1122 = ORIENTED_EDGE ( 'NONE', *, *, #114, .F. ) ;
#1123 = AXIS2_PLACEMENT_3D ( 'NONE', #1212, #971, #2041 ) ;
#1124 = VECTOR ( 'NONE', #2118, 1000.000000000000000 ) ;
#1125 = CYLINDRICAL_SURFACE ( 'NONE', #1159, 0.4000000000000001887 ) ;
#1126 = ORIENTED_EDGE ( 'NONE', *, *, #2425, .F. ) ;
#1127 = CARTESIAN_POINT ( 'NONE',  ( 0.8499999999999997558, -0.8500000000000000888, 0.000000000000000000 ) ) ;
#1128 = ORIENTED_EDGE ( 'NONE', *, *, #773, .F. ) ;
#1129 = EDGE_CURVE ( 'NONE', #1467, #1966, #680, .T. ) ;
#1130 = ORIENTED_EDGE ( 'NONE', *, *, #2113, .T. ) ;
#1131 = ORIENTED_EDGE ( 'NONE', *, *, #808, .T. ) ;
#1132 = CARTESIAN_POINT ( 'NONE',  ( -4.000000000000000888, -3.299999999999998934, 1.600000000000000089 ) ) ;
#1133 = AXIS2_PLACEMENT_3D ( 'NONE', #86, #63, #51 ) ;
#1134 = LINE ( 'NONE', #1121, #1949 ) ;
#1135 = ORIENTED_EDGE ( 'NONE', *, *, #1434, .T. ) ;
#1136 = ADVANCED_FACE ( 'NONE', ( #1305 ), #666, .F. ) ;
#1137 = DIRECTION ( 'NONE',  ( 0.000000000000000000, 1.000000000000000000, 0.000000000000000000 ) ) ;
#1138 = CARTESIAN_POINT ( 'NONE',  ( -4.000000000000000000, 0.000000000000000000, 1.599999999999999867 ) ) ;
#1139 = ORIENTED_EDGE ( 'NONE', *, *, #2047, .T. ) ;
#1140 = EDGE_CURVE ( 'NONE', #1750, #1401, #874, .T. ) ;
#1141 = ORIENTED_EDGE ( 'NONE', *, *, #2351, .T. ) ;
#1142 = ADVANCED_FACE ( 'NONE', ( #275 ), #488, .F. ) ;
#1143 = CARTESIAN_POINT ( 'NONE',  ( -5.099999999999998757, 1.850000000000000089, -2.000000000000000000 ) ) ;
#1144 = CARTESIAN_POINT ( 'NONE',  ( -1.950000000000000178, -1.449999999999999956, -2.000000000000000000 ) ) ;
#1145 = CARTESIAN_POINT ( 'NONE',  ( 0.000000000000000000, 0.000000000000000000, -2.000000000000000000 ) ) ;
#1146 = EDGE_LOOP ( 'NONE', ( #671, #1575 ) ) ;
#1147 = CARTESIAN_POINT ( 'NONE',  ( -4.000000000000000000, -3.299999999999998934, 2.000000000000000000 ) ) ;
#1148 = CARTESIAN_POINT ( 'NONE',  ( -1.550000000000000266, -1.449999999999999956, -2.000000000000000000 ) ) ;
#1149 = VERTEX_POINT ( 'NONE', #717 ) ;
#1150 = EDGE_LOOP ( 'NONE', ( #2452, #1328, #2029, #152 ) ) ;
#1151 = CIRCLE ( 'NONE', #2201, 0.3999999999999999667 ) ;
#1152 = B_SPLINE_CURVE_WITH_KNOTS ( 'NONE', 3,
 ( #2305, #1076, #1508, #873 ),
 .UNSPECIFIED., .F., .F.,
 ( 4, 4 ),
 ( 0.000000000000000000, 0.0007577176344125840807 ),
 .UNSPECIFIED. ) ;
#1153 = ORIENTED_EDGE ( 'NONE', *, *, #2196, .T. ) ;
#1154 = ORIENTED_EDGE ( 'NONE', *, *, #1028, .F. ) ;
#1155 = LINE ( 'NONE', #2257, #956 ) ;
#1156 = CARTESIAN_POINT ( 'NONE',  ( -1.549999999999999600, 1.450000000000000178, -1.300000000000000044 ) ) ;
#1157 = FACE_OUTER_BOUND ( 'NONE', #2218, .T. ) ;
#1158 = EDGE_LOOP ( 'NONE', ( #89, #2579, #2444, #452, #177, #1661, #1318, #969 ) ) ;
#1159 = AXIS2_PLACEMENT_3D ( 'NONE', #1806, #2343, #2567 ) ;
#1160 = CARTESIAN_POINT ( 'NONE',  ( 5.099999999999999645, -1.450000000000000178, -1.300000000000000044 ) ) ;
#1161 = CARTESIAN_POINT ( 'NONE',  ( 4.699999999999999289, -2.814249455894056950, 2.000000000000000000 ) ) ;
#1162 = ORIENTED_EDGE ( 'NONE', *, *, #32, .F. ) ;
#1163 = ORIENTED_EDGE ( 'NONE', *, *, #376, .F. ) ;
#1164 = VECTOR ( 'NONE', #1190, 1000.000000000000000 ) ;
#1165 = ADVANCED_FACE ( 'NONE', ( #262 ), #2331, .F. ) ;
#1166 = AXIS2_PLACEMENT_3D ( 'NONE', #263, #2097, #20 ) ;
#1167 = ORIENTED_EDGE ( 'NONE', *, *, #2679, .F. ) ;
#1168 = VERTEX_POINT ( 'NONE', #473 ) ;
#1169 = CARTESIAN_POINT ( 'NONE',  ( 4.000000000000000000, 0.000000000000000000, 0.3999999999999999667 ) ) ;
#1170 = DIRECTION ( 'NONE',  ( 0.000000000000000000, 0.000000000000000000, 1.000000000000000000 ) ) ;
#1171 = DIRECTION ( 'NONE',  ( -1.000000000000000000, 2.664535259100375303E-15, 0.000000000000000000 ) ) ;
#1172 =( LENGTH_UNIT ( ) NAMED_UNIT ( * ) SI_UNIT ( .MILLI., .METRE. ) );
#1173 = ORIENTED_EDGE ( 'NONE', *, *, #2286, .T. ) ;
#1174 = CARTESIAN_POINT ( 'NONE',  ( 3.799999999999999822, -2.899999999999999023, 2.000000000000000000 ) ) ;
#1175 = FACE_OUTER_BOUND ( 'NONE', #2332, .T. ) ;
#1176 = ORIENTED_EDGE ( 'NONE', *, *, #427, .F. ) ;
#1177 = ORIENTED_EDGE ( 'NONE', *, *, #2250, .F. ) ;
#1178 = PLANE ( 'NONE',  #1446 ) ;
#1179 = ADVANCED_FACE ( 'NONE', ( #1321 ), #799, .F. ) ;
#1180 = CIRCLE ( 'NONE', #1794, 0.3999999999999999667 ) ;
#1181 = VECTOR ( 'NONE', #2058, 1000.000000000000000 ) ;
#1182 = EDGE_CURVE ( 'NONE', #2242, #137, #2577, .T. ) ;
#1183 = ORIENTED_EDGE ( 'NONE', *, *, #1908, .T. ) ;
#1184 = ORIENTED_EDGE ( 'NONE', *, *, #198, .T. ) ;
#1185 = DIRECTION ( 'NONE',  ( 0.000000000000000000, 0.000000000000000000, -1.000000000000000000 ) ) ;
#1186 = CARTESIAN_POINT ( 'NONE',  ( -3.400000000000000799, -2.899999999999999467, 2.000000000000000000 ) ) ;
#1187 = PLANE ( 'NONE',  #1413 ) ;
#1188 = VERTEX_POINT ( 'NONE', #501 ) ;
#1189 = CIRCLE ( 'NONE', #747, 2.899999999999999467 ) ;
#1190 = DIRECTION ( 'NONE',  ( -1.000000000000000000, 0.000000000000000000, 0.000000000000000000 ) ) ;
#1191 = DIRECTION ( 'NONE',  ( 1.000000000000000000, 0.000000000000000000, 0.000000000000000000 ) ) ;
#1192 = AXIS2_PLACEMENT_3D ( 'NONE', #1847, #2708, #1670 ) ;
#1193 = ORIENTED_EDGE ( 'NONE', *, *, #310, .F. ) ;
#1194 = DIRECTION ( 'NONE',  ( 1.000000000000000000, 0.000000000000000000, -0.000000000000000000 ) ) ;
#1195 = DIRECTION ( 'NONE',  ( 1.000000000000000000, -0.000000000000000000, 0.000000000000000000 ) ) ;
#1196 = LINE ( 'NONE', #1002, #248 ) ;
#1197 = AXIS2_PLACEMENT_3D ( 'NONE', #332, #907, #2173 ) ;
#1198 = EDGE_CURVE ( 'NONE', #1326, #2253, #2592, .T. ) ;
#1199 = EDGE_LOOP ( 'NONE', ( #2023, #422, #2014, #2490 ) ) ;
#1200 = ORIENTED_EDGE ( 'NONE', *, *, #643, .T. ) ;
#1201 = CARTESIAN_POINT ( 'NONE',  ( 5.500000000000000000, -1.850000000000000089, -2.000000000000000000 ) ) ;
#1202 = EDGE_CURVE ( 'NONE', #2434, #314, #1151, .T. ) ;
#1203 = DIRECTION ( 'NONE',  ( 0.000000000000000000, -0.000000000000000000, 1.000000000000000000 ) ) ;
#1204 = AXIS2_PLACEMENT_3D ( 'NONE', #1860, #2700, #1493 ) ;
#1205 = PLANE ( 'NONE',  #135 ) ;
#1206 = ORIENTED_EDGE ( 'NONE', *, *, #2691, .T. ) ;
#1207 = CARTESIAN_POINT ( 'NONE',  ( -5.200000000000001066, -2.193171219946126183, 1.600000000000000089 ) ) ;
#1208 = DIRECTION ( 'NONE',  ( 1.000000000000000000, 0.000000000000000000, 0.000000000000000000 ) ) ;
#1209 = ORIENTED_EDGE ( 'NONE', *, *, #2476, .T. ) ;
#1210 = ORIENTED_EDGE ( 'NONE', *, *, #2112, .F. ) ;
#1211 = PLANE ( 'NONE',  #605 ) ;
#1212 = CARTESIAN_POINT ( 'NONE',  ( -4.000000000000000000, 0.000000000000000000, 2.000000000000000000 ) ) ;
#1213 = ORIENTED_EDGE ( 'NONE', *, *, #2347, .T. ) ;
#1214 = ORIENTED_EDGE ( 'NONE', *, *, #1279, .F. ) ;
#1215 = CARTESIAN_POINT ( 'NONE',  ( -5.499999999999999112, -1.450000000000000178, -1.300000000000000044 ) ) ;
#1216 = EDGE_CURVE ( 'NONE', #250, #1415, #1547, .T. ) ;
#1217 = AXIS2_PLACEMENT_3D ( 'NONE', #1052, #2317, #1078 ) ;
#1218 = CARTESIAN_POINT ( 'NONE',  ( 4.699999999999999289, -3.300000000000002487, 1.600000000000000089 ) ) ;
#1219 = CARTESIAN_POINT ( 'NONE',  ( 5.500000000000000000, -1.850000000000000089, -1.300000000000000044 ) ) ;
#1220 = EDGE_LOOP ( 'NONE', ( #1620, #1420, #85, #1758, #1341, #917 ) ) ;
#1221 = CARTESIAN_POINT ( 'NONE',  ( 5.599999999999998757, -2.089756969310458068, 1.729716820064323368 ) ) ;
#1222 = DIRECTION ( 'NONE',  ( 1.000000000000000000, 0.000000000000000000, -0.000000000000000000 ) ) ;
#1223 = EDGE_CURVE ( 'NONE', #733, #729, #756, .T. ) ;
#1224 = CARTESIAN_POINT ( 'NONE',  ( 4.299999999999998934, -2.616170551960047774, 1.733265820166075999 ) ) ;
#1225 = DIRECTION ( 'NONE',  ( 0.000000000000000000, -0.7071067811865435759, -0.7071067811865515695 ) ) ;
#1226 = DIRECTION ( 'NONE',  ( 0.000000000000000000, 1.000000000000000000, 5.421010862427519803E-15 ) ) ;
#1227 = AXIS2_PLACEMENT_3D ( 'NONE', #745, #335, #1171 ) ;
#1228 = VECTOR ( 'NONE', #1327, 1000.000000000000000 ) ;
#1229 = VERTEX_POINT ( 'NONE', #284 ) ;
#1230 = EDGE_LOOP ( 'NONE', ( #2474, #2197, #1761, #999 ) ) ;
#1231 = LINE ( 'NONE', #1440, #1313 ) ;
#1232 = EDGE_CURVE ( 'NONE', #82, #1004, #1375, .T. ) ;
#1233 = CARTESIAN_POINT ( 'NONE',  ( 3.000000000000002220, 3.134314575050760610, 2.000000000000000000 ) ) ;
#1234 = EDGE_CURVE ( 'NONE', #892, #514, #2159, .T. ) ;
#1235 = EDGE_CURVE ( 'NONE', #1595, #1557, #1452, .T. ) ;
#1236 = DIRECTION ( 'NONE',  ( -1.000000000000000000, 9.769962616701377556E-15, 0.000000000000000000 ) ) ;
#1237 = ORIENTED_EDGE ( 'NONE', *, *, #926, .F. ) ;
#1238 = FACE_OUTER_BOUND ( 'NONE', #2652, .T. ) ;
#1239 = CARTESIAN_POINT ( 'NONE',  ( -4.000000000000000000, 0.000000000000000000, 2.000000000000000000 ) ) ;
#1240 = ORIENTED_EDGE ( 'NONE', *, *, #1434, .F. ) ;
#1241 = CARTESIAN_POINT ( 'NONE',  ( -4.700000000000001066, -3.300000000000001599, 1.600000000000000089 ) ) ;
#1242 = CARTESIAN_POINT ( 'NONE',  ( 3.000000000000000000, -3.300000000000001599, 1.999999999999998668 ) ) ;
#1243 = AXIS2_PLACEMENT_3D ( 'NONE', #431, #1257, #1737 ) ;
#1244 = CARTESIAN_POINT ( 'NONE',  ( 0.8499999999999999778, 0.8499999999999998668, -2.000000000000000000 ) ) ;
#1245 = VERTEX_POINT ( 'NONE', #56 ) ;
#1246 = AXIS2_PLACEMENT_3D ( 'NONE', #1147, #80, #2132 ) ;
#1247 = CARTESIAN_POINT ( 'NONE',  ( 3.400000000000000355, -3.299999999999998934, 1.600000000000000089 ) ) ;
#1248 = DIRECTION ( 'NONE',  ( -1.084202172485504434E-16, -1.000000000000000000, 0.000000000000000000 ) ) ;
#1249 = DIRECTION ( 'NONE',  ( 1.000000000000000000, 0.000000000000000000, 0.000000000000000000 ) ) ;
#1250 = ORIENTED_EDGE ( 'NONE', *, *, #2047, .F. ) ;
#1251 = CARTESIAN_POINT ( 'NONE',  ( -7.299999999999999822, 0.000000000000000000, 1.600000000000000089 ) ) ;
#1252 = CARTESIAN_POINT ( 'NONE',  ( -4.000000000000000000, 0.000000000000000000, 0.3999999999999999667 ) ) ;
#1253 = LINE ( 'NONE', #1899, #1902 ) ;
#1254 = PLANE ( 'NONE',  #682 ) ;
#1255 = AXIS2_PLACEMENT_3D ( 'NONE', #1683, #1934, #2114 ) ;
#1256 = ADVANCED_FACE ( 'NONE', ( #66 ), #1731, .T. ) ;
#1257 = DIRECTION ( 'NONE',  ( 0.000000000000000000, 0.000000000000000000, 1.000000000000000000 ) ) ;
#1258 = CIRCLE ( 'NONE', #1166, 2.899999999999999023 ) ;
#1259 = PLANE ( 'NONE',  #709 ) ;
#1260 = ORIENTED_EDGE ( 'NONE', *, *, #2250, .T. ) ;
#1261 = DIRECTION ( 'NONE',  ( -0.000000000000000000, -0.000000000000000000, -1.000000000000000000 ) ) ;
#1262 = CARTESIAN_POINT ( 'NONE',  ( 4.000000000000000000, 0.000000000000000000, 1.600000000000000089 ) ) ;
#1263 = CARTESIAN_POINT ( 'NONE',  ( -4.000000000000000000, 0.000000000000000000, 2.000000000000000000 ) ) ;
#1264 = FACE_OUTER_BOUND ( 'NONE', #330, .T. ) ;
#1265 = CARTESIAN_POINT ( 'NONE',  ( 5.200000000000000178, -2.640075756488815983, 2.000000000000000000 ) ) ;
#1266 = EDGE_CURVE ( 'NONE', #797, #1005, #329, .T. ) ;
#1267 = EDGE_CURVE ( 'NONE', #1332, #697, #2420, .T. ) ;
#1268 = ORIENTED_EDGE ( 'NONE', *, *, #721, .F. ) ;
#1269 = LINE ( 'NONE', #236, #766 ) ;
#1270 = DIRECTION ( 'NONE',  ( -0.000000000000000000, -0.000000000000000000, 1.000000000000000000 ) ) ;
#1271 = VERTEX_POINT ( 'NONE', #690 ) ;
#1272 = B_SPLINE_CURVE_WITH_KNOTS ( 'NONE', 3,
 ( #436, #1715, #2304, #2145 ),
 .UNSPECIFIED., .F., .F.,
 ( 4, 4 ),
 ( 2.168404344971008868E-19, 0.0006385492624840962816 ),
 .UNSPECIFIED. ) ;
#1273 = DIRECTION ( 'NONE',  ( 0.000000000000000000, -0.7071067811865435759, -0.7071067811865515695 ) ) ;
#1274 = CARTESIAN_POINT ( 'NONE',  ( -5.600000000000000533, -1.920937271229848919, 1.600000000000000089 ) ) ;
#1275 = LINE ( 'NONE', #2513, #828 ) ;
#1276 = DIRECTION ( 'NONE',  ( 1.000000000000000000, 0.000000000000000000, 0.000000000000000000 ) ) ;
#1277 = CARTESIAN_POINT ( 'NONE',  ( 5.199999999999999289, -2.193171219946126183, 1.600000000000000089 ) ) ;
#1278 = ORIENTED_EDGE ( 'NONE', *, *, #643, .F. ) ;
#1279 = EDGE_CURVE ( 'NONE', #953, #1370, #1682, .T. ) ;
#1280 = PLANE ( 'NONE',  #1243 ) ;
#1281 = AXIS2_PLACEMENT_3D ( 'NONE', #2576, #499, #2355 ) ;
#1282 = EDGE_CURVE ( 'NONE', #1489, #371, #679, .T. ) ;
#1283 = DIRECTION ( 'NONE',  ( 1.000000000000000000, 0.000000000000000000, 0.000000000000000000 ) ) ;
#1284 = ORIENTED_EDGE ( 'NONE', *, *, #1202, .F. ) ;
#1285 = DIRECTION ( 'NONE',  ( 1.084202172485504311E-16, 1.000000000000000000, -0.000000000000000000 ) ) ;
#1286 = CARTESIAN_POINT ( 'NONE',  ( -5.600000000000000533, -2.255190302127783042, 1.863647464194911674 ) ) ;
#1287 = DIRECTION ( 'NONE',  ( -0.000000000000000000, -0.000000000000000000, -1.000000000000000000 ) ) ;
#1288 = DIRECTION ( 'NONE',  ( -1.000000000000000000, 0.000000000000000000, -0.000000000000000000 ) ) ;
#1289 = DIRECTION ( 'NONE',  ( 1.000000000000000000, -0.000000000000000000, -0.000000000000000000 ) ) ;
#1290 = AXIS2_PLACEMENT_3D ( 'NONE', #1712, #457, #2292 ) ;
#1291 = ORIENTED_EDGE ( 'NONE', *, *, #2053, .T. ) ;
#1292 = AXIS2_PLACEMENT_3D ( 'NONE', #1138, #2154, #2181 ) ;
#1293 = EDGE_CURVE ( 'NONE', #952, #2325, #1614, .T. ) ;
#1294 = CARTESIAN_POINT ( 'NONE',  ( -4.700000000000001066, -2.538470168745210032, 1.732931361995402098 ) ) ;
#1295 = AXIS2_PLACEMENT_3D ( 'NONE', #1065, #219, #1691 ) ;
#1296 = VECTOR ( 'NONE', #1808, 1000.000000000000000 ) ;
#1297 = ADVANCED_FACE ( 'NONE', ( #123 ), #2380, .F. ) ;
#1298 = EDGE_CURVE ( 'NONE', #2136, #1545, #1765, .T. ) ;
#1299 = DIRECTION ( 'NONE',  ( 1.000000000000000000, 0.000000000000000000, 0.000000000000000000 ) ) ;
#1300 = VERTEX_POINT ( 'NONE', #2430 ) ;
#1301 = DIRECTION ( 'NONE',  ( 1.084202172485504434E-16, 1.000000000000000000, 0.000000000000000000 ) ) ;
#1302 = CARTESIAN_POINT ( 'NONE',  ( 4.000000000000000000, 3.299999999999998934, 1.600000000000000089 ) ) ;
#1303 = CARTESIAN_POINT ( 'NONE',  ( -2.599999999999996536, -3.300000000000000711, 1.600000000000000311 ) ) ;
#1304 = VECTOR ( 'NONE', #406, 1000.000000000000000 ) ;
#1305 = FACE_OUTER_BOUND ( 'NONE', #470, .T. ) ;
#1306 = AXIS2_PLACEMENT_3D ( 'NONE', #1859, #2699, #1659 ) ;
#1307 = CARTESIAN_POINT ( 'NONE',  ( 6.499999999999992006, 0.000000000000000000, 1.600000000000000089 ) ) ;
#1308 = DIRECTION ( 'NONE',  ( 0.000000000000000000, 0.000000000000000000, 1.000000000000000000 ) ) ;
#1309 = ORIENTED_EDGE ( 'NONE', *, *, #991, .T. ) ;
#1310 = CARTESIAN_POINT ( 'NONE',  ( -5.099999999999998757, 1.850000000000000089, -1.300000000000000044 ) ) ;
#1311 = EDGE_CURVE ( 'NONE', #1005, #2050, #1320, .T. ) ;
#1312 = AXIS2_PLACEMENT_3D ( 'NONE', #1560, #1308, #61 ) ;
#1313 = VECTOR ( 'NONE', #798, 1000.000000000000000 ) ;
#1314 = ADVANCED_FACE ( 'NONE', ( #485 ), #1743, .T. ) ;
#1315 = CIRCLE ( 'NONE', #694, 2.899999999999999023 ) ;
#1316 = DIRECTION ( 'NONE',  ( 1.000000000000000000, 0.000000000000000000, 0.000000000000000000 ) ) ;
#1317 = ADVANCED_FACE ( 'NONE', ( #2586 ), #925, .T. ) ;
#1318 = ORIENTED_EDGE ( 'NONE', *, *, #2598, .F. ) ;
#1319 = CARTESIAN_POINT ( 'NONE',  ( -4.000000000000000000, -2.899999999999999023, 0.3999999999999999667 ) ) ;
#1320 = LINE ( 'NONE', #1536, #579 ) ;
#1321 = FACE_OUTER_BOUND ( 'NONE', #2193, .T. ) ;
#1322 = DIRECTION ( 'NONE',  ( 7.666467083416913831E-17, 0.7071067811865515695, -0.7071067811865435759 ) ) ;
#1323 = CLOSED_SHELL ( 'NONE', ( #1317, #1957, #2527, #853, #442, #1108, #1669, #1720, #1518, #1963, #2272, #2195, #2604, #58, #1490, #1071, #1801, #1583, #1314, #960, #1477, #2636, #1297, #2693, #1423, #1880, #2554, #572, #2318, #2266, #292, #1989, #1906, #2198, #2017, #856, #1011, #132, #2166, #791, #341, #1086, #2386, #2362, #1136, #238, #88, #1142, #2543, #175, #1516, #1465, #209, #222, #919, #2568, #522, #708, #1348, #1025, #1684, #826, #1553, #507, #1165, #1780, #1868, #523, #1436, #289, #2569, #1933, #1767, #1179, #588, #171, #888, #1693, #1256, #257, #2570, #2471, #2432, #575, #624, #1513, #2100, #2488, #1718, #1600, #2520, #2069 ) ) ;
#1324 = VECTOR ( 'NONE', #1045, 1000.000000000000000 ) ;
#1325 = DIRECTION ( 'NONE',  ( 1.000000000000000000, 0.000000000000000000, 0.000000000000000000 ) ) ;
#1326 = VERTEX_POINT ( 'NONE', #1342 ) ;
#1327 = DIRECTION ( 'NONE',  ( -0.000000000000000000, -0.000000000000000000, 1.000000000000000000 ) ) ;
#1328 = ORIENTED_EDGE ( 'NONE', *, *, #2661, .T. ) ;
#1329 = AXIS2_PLACEMENT_3D ( 'NONE', #1094, #2341, #1527 ) ;
#1330 = ORIENTED_EDGE ( 'NONE', *, *, #1059, .F. ) ;
#1331 = CARTESIAN_POINT ( 'NONE',  ( 6.899999999999998579, 0.000000000000000000, 1.600000000000000089 ) ) ;
#1332 = VERTEX_POINT ( 'NONE', #2269 ) ;
#1333 = CARTESIAN_POINT ( 'NONE',  ( 3.799999999999999822, 2.499999999999996003, 1.600000000000000089 ) ) ;
#1334 = DIRECTION ( 'NONE',  ( 1.000000000000000000, 0.000000000000000000, 0.000000000000000000 ) ) ;
#1335 = ORIENTED_EDGE ( 'NONE', *, *, #847, .F. ) ;
#1336 = AXIS2_PLACEMENT_3D ( 'NONE', #354, #1412, #1191 ) ;
#1337 = EDGE_CURVE ( 'NONE', #1966, #939, #395, .T. ) ;
#1338 = CARTESIAN_POINT ( 'NONE',  ( 5.200000000000000178, 2.492238777225657564, 1.865413508667169262 ) ) ;
#1339 = ORIENTED_EDGE ( 'NONE', *, *, #1584, .F. ) ;
#1340 = DIRECTION ( 'NONE',  ( 1.000000000000000000, 0.000000000000000000, 0.000000000000000000 ) ) ;
#1341 = ORIENTED_EDGE ( 'NONE', *, *, #12, .T. ) ;
#1342 = CARTESIAN_POINT ( 'NONE',  ( -5.099999999999998757, -1.850000000000000089, -2.000000000000000000 ) ) ;
#1343 = ORIENTED_EDGE ( 'NONE', *, *, #119, .T. ) ;
#1344 = PLANE ( 'NONE',  #1246 ) ;
#1345 = LINE ( 'NONE', #951, #2170 ) ;
#1346 = ORIENTED_EDGE ( 'NONE', *, *, #504, .F. ) ;
#1347 = AXIS2_PLACEMENT_3D ( 'NONE', #2163, #922, #530 ) ;
#1348 = ADVANCED_FACE ( 'NONE', ( #1655 ), #1642, .T. ) ;
#1349 = EDGE_CURVE ( 'NONE', #797, #1997, #989, .T. ) ;
#1350 = CARTESIAN_POINT ( 'NONE',  ( 1.950000000000000178, 1.850000000000000089, -2.000000000000000000 ) ) ;
#1351 = DIRECTION ( 'NONE',  ( 0.000000000000000000, -1.000000000000000000, 0.000000000000000000 ) ) ;
#1352 = VERTEX_POINT ( 'NONE', #1215 ) ;
#1353 = ORIENTED_EDGE ( 'NONE', *, *, #1944, .T. ) ;
#1354 = DIRECTION ( 'NONE',  ( 0.7071067811865431318, -7.666467083416821387E-17, -0.7071067811865520136 ) ) ;
#1355 = DIRECTION ( 'NONE',  ( 1.000000000000000000, 1.084202172485504434E-15, 0.000000000000000000 ) ) ;
#1356 = VECTOR ( 'NONE', #2392, 1000.000000000000000 ) ;
#1357 = ORIENTED_EDGE ( 'NONE', *, *, #453, .F. ) ;
#1358 = CIRCLE ( 'NONE', #1709, 0.3999999999999999667 ) ;
#1359 = FACE_OUTER_BOUND ( 'NONE', #107, .T. ) ;
#1360 = AXIS2_PLACEMENT_3D ( 'NONE', #174, #1628, #1615 ) ;
#1361 = CARTESIAN_POINT ( 'NONE',  ( 1.950000000000000178, -1.449999999999999956, -2.000000000000000000 ) ) ;
#1362 = ORIENTED_EDGE ( 'NONE', *, *, #2399, .F. ) ;
#1363 = EDGE_LOOP ( 'NONE', ( #850, #541, #1494, #988 ) ) ;
#1364 = ORIENTED_EDGE ( 'NONE', *, *, #2152, .F. ) ;
#1365 = ORIENTED_EDGE ( 'NONE', *, *, #1031, .T. ) ;
#1366 = VECTOR ( 'NONE', #2034, 1000.000000000000000 ) ;
#1367 = CARTESIAN_POINT ( 'NONE',  ( 4.000000000000000000, 0.000000000000000000, 2.000000000000000000 ) ) ;
#1368 = DIRECTION ( 'NONE',  ( -0.000000000000000000, -0.000000000000000000, -1.000000000000000000 ) ) ;
#1369 =( NAMED_UNIT ( * ) SI_UNIT ( $, .STERADIAN. ) SOLID_ANGLE_UNIT ( ) );
#1370 = VERTEX_POINT ( 'NONE', #2491 ) ;
#1371 = CARTESIAN_POINT ( 'NONE',  ( 6.099999999999999645, -1.999999999999999112, 2.000000000000000000 ) ) ;
#1372 = DIRECTION ( 'NONE',  ( 1.000000000000000000, -1.275531967630005245E-16, 0.000000000000000000 ) ) ;
#1373 = VERTEX_POINT ( 'NONE', #591 ) ;
#1374 = ORIENTED_EDGE ( 'NONE', *, *, #453, .T. ) ;
#1375 = CIRCLE ( 'NONE', #1854, 0.3999999999999999667 ) ;
#1376 = ORIENTED_EDGE ( 'NONE', *, *, #1129, .T. ) ;
#1377 = ORIENTED_EDGE ( 'NONE', *, *, #1993, .F. ) ;
#1378 = DIRECTION ( 'NONE',  ( -1.172110456741085828E-16, -1.000000000000000000, 0.000000000000000000 ) ) ;
#1379 = EDGE_CURVE ( 'NONE', #444, #1750, #1856, .T. ) ;
#1380 = DIRECTION ( 'NONE',  ( 1.000000000000000000, 0.000000000000000000, 0.000000000000000000 ) ) ;
#1381 = EDGE_CURVE ( 'NONE', #729, #1439, #1231, .T. ) ;
#1382 = FACE_BOUND ( 'NONE', #775, .T. ) ;
#1383 = ORIENTED_EDGE ( 'NONE', *, *, #811, .T. ) ;
#1384 = VECTOR ( 'NONE', #1711, 1000.000000000000000 ) ;
#1385 = CARTESIAN_POINT ( 'NONE',  ( 3.400000000000000355, -2.899999999999999023, 2.000000000000000000 ) ) ;
#1386 = LINE ( 'NONE', #191, #235 ) ;
#1387 = ORIENTED_EDGE ( 'NONE', *, *, #2349, .T. ) ;
#1388 = ORIENTED_EDGE ( 'NONE', *, *, #2399, .T. ) ;
#1389 = CARTESIAN_POINT ( 'NONE',  ( 5.099999999999999645, 1.450000000000000178, -1.300000000000000044 ) ) ;
#1390 = AXIS2_PLACEMENT_3D ( 'NONE', #1757, #692, #1334 ) ;
#1391 = VERTEX_POINT ( 'NONE', #1845 ) ;
#1392 = ORIENTED_EDGE ( 'NONE', *, *, #2453, .T. ) ;
#1393 = DIRECTION ( 'NONE',  ( 0.000000000000000000, -0.000000000000000000, 1.000000000000000000 ) ) ;
#1394 = CARTESIAN_POINT ( 'NONE',  ( -6.099999999999999645, 2.000000000000000000, 2.000000000000000000 ) ) ;
#1396 = EDGE_CURVE ( 'NONE', #2346, #2418, #173, .T. ) ;
#1395 = LINE ( 'NONE', #1988, #1920 ) ;
#1397 = ORIENTED_EDGE ( 'NONE', *, *, #1056, .T. ) ;
#1398 = DIRECTION ( 'NONE',  ( 1.000000000000000000, -0.000000000000000000, -0.000000000000000000 ) ) ;
#1399 = CARTESIAN_POINT ( 'NONE',  ( 1.950000000000000178, 1.450000000000000178, 0.000000000000000000 ) ) ;
#1400 = EDGE_CURVE ( 'NONE', #1352, #1505, #2278, .T. ) ;
#1401 = VERTEX_POINT ( 'NONE', #2682 ) ;
#1402 = ORIENTED_EDGE ( 'NONE', *, *, #1823, .T. ) ;
#1403 = DIRECTION ( 'NONE',  ( -1.000000000000000000, 0.000000000000000000, 0.000000000000000000 ) ) ;
#1404 = CARTESIAN_POINT ( 'NONE',  ( 3.800000000000000266, 2.499999999999996003, 1.600000000000000089 ) ) ;
#1405 = VERTEX_POINT ( 'NONE', #814 ) ;
#1406 = VERTEX_POINT ( 'NONE', #2460 ) ;
#1407 = DIRECTION ( 'NONE',  ( -0.000000000000000000, -0.000000000000000000, -1.000000000000000000 ) ) ;
#1408 = DIRECTION ( 'NONE',  ( -7.666467083416916297E-17, -0.7071067811865517916, -0.7071067811865432429 ) ) ;
#1409 = DIRECTION ( 'NONE',  ( 1.000000000000000000, 0.000000000000000000, 0.000000000000000000 ) ) ;
#1410 = ORIENTED_EDGE ( 'NONE', *, *, #935, .F. ) ;
#1411 = CARTESIAN_POINT ( 'NONE',  ( -4.000000000000000000, -3.299999999999998934, 2.000000000000000000 ) ) ;
#1412 = DIRECTION ( 'NONE',  ( 0.000000000000000000, 0.000000000000000000, 1.000000000000000000 ) ) ;
#1413 = AXIS2_PLACEMENT_3D ( 'NONE', #2018, #2241, #1871 ) ;
#1414 = EDGE_LOOP ( 'NONE', ( #143, #2546, #1911, #719 ) ) ;
#1415 = VERTEX_POINT ( 'NONE', #2668 ) ;
#1416 = FACE_OUTER_BOUND ( 'NONE', #2458, .T. ) ;
#1417 = CARTESIAN_POINT ( 'NONE',  ( 4.699999999999999289, 2.676499134117004353, 1.866322838582651578 ) ) ;
#1418 = VECTOR ( 'NONE', #515, 1000.000000000000000 ) ;
#1419 = EDGE_CURVE ( 'NONE', #1991, #908, #1956, .T. ) ;
#1420 = ORIENTED_EDGE ( 'NONE', *, *, #1658, .T. ) ;
#1421 = EDGE_LOOP ( 'NONE', ( #2427, #117, #1214, #1110, #1427 ) ) ;
#1422 = DIRECTION ( 'NONE',  ( 0.000000000000000000, 0.000000000000000000, 1.000000000000000000 ) ) ;
#1423 = ADVANCED_FACE ( 'NONE', ( #1627 ), #1178, .F. ) ;
#1424 = LINE ( 'NONE', #786, #2541 ) ;
#1425 = AXIS2_PLACEMENT_3D ( 'NONE', #661, #2336, #1299 ) ;
#1426 = LINE ( 'NONE', #1247, #1054 ) ;
#1427 = ORIENTED_EDGE ( 'NONE', *, *, #926, .T. ) ;
#1428 = CARTESIAN_POINT ( 'NONE',  ( 4.000000000000000000, 0.000000000000000000, 1.600000000000000089 ) ) ;
#1429 = CARTESIAN_POINT ( 'NONE',  ( 5.099999999999999645, 1.450000000000000178, -2.000000000000000000 ) ) ;
#1430 = ORIENTED_EDGE ( 'NONE', *, *, #1140, .T. ) ;
#1431 = CARTESIAN_POINT ( 'NONE',  ( 1.950000000000000178, 1.850000000000000089, -2.000000000000000000 ) ) ;
#1432 = CARTESIAN_POINT ( 'NONE',  ( 5.099999999999999645, -1.850000000000000089, -2.000000000000000000 ) ) ;
#1433 = CIRCLE ( 'NONE', #1777, 0.4000000000000001887 ) ;
#1434 = EDGE_CURVE ( 'NONE', #2144, #2230, #1014, .T. ) ;
#1435 = EDGE_CURVE ( 'NONE', #759, #1895, #2138, .T. ) ;
#1436 = ADVANCED_FACE ( 'NONE', ( #2248 ), #2073, .F. ) ;
#1437 = EDGE_CURVE ( 'NONE', #2208, #1149, #1001, .T. ) ;
#1438 = ORIENTED_EDGE ( 'NONE', *, *, #1381, .T. ) ;
#1439 = VERTEX_POINT ( 'NONE', #2482 ) ;
#1440 = CARTESIAN_POINT ( 'NONE',  ( 3.399999999999999911, -2.499999999999996003, 1.600000000000000089 ) ) ;
#1441 = AXIS2_PLACEMENT_3D ( 'NONE', #2354, #1075, #1474 ) ;
#1442 = CARTESIAN_POINT ( 'NONE',  ( 2.599999999999997424, 3.299999999999998934, 1.600000000000000089 ) ) ;
#1443 = DIRECTION ( 'NONE',  ( -1.000000000000000000, 1.776356839400250465E-15, 0.000000000000000000 ) ) ;
#1444 = ORIENTED_EDGE ( 'NONE', *, *, #23, .F. ) ;
#1445 = CARTESIAN_POINT ( 'NONE',  ( -4.000000000000000000, 0.000000000000000000, 2.000000000000000000 ) ) ;
#1446 = AXIS2_PLACEMENT_3D ( 'NONE', #1826, #390, #1812 ) ;
#1447 = CARTESIAN_POINT ( 'NONE',  ( -4.000000000000000000, 2.899999999999999467, 0.4000000000000000222 ) ) ;
#1448 = CARTESIAN_POINT ( 'NONE',  ( 6.899999999999998579, 0.000000000000000000, 0.000000000000000000 ) ) ;
#1449 = DIRECTION ( 'NONE',  ( 1.000000000000000000, 0.000000000000000000, 0.000000000000000000 ) ) ;
#1450 = CARTESIAN_POINT ( 'NONE',  ( -5.499999999999999112, 1.449999999999999956, -2.000000000000000000 ) ) ;
#1451 = CARTESIAN_POINT ( 'NONE',  ( 4.700000000000000178, 2.399999999999999467, 1.600000000000000089 ) ) ;
#1452 = B_SPLINE_CURVE_WITH_KNOTS ( 'NONE', 3,
 ( #472, #550, #363, #2001 ),
 .UNSPECIFIED., .F., .F.,
 ( 4, 4 ),
 ( 1.226634733346699349E-18, 0.0006385492624840954142 ),
 .UNSPECIFIED. ) ;
#1453 = VECTOR ( 'NONE', #1778, 1000.000000000000000 ) ;
#1454 = AXIS2_PLACEMENT_3D ( 'NONE', #194, #793, #1449 ) ;
#1455 = CONICAL_SURFACE ( 'NONE', #2229, 2.499999999999995115, 0.7853981633974547183 ) ;
#1456 = ORIENTED_EDGE ( 'NONE', *, *, #2109, .T. ) ;
#1457 = LINE ( 'NONE', #2065, #1366 ) ;
#1458 = CARTESIAN_POINT ( 'NONE',  ( 3.400000000000001243, 2.899999999999999023, 1.600000000000000089 ) ) ;
#1459 = FACE_OUTER_BOUND ( 'NONE', #780, .T. ) ;
#1460 = ORIENTED_EDGE ( 'NONE', *, *, #1864, .F. ) ;
#1461 = DIRECTION ( 'NONE',  ( 0.000000000000000000, 0.000000000000000000, 1.000000000000000000 ) ) ;
#1462 = CARTESIAN_POINT ( 'NONE',  ( -1.549999999999999600, 1.450000000000000178, 0.000000000000000000 ) ) ;
#1463 = DIRECTION ( 'NONE',  ( 1.084202172485504311E-16, 1.000000000000000000, -0.000000000000000000 ) ) ;
#1464 = AXIS2_PLACEMENT_3D ( 'NONE', #242, #229, #1062 ) ;
#1465 = ADVANCED_FACE ( 'NONE', ( #344 ), #807, .F. ) ;
#1466 = LINE ( 'NONE', #1917, #2308 ) ;
#1467 = VERTEX_POINT ( 'NONE', #2677 ) ;
#1468 = CARTESIAN_POINT ( 'NONE',  ( -4.000000000000000000, 0.000000000000000000, 2.000000000000000000 ) ) ;
#1469 = AXIS2_PLACEMENT_3D ( 'NONE', #1873, #2, #227 ) ;
#1470 = EDGE_CURVE ( 'NONE', #1752, #1467, #586, .T. ) ;
#1471 = CARTESIAN_POINT ( 'NONE',  ( 5.200000000000000178, 2.640075756488815983, 2.000000000000000000 ) ) ;
#1472 = EDGE_LOOP ( 'NONE', ( #414, #389, #2429, #1383, #2061, #1374, #1009, #393 ) ) ;
#1473 = CARTESIAN_POINT ( 'NONE',  ( 3.400000000000000355, 2.499999999999996003, 1.600000000000000089 ) ) ;
#1474 = DIRECTION ( 'NONE',  ( -1.000000000000000000, 0.000000000000000000, 0.000000000000000000 ) ) ;
#1475 = CARTESIAN_POINT ( 'NONE',  ( -4.300000000000000711, -3.300000000000001599, 1.600000000000000089 ) ) ;
#1476 = CARTESIAN_POINT ( 'NONE',  ( -6.099999999999999645, 1.578852311244927531, 1.720663789558653400 ) ) ;
#1477 = ADVANCED_FACE ( 'NONE', ( #182 ), #131, .F. ) ;
#1478 = CARTESIAN_POINT ( 'NONE',  ( 3.400000000000000355, -3.299999999999998934, 1.599999999999999867 ) ) ;
#1479 = CARTESIAN_POINT ( 'NONE',  ( -5.499999999999999112, 1.449999999999999956, -2.000000000000000000 ) ) ;
#1480 = AXIS2_PLACEMENT_3D ( 'NONE', #2552, #2517, #632 ) ;
#1481 = CARTESIAN_POINT ( 'NONE',  ( 1.950000000000000178, 1.850000000000000089, -1.300000000000000044 ) ) ;
#1482 = EDGE_LOOP ( 'NONE', ( #1039, #685, #701, #2426, #746 ) ) ;
#1483 = FACE_OUTER_BOUND ( 'NONE', #893, .T. ) ;
#1484 = CARTESIAN_POINT ( 'NONE',  ( -4.000000000000000000, -2.899999999999999023, 1.600000000000000089 ) ) ;
#1485 = CARTESIAN_POINT ( 'NONE',  ( -3.000000000000000000, -2.899999999999999023, 1.999999999999999556 ) ) ;
#1486 = DIRECTION ( 'NONE',  ( 0.000000000000000000, 0.000000000000000000, 1.000000000000000000 ) ) ;
#1487 = FACE_OUTER_BOUND ( 'NONE', #741, .T. ) ;
#1488 = EDGE_CURVE ( 'NONE', #1838, #75, #253, .T. ) ;
#1489 = VERTEX_POINT ( 'NONE', #970 ) ;
#1490 = ADVANCED_FACE ( 'NONE', ( #357 ), #985, .T. ) ;
#1491 = AXIS2_PLACEMENT_3D ( 'NONE', #2683, #1203, #564 ) ;
#1492 = LINE ( 'NONE', #2323, #1384 ) ;
#1493 = DIRECTION ( 'NONE',  ( 1.000000000000000000, 0.000000000000000000, 0.000000000000000000 ) ) ;
#1494 = ORIENTED_EDGE ( 'NONE', *, *, #1266, .F. ) ;
#1495 = CARTESIAN_POINT ( 'NONE',  ( -4.300000000000000711, -3.300000000000001599, 1.600000000000000089 ) ) ;
#1496 = CYLINDRICAL_SURFACE ( 'NONE', #1566, 0.3999999999999999667 ) ;
#1497 = FACE_OUTER_BOUND ( 'NONE', #1414, .T. ) ;
#1498 = DIRECTION ( 'NONE',  ( 0.000000000000000000, 1.000000000000000000, 0.000000000000000000 ) ) ;
#1499 = CARTESIAN_POINT ( 'NONE',  ( 4.699999999999999289, -2.399999999999999023, 1.600000000000000089 ) ) ;
#1500 = EDGE_CURVE ( 'NONE', #923, #1406, #1085, .T. ) ;
#1501 = EDGE_CURVE ( 'NONE', #1245, #2631, #781, .T. ) ;
#1502 = ORIENTED_EDGE ( 'NONE', *, *, #2064, .T. ) ;
#1503 = CARTESIAN_POINT ( 'NONE',  ( 5.599999999999998757, -3.300000000000002487, 2.000000000000000000 ) ) ;
#1504 = FACE_OUTER_BOUND ( 'NONE', #380, .T. ) ;
#1505 = VERTEX_POINT ( 'NONE', #2455 ) ;
#1506 = LINE ( 'NONE', #2511, #359 ) ;
#1507 = FACE_OUTER_BOUND ( 'NONE', #2039, .T. ) ;
#1508 = CARTESIAN_POINT ( 'NONE',  ( -6.100000000000000533, -1.791843062066368120, 1.856443491080258967 ) ) ;
#1509 = LINE ( 'NONE', #1132, #2515 ) ;
#1510 = LINE ( 'NONE', #419, #33 ) ;
#1511 = AXIS2_PLACEMENT_3D ( 'NONE', #2509, #2324, #1283 ) ;
#1512 = DIRECTION ( 'NONE',  ( 1.000000000000000000, 0.000000000000000000, 0.000000000000000000 ) ) ;
#1513 = ADVANCED_FACE ( 'NONE', ( #1029 ), #404, .T. ) ;
#1514 = ORIENTED_EDGE ( 'NONE', *, *, #1419, .F. ) ;
#1515 = AXIS2_PLACEMENT_3D ( 'NONE', #1156, #465, #1355 ) ;
#1516 = ADVANCED_FACE ( 'NONE', ( #1416 ), #1211, .F. ) ;
#1517 = EDGE_CURVE ( 'NONE', #2067, #323, #2311, .T. ) ;
#1518 = ADVANCED_FACE ( 'NONE', ( #1497 ), #1914, .T. ) ;
#1519 = DIRECTION ( 'NONE',  ( 1.084202172485504311E-16, 1.000000000000000000, -0.000000000000000000 ) ) ;
#1520 = VECTOR ( 'NONE', #1030, 1000.000000000000000 ) ;
#1521 = VECTOR ( 'NONE', #831, 1000.000000000000000 ) ;
#1522 = DIRECTION ( 'NONE',  ( 1.000000000000000000, 0.000000000000000000, 0.000000000000000000 ) ) ;
#1523 = EDGE_LOOP ( 'NONE', ( #963, #2013, #2192, #2246, #2681, #1937 ) ) ;
#1524 = DIRECTION ( 'NONE',  ( 0.000000000000000000, 0.000000000000000000, 1.000000000000000000 ) ) ;
#1525 = CARTESIAN_POINT ( 'NONE',  ( -0.8500000000000001998, -0.8500000000000000888, 4.404163056034261281 ) ) ;
#1526 = CIRCLE ( 'NONE', #2572, 0.4000000000000000222 ) ;
#1527 = DIRECTION ( 'NONE',  ( -1.084202172485504434E-16, -1.000000000000000000, 0.000000000000000000 ) ) ;
#1528 = CARTESIAN_POINT ( 'NONE',  ( -4.000000000000000000, 0.000000000000000000, 0.3999999999999999667 ) ) ;
#1529 = DIRECTION ( 'NONE',  ( 0.000000000000000000, 0.000000000000000000, 1.000000000000000000 ) ) ;
#1530 = ORIENTED_EDGE ( 'NONE', *, *, #1235, .F. ) ;
#1531 = AXIS2_PLACEMENT_3D ( 'NONE', #1239, #568, #790 ) ;
#1532 = AXIS2_PLACEMENT_3D ( 'NONE', #587, #167, #1137 ) ;
#1533 = DIRECTION ( 'NONE',  ( 1.084202172485504311E-16, 1.000000000000000000, -0.000000000000000000 ) ) ;
#1534 = ORIENTED_EDGE ( 'NONE', *, *, #1059, .T. ) ;
#1535 = EDGE_LOOP ( 'NONE', ( #2625, #864, #77, #305 ) ) ;
#1536 = CARTESIAN_POINT ( 'NONE',  ( 6.099999999999998757, -3.300000000000002931, 1.600000000000000089 ) ) ;
#1537 = LINE ( 'NONE', #2190, #840 ) ;
#1538 = ORIENTED_EDGE ( 'NONE', *, *, #2635, .F. ) ;
#1539 = EDGE_CURVE ( 'NONE', #2394, #1991, #665, .T. ) ;
#1540 = B_SPLINE_CURVE_WITH_KNOTS ( 'NONE', 3,
 ( #418, #861, #1476, #631 ),
 .UNSPECIFIED., .F., .F.,
 ( 4, 4 ),
 ( 1.939479807224432123E-18, 0.0007577176344125867912 ),
 .UNSPECIFIED. ) ;
#1541 = PLANE ( 'NONE',  #1983 ) ;
#1542 = VERTEX_POINT ( 'NONE', #2340 ) ;
#1543 = DIRECTION ( 'NONE',  ( -0.000000000000000000, -0.000000000000000000, -1.000000000000000000 ) ) ;
#1544 = ORIENTED_EDGE ( 'NONE', *, *, #2320, .F. ) ;
#1545 = VERTEX_POINT ( 'NONE', #1927 ) ;
#1546 = APPLICATION_PROTOCOL_DEFINITION ( 'draft international standard', 'automotive_design', 1998, #2620 ) ;
#1547 = LINE ( 'NONE', #1201, #315 ) ;
#1548 = ORIENTED_EDGE ( 'NONE', *, *, #1799, .T. ) ;
#1549 = EDGE_CURVE ( 'NONE', #697, #1952, #1152, .T. ) ;
#1550 = PLANE ( 'NONE',  #2689 ) ;
#1551 = CARTESIAN_POINT ( 'NONE',  ( 4.000000000000000000, 0.000000000000000000, 1.600000000000000089 ) ) ;
#1552 = ORIENTED_EDGE ( 'NONE', *, *, #825, .T. ) ;
#1553 = ADVANCED_FACE ( 'NONE', ( #2295 ), #231, .F. ) ;
#1554 = CONICAL_SURFACE ( 'NONE', #493, 2.499999999999992450, 0.7853981633974526089 ) ;
#1555 = CIRCLE ( 'NONE', #2083, 2.899999999999999023 ) ;
#1556 = CARTESIAN_POINT ( 'NONE',  ( -4.000000000000000000, 2.899999999999999911, 1.600000000000000089 ) ) ;
#1557 = VERTEX_POINT ( 'NONE', #1041 ) ;
#1558 = EDGE_LOOP ( 'NONE', ( #805, #1713, #1339, #2214 ) ) ;
#1559 = CARTESIAN_POINT ( 'NONE',  ( -6.099999999999999645, -1.999999999999998668, 2.000000000000000000 ) ) ;
#1560 = CARTESIAN_POINT ( 'NONE',  ( 4.000000000000000000, 0.000000000000000000, 1.600000000000000089 ) ) ;
#1561 = ORIENTED_EDGE ( 'NONE', *, *, #487, .T. ) ;
#1562 = DIRECTION ( 'NONE',  ( 1.000000000000000000, 0.000000000000000000, 0.000000000000000000 ) ) ;
#1563 = PLANE ( 'NONE',  #1744 ) ;
#1564 = ORIENTED_EDGE ( 'NONE', *, *, #1223, .F. ) ;
#1565 = ORIENTED_EDGE ( 'NONE', *, *, #2271, .F. ) ;
#1566 = AXIS2_PLACEMENT_3D ( 'NONE', #1484, #28, #1524 ) ;
#1567 = EDGE_CURVE ( 'NONE', #1650, #1789, #2403, .T. ) ;
#1568 = CIRCLE ( 'NONE', #1787, 2.499999999999998668 ) ;
#1569 = EDGE_CURVE ( 'NONE', #1271, #903, #1275, .T. ) ;
#1570 = ORIENTED_EDGE ( 'NONE', *, *, #2635, .T. ) ;
#1571 = ORIENTED_EDGE ( 'NONE', *, *, #2028, .T. ) ;
#1572 = DIRECTION ( 'NONE',  ( 1.000000000000000000, 0.000000000000000000, -0.000000000000000000 ) ) ;
#1573 = CARTESIAN_POINT ( 'NONE',  ( -2.499999999999993783, 3.299999999999999822, 1.499999999999999556 ) ) ;
#1574 = CIRCLE ( 'NONE', #396, 2.499999999999995115 ) ;
#1575 = ORIENTED_EDGE ( 'NONE', *, *, #1267, .T. ) ;
#1576 = VECTOR ( 'NONE', #546, 1000.000000000000000 ) ;
#1577 = DIRECTION ( 'NONE',  ( 1.084202172485504434E-16, 1.000000000000000000, 0.000000000000000000 ) ) ;
#1578 = AXIS2_PLACEMENT_3D ( 'NONE', #2641, #539, #2240 ) ;
#1579 = DIRECTION ( 'NONE',  ( -0.000000000000000000, -0.000000000000000000, -1.000000000000000000 ) ) ;
#1580 = VERTEX_POINT ( 'NONE', #218 ) ;
#1581 = ORIENTED_EDGE ( 'NONE', *, *, #1993, .T. ) ;
#1582 = EDGE_CURVE ( 'NONE', #82, #2136, #520, .T. ) ;
#1583 = ADVANCED_FACE ( 'NONE', ( #1877 ), #1887, .F. ) ;
#1584 = EDGE_CURVE ( 'NONE', #1073, #1489, #1180, .T. ) ;
#1585 = EDGE_LOOP ( 'NONE', ( #827, #957, #1365, #309, #548, #2587 ) ) ;
#1586 = ORIENTED_EDGE ( 'NONE', *, *, #2271, .T. ) ;
#1587 = VECTOR ( 'NONE', #1101, 1000.000000000000000 ) ;
#1588 = DIRECTION ( 'NONE',  ( -0.000000000000000000, 0.000000000000000000, -1.000000000000000000 ) ) ;
#1589 = DIRECTION ( 'NONE',  ( 1.000000000000000000, 0.000000000000000000, 0.000000000000000000 ) ) ;
#1590 = CARTESIAN_POINT ( 'NONE',  ( 0.000000000000000000, 0.000000000000000000, 0.000000000000000000 ) ) ;
#1591 = EDGE_LOOP ( 'NONE', ( #2092, #106, #1346, #2496 ) ) ;
#1592 = DIRECTION ( 'NONE',  ( 0.000000000000000000, -0.000000000000000000, 1.000000000000000000 ) ) ;
#1593 = FACE_OUTER_BOUND ( 'NONE', #557, .T. ) ;
#1594 = EDGE_LOOP ( 'NONE', ( #2639, #127, #1699, #2667 ) ) ;
#1595 = VERTEX_POINT ( 'NONE', #2105 ) ;
#1596 = DIRECTION ( 'NONE',  ( -1.084202172485504434E-16, -1.000000000000000000, 0.000000000000000000 ) ) ;
#1597 = ORIENTED_EDGE ( 'NONE', *, *, #676, .F. ) ;
#1598 = ORIENTED_EDGE ( 'NONE', *, *, #2401, .F. ) ;
#1599 = CARTESIAN_POINT ( 'NONE',  ( 6.099999999999998757, -1.356465996625040749, 1.600000000000000089 ) ) ;
#1600 = ADVANCED_FACE ( 'NONE', ( #1663 ), #1702, .T. ) ;
#1601 = CYLINDRICAL_SURFACE ( 'NONE', #1360, 0.3999999999999999667 ) ;
#1602 = CARTESIAN_POINT ( 'NONE',  ( 2.499999999999993783, -3.300000000000001599, 1.499999999999998890 ) ) ;
#1603 = ORIENTED_EDGE ( 'NONE', *, *, #2709, .F. ) ;
#1604 = AXIS2_PLACEMENT_3D ( 'NONE', #728, #1791, #1589 ) ;
#1605 = DIRECTION ( 'NONE',  ( 0.000000000000000000, 1.000000000000000000, 0.000000000000000000 ) ) ;
#1606 = SURFACE_STYLE_USAGE ( .BOTH. , #1632 ) ;
#1607 = ORIENTED_EDGE ( 'NONE', *, *, #2489, .F. ) ;
#1608 = ORIENTED_EDGE ( 'NONE', *, *, #1772, .T. ) ;
#1609 = DIRECTION ( 'NONE',  ( 1.000000000000000000, 0.000000000000000000, 0.000000000000000000 ) ) ;
#1610 = DIRECTION ( 'NONE',  ( 1.000000000000000000, 0.000000000000000000, 0.000000000000000000 ) ) ;
#1611 = TOROIDAL_SURFACE ( 'NONE', #990, 2.899999999999999023, 0.4000000000000000222 ) ;
#1612 = EDGE_LOOP ( 'NONE', ( #1955, #281, #1774, #296 ) ) ;
#1613 = ORIENTED_EDGE ( 'NONE', *, *, #2082, .T. ) ;
#1614 = LINE ( 'NONE', #1525, #2022 ) ;
#1615 = DIRECTION ( 'NONE',  ( 1.000000000000000000, 0.000000000000000000, 0.000000000000000000 ) ) ;
#1616 = CARTESIAN_POINT ( 'NONE',  ( 1.550000000000000266, 1.850000000000000089, 0.000000000000000000 ) ) ;
#1617 = ORIENTED_EDGE ( 'NONE', *, *, #42, .F. ) ;
#1618 = CARTESIAN_POINT ( 'NONE',  ( 5.500000000000000000, -1.850000000000000089, -1.300000000000000044 ) ) ;
#1619 =( NAMED_UNIT ( * ) PLANE_ANGLE_UNIT ( ) SI_UNIT ( $, .RADIAN. ) );
#1620 = ORIENTED_EDGE ( 'NONE', *, *, #2147, .T. ) ;
#1621 = DIRECTION ( 'NONE',  ( -0.000000000000000000, -0.000000000000000000, -1.000000000000000000 ) ) ;
#1622 = CARTESIAN_POINT ( 'NONE',  ( 2.834314575050760787, -3.299999999999998490, 1.834314575050762341 ) ) ;
#1623 = DIRECTION ( 'NONE',  ( -0.7071067811865439090, 7.666467083416831247E-17, -0.7071067811865512365 ) ) ;
#1624 = EDGE_CURVE ( 'NONE', #623, #2242, #206, .T. ) ;
#1625 = EDGE_LOOP ( 'NONE', ( #2038, #316, #1948, #146, #394 ) ) ;
#1626 = ORIENTED_EDGE ( 'NONE', *, *, #76, .T. ) ;
#1627 = FACE_OUTER_BOUND ( 'NONE', #1687, .T. ) ;
#1628 = DIRECTION ( 'NONE',  ( 0.000000000000000000, 0.000000000000000000, 1.000000000000000000 ) ) ;
#1629 = DIRECTION ( 'NONE',  ( -1.000000000000000000, 0.000000000000000000, 1.301042606982608279E-16 ) ) ;
#1630 = ORIENTED_EDGE ( 'NONE', *, *, #2147, .F. ) ;
#1631 = CARTESIAN_POINT ( 'NONE',  ( 4.699999999999999289, -2.538470168745210476, 1.732931361995401653 ) ) ;
#1632 = SURFACE_SIDE_STYLE ('',( #777 ) ) ;
#1633 = EDGE_CURVE ( 'NONE', #429, #1764, #1358, .T. ) ;
#1634 = CARTESIAN_POINT ( 'NONE',  ( -4.000000000000000000, 0.000000000000000000, 2.000000000000000000 ) ) ;
#1635 = DIRECTION ( 'NONE',  ( 1.084202172485504311E-16, 1.000000000000000000, -0.000000000000000000 ) ) ;
#1636 = EDGE_CURVE ( 'NONE', #2646, #2142, #2054, .T. ) ;
#1637 = EDGE_CURVE ( 'NONE', #732, #877, #630, .T. ) ;
#1638 = DIRECTION ( 'NONE',  ( -1.275531967630005245E-16, -1.000000000000000000, 0.000000000000000000 ) ) ;
#1639 = AXIS2_PLACEMENT_3D ( 'NONE', #232, #1878, #1486 ) ;
#1640 = ORIENTED_EDGE ( 'NONE', *, *, #1234, .T. ) ;
#1641 = VERTEX_POINT ( 'NONE', #639 ) ;
#1642 = CYLINDRICAL_SURFACE ( 'NONE', #727, 0.3999999999999999667 ) ;
#1643 = CARTESIAN_POINT ( 'NONE',  ( -3.400000000000000355, 2.499999999999996003, 1.600000000000000311 ) ) ;
#1644 = CIRCLE ( 'NONE', #2251, 0.4000000000000000222 ) ;
#1645 = CARTESIAN_POINT ( 'NONE',  ( 5.500000000000000000, 1.449999999999999956, -2.000000000000000000 ) ) ;
#1646 = ORIENTED_EDGE ( 'NONE', *, *, #1900, .T. ) ;
#1647 = FACE_OUTER_BOUND ( 'NONE', #379, .T. ) ;
#1648 = FILL_AREA_STYLE_COLOUR ( '', #1982 ) ;
#1649 = VECTOR ( 'NONE', #96, 1000.000000000000000 ) ;
#1650 = VERTEX_POINT ( 'NONE', #2550 ) ;
#1651 = CARTESIAN_POINT ( 'NONE',  ( -3.800000000000000711, -2.499999999999996447, 1.600000000000000089 ) ) ;
#1652 = FACE_OUTER_BOUND ( 'NONE', #26, .T. ) ;
#1653 = CARTESIAN_POINT ( 'NONE',  ( -0.8499999999999999778, 0.8499999999999998668, -2.000000000000000000 ) ) ;
#1654 = EDGE_LOOP ( 'NONE', ( #2385, #2010, #2157, #2605 ) ) ;
#1655 = FACE_OUTER_BOUND ( 'NONE', #1482, .T. ) ;
#1656 = AXIS2_PLACEMENT_3D ( 'NONE', #858, #678, #40 ) ;
#1657 = DIRECTION ( 'NONE',  ( -1.000000000000000000, 0.000000000000000000, 0.000000000000000000 ) ) ;
#1658 = EDGE_CURVE ( 'NONE', #2208, #189, #652, .T. ) ;
#1659 = DIRECTION ( 'NONE',  ( -1.000000000000000000, 0.000000000000000000, -0.000000000000000000 ) ) ;
#1660 = LINE ( 'NONE', #1047, #2695 ) ;
#1661 = ORIENTED_EDGE ( 'NONE', *, *, #2320, .T. ) ;
#1662 = CARTESIAN_POINT ( 'NONE',  ( 4.299999999999998934, -2.481934729198170153, 1.600000000000000089 ) ) ;
#1663 = FACE_OUTER_BOUND ( 'NONE', #1119, .T. ) ;
#1664 = DIRECTION ( 'NONE',  ( 1.172110456741085828E-16, 1.000000000000000000, -0.000000000000000000 ) ) ;
#1665 = CARTESIAN_POINT ( 'NONE',  ( -5.600000000000000533, -2.418677324489563407, 2.000000000000000000 ) ) ;
#1666 = VECTOR ( 'NONE', #17, 1000.000000000000000 ) ;
#1667 = AXIS2_PLACEMENT_3D ( 'NONE', #282, #1947, #74 ) ;
#1668 = ORIENTED_EDGE ( 'NONE', *, *, #1470, .F. ) ;
#1669 = ADVANCED_FACE ( 'NONE', ( #1175 ), #2687, .T. ) ;
#1670 = DIRECTION ( 'NONE',  ( -1.000000000000000000, 0.000000000000000000, -0.000000000000000000 ) ) ;
#1671 = EDGE_CURVE ( 'NONE', #1997, #1595, #1915, .T. ) ;
#1672 = CARTESIAN_POINT ( 'NONE',  ( 3.399999999999999911, -3.300000000000002487, 1.600000000000000089 ) ) ;
#1673 = CARTESIAN_POINT ( 'NONE',  ( -1.949999999999999734, 1.450000000000000178, 0.000000000000000000 ) ) ;
#1674 = ORIENTED_EDGE ( 'NONE', *, *, #1501, .F. ) ;
#1675 = CARTESIAN_POINT ( 'NONE',  ( -3.400000000000000799, -3.300000000000001599, 1.600000000000000089 ) ) ;
#1676 = CIRCLE ( 'NONE', #2150, 2.899999999999999023 ) ;
#1677 = CARTESIAN_POINT ( 'NONE',  ( 4.000000000000000000, 2.899999999999999023, 0.3999999999999999667 ) ) ;
#1678 = CARTESIAN_POINT ( 'NONE',  ( -4.000000000000000000, 0.000000000000000000, 1.600000000000000089 ) ) ;
#1679 = VECTOR ( 'NONE', #1261, 1000.000000000000000 ) ;
#1680 = PLANE ( 'NONE',  #1480 ) ;
#1681 = UNCERTAINTY_MEASURE_WITH_UNIT (LENGTH_MEASURE( 1.000000000000000082E-05 ), #1172, 'distance_accuracy_value', 'NONE');
#1682 = CIRCLE ( 'NONE', #491, 0.3999999999999999667 ) ;
#1683 = CARTESIAN_POINT ( 'NONE',  ( 1.550000000000000266, 1.450000000000000178, 0.000000000000000000 ) ) ;
#1684 = ADVANCED_FACE ( 'NONE', ( #1593 ), #633, .T. ) ;
#1685 = CONICAL_SURFACE ( 'NONE', #806, 2.499999999999992006, 0.7853981633974526089 ) ;
#1686 = CARTESIAN_POINT ( 'NONE',  ( -3.399999999999999911, 3.299999999999999822, 1.599999999999999867 ) ) ;
#1687 = EDGE_LOOP ( 'NONE', ( #2628, #517, #1376, #1387 ) ) ;
#1688 = CARTESIAN_POINT ( 'NONE',  ( -4.000000000000000000, 0.000000000000000000, 2.000000000000000000 ) ) ;
#1689 = CARTESIAN_POINT ( 'NONE',  ( -2.599999999999995648, 3.299999999999999822, 1.600000000000000311 ) ) ;
#1690 = DIRECTION ( 'NONE',  ( -1.000000000000000000, 7.228014483236687681E-16, 0.000000000000000000 ) ) ;
#1691 = DIRECTION ( 'NONE',  ( 1.172110456741085828E-16, 1.000000000000000000, 0.000000000000000000 ) ) ;
#1692 = DIRECTION ( 'NONE',  ( -0.000000000000000000, -0.000000000000000000, -1.000000000000000000 ) ) ;
#1693 = ADVANCED_FACE ( 'NONE', ( #370 ), #982, .T. ) ;
#1694 = EDGE_LOOP ( 'NONE', ( #702, #1309, #1924, #1707 ) ) ;
#1695 = LINE ( 'NONE', #2530, #24 ) ;
#1696 = CIRCLE ( 'NONE', #1347, 0.3999999999999999667 ) ;
#1697 = AXIS2_PLACEMENT_3D ( 'NONE', #1458, #2536, #1888 ) ;
#1698 = DIRECTION ( 'NONE',  ( 1.084202172485504311E-16, 1.000000000000000000, -0.000000000000000000 ) ) ;
#1699 = ORIENTED_EDGE ( 'NONE', *, *, #1293, .F. ) ;
#1700 = DIRECTION ( 'NONE',  ( -1.084202172485504434E-16, -1.000000000000000000, 0.000000000000000000 ) ) ;
#1701 = CARTESIAN_POINT ( 'NONE',  ( 4.000000000000000000, 3.299999999999998934, 0.3999999999999999667 ) ) ;
#1702 = CYLINDRICAL_SURFACE ( 'NONE', #955, 0.4000000000000001887 ) ;
#1703 = DIRECTION ( 'NONE',  ( 0.000000000000000000, 0.000000000000000000, 1.000000000000000000 ) ) ;
#1704 = EDGE_CURVE ( 'NONE', #2247, #189, #2559, .T. ) ;
#1705 = DIRECTION ( 'NONE',  ( 7.666467083416913831E-17, 0.7071067811865515695, 0.7071067811865435759 ) ) ;
#1706 = EDGE_CURVE ( 'NONE', #34, #297, #1644, .T. ) ;
#1707 = ORIENTED_EDGE ( 'NONE', *, *, #1549, .T. ) ;
#1708 = VECTOR ( 'NONE', #321, 1000.000000000000000 ) ;
#1709 = AXIS2_PLACEMENT_3D ( 'NONE', #1462, #2535, #835 ) ;
#1710 = CIRCLE ( 'NONE', #48, 2.499999999999998668 ) ;
#1711 = DIRECTION ( 'NONE',  ( 1.084202172485504311E-16, 1.000000000000000000, -0.000000000000000000 ) ) ;
#1712 = CARTESIAN_POINT ( 'NONE',  ( 4.000000000000000000, 0.000000000000000000, 2.000000000000000000 ) ) ;
#1713 = ORIENTED_EDGE ( 'NONE', *, *, #1282, .F. ) ;
#1714 = DIRECTION ( 'NONE',  ( -1.000000000000000000, 1.084202172485504434E-16, 0.000000000000000000 ) ) ;
#1715 = CARTESIAN_POINT ( 'NONE',  ( -5.599999999999999645, 2.089756969310457624, 1.729716820064323368 ) ) ;
#1716 = DIRECTION ( 'NONE',  ( 0.000000000000000000, 0.000000000000000000, 1.000000000000000000 ) ) ;
#1717 = DIRECTION ( 'NONE',  ( 1.084202172485504311E-16, 1.000000000000000000, -0.000000000000000000 ) ) ;
#1718 = ADVANCED_FACE ( 'NONE', ( #1837 ), #2037, .T. ) ;
#1719 = CARTESIAN_POINT ( 'NONE',  ( -1.950000000000000178, -1.449999999999999956, -1.300000000000000044 ) ) ;
#1720 = ADVANCED_FACE ( 'NONE', ( #2660 ), #804, .T. ) ;
#1721 = CARTESIAN_POINT ( 'NONE',  ( -6.100000000000000533, -1.356465996625039194, 1.600000000000000089 ) ) ;
#1722 = EDGE_CURVE ( 'NONE', #769, #995, #324, .T. ) ;
#1723 = VECTOR ( 'NONE', #857, 1000.000000000000000 ) ;
#1724 = ORIENTED_EDGE ( 'NONE', *, *, #684, .T. ) ;
#1725 = CARTESIAN_POINT ( 'NONE',  ( -5.499999999999999112, -1.850000000000000089, -2.000000000000000000 ) ) ;
#1726 = VECTOR ( 'NONE', #959, 1000.000000000000000 ) ;
#1727 = CARTESIAN_POINT ( 'NONE',  ( 2.599999999999996536, -3.300000000000001599, 1.600000000000000089 ) ) ;
#1728 = ORIENTED_EDGE ( 'NONE', *, *, #2654, .F. ) ;
#1729 = DIRECTION ( 'NONE',  ( -1.084202172485504434E-16, -1.000000000000000000, 0.000000000000000000 ) ) ;
#1730 = DIRECTION ( 'NONE',  ( -1.000000000000000000, -0.000000000000000000, 0.000000000000000000 ) ) ;
#1731 = PLANE ( 'NONE',  #534 ) ;
#1732 = CARTESIAN_POINT ( 'NONE',  ( 4.699999999999999289, -3.300000000000002487, 1.600000000000000089 ) ) ;
#1733 = LINE ( 'NONE', #1890, #597 ) ;
#1734 = STYLED_ITEM ( 'NONE', ( #2451 ), #1736 ) ;
#1735 = CARTESIAN_POINT ( 'NONE',  ( -1.549999999999999600, 1.850000000000000089, -2.000000000000000000 ) ) ;
#1736 = MANIFOLD_SOLID_BREP ( 'Ô²½Ç3', #1323 ) ;
#1737 = DIRECTION ( 'NONE',  ( 1.000000000000000000, 0.000000000000000000, -0.000000000000000000 ) ) ;
#1738 = DIRECTION ( 'NONE',  ( -0.000000000000000000, -0.000000000000000000, 1.000000000000000000 ) ) ;
#1739 = ORIENTED_EDGE ( 'NONE', *, *, #1704, .T. ) ;
#1740 = EDGE_CURVE ( 'NONE', #1952, #2160, #1386, .T. ) ;
#1741 = ORIENTED_EDGE ( 'NONE', *, *, #451, .T. ) ;
#1742 = SHAPE_DEFINITION_REPRESENTATION ( #212, #223 ) ;
#1743 = PLANE ( 'NONE',  #2110 ) ;
#1744 = AXIS2_PLACEMENT_3D ( 'NONE', #516, #2191, #1109 ) ;
#1745 = DIRECTION ( 'NONE',  ( 0.000000000000000000, -0.000000000000000000, 1.000000000000000000 ) ) ;
#1746 = CARTESIAN_POINT ( 'NONE',  ( 4.000000000000000000, 0.000000000000000000, 0.3999999999999999667 ) ) ;
#1747 = ORIENTED_EDGE ( 'NONE', *, *, #2179, .F. ) ;
#1748 = FACE_OUTER_BOUND ( 'NONE', #2696, .T. ) ;
#1749 = EDGE_CURVE ( 'NONE', #2672, #561, #901, .T. ) ;
#1750 = VERTEX_POINT ( 'NONE', #1399 ) ;
#1751 = DIRECTION ( 'NONE',  ( 1.000000000000000000, 0.000000000000000000, 0.000000000000000000 ) ) ;
#1752 = VERTEX_POINT ( 'NONE', #25 ) ;
#1753 = EDGE_CURVE ( 'NONE', #297, #2646, #2335, .T. ) ;
#1754 = DIRECTION ( 'NONE',  ( 0.000000000000000000, 0.000000000000000000, 1.000000000000000000 ) ) ;
#1755 = ORIENTED_EDGE ( 'NONE', *, *, #1396, .T. ) ;
#1756 = DIRECTION ( 'NONE',  ( -1.000000000000000000, 0.000000000000000000, 0.000000000000000000 ) ) ;
#1757 = CARTESIAN_POINT ( 'NONE',  ( 4.000000000000000000, 0.000000000000000000, 2.000000000000000000 ) ) ;
#1758 = ORIENTED_EDGE ( 'NONE', *, *, #608, .F. ) ;
#1759 = AXIS2_PLACEMENT_3D ( 'NONE', #420, #1529, #1057 ) ;
#1760 = FACE_OUTER_BOUND ( 'NONE', #434, .T. ) ;
#1761 = ORIENTED_EDGE ( 'NONE', *, *, #1785, .F. ) ;
#1762 = ORIENTED_EDGE ( 'NONE', *, *, #795, .F. ) ;
#1763 = CARTESIAN_POINT ( 'NONE',  ( 3.999999999999999112, -2.899999999999999023, 0.000000000000000000 ) ) ;
#1764 = VERTEX_POINT ( 'NONE', #1673 ) ;
#1765 = CIRCLE ( 'NONE', #1281, 0.3999999999999999667 ) ;
#1766 = ORIENTED_EDGE ( 'NONE', *, *, #2187, .F. ) ;
#1767 = ADVANCED_FACE ( 'NONE', ( #2312 ), #1685, .F. ) ;
#1768 = DIRECTION ( 'NONE',  ( 0.000000000000000000, -1.000000000000000000, 0.000000000000000000 ) ) ;
#1769 = DIRECTION ( 'NONE',  ( 1.084202172485504311E-16, 1.000000000000000000, -0.000000000000000000 ) ) ;
#1770 = ORIENTED_EDGE ( 'NONE', *, *, #2233, .F. ) ;
#1771 = VERTEX_POINT ( 'NONE', #1686 ) ;
#1772 = EDGE_CURVE ( 'NONE', #733, #623, #1660, .T. ) ;
#1773 = VECTOR ( 'NONE', #841, 1000.000000000000000 ) ;
#1774 = ORIENTED_EDGE ( 'NONE', *, *, #808, .F. ) ;
#1775 = ORIENTED_EDGE ( 'NONE', *, *, #1202, .T. ) ;
#1776 = CARTESIAN_POINT ( 'NONE',  ( -5.600000000000000533, -3.300000000000001599, 1.600000000000000089 ) ) ;
#1777 = AXIS2_PLACEMENT_3D ( 'NONE', #1160, #1592, #1994 ) ;
#1778 = DIRECTION ( 'NONE',  ( 1.084202172485504434E-16, 1.000000000000000000, -0.000000000000000000 ) ) ;
#1779 = ORIENTED_EDGE ( 'NONE', *, *, #178, .T. ) ;
#1780 = ADVANCED_FACE ( 'NONE', ( #1504 ), #1554, .F. ) ;
#1781 = CARTESIAN_POINT ( 'NONE',  ( 5.599999999999998757, -3.300000000000002487, 1.600000000000000089 ) ) ;
#1782 = PLANE ( 'NONE',  #2089 ) ;
#1783 = ORIENTED_EDGE ( 'NONE', *, *, #2598, .T. ) ;
#1784 = VERTEX_POINT ( 'NONE', #2115 ) ;
#1785 = EDGE_CURVE ( 'NONE', #2261, #297, #2027, .T. ) ;
#1786 = VECTOR ( 'NONE', #1692, 1000.000000000000000 ) ;
#1787 = AXIS2_PLACEMENT_3D ( 'NONE', #1262, #471, #1886 ) ;
#1788 = EDGE_LOOP ( 'NONE', ( #510, #1082, #1278, #272 ) ) ;
#1789 = VERTEX_POINT ( 'NONE', #433 ) ;
#1790 = LINE ( 'NONE', #1833, #2057 ) ;
#1791 = DIRECTION ( 'NONE',  ( 0.000000000000000000, 0.000000000000000000, 1.000000000000000000 ) ) ;
#1792 = VECTOR ( 'NONE', #351, 1000.000000000000000 ) ;
#1793 = ORIENTED_EDGE ( 'NONE', *, *, #1093, .T. ) ;
#1794 = AXIS2_PLACEMENT_3D ( 'NONE', #859, #618, #2525 ) ;
#1795 = CARTESIAN_POINT ( 'NONE',  ( 3.000000000000000000, -3.300000000000001599, 1.999999999999998668 ) ) ;
#1796 = CIRCLE ( 'NONE', #2624, 2.899999999999999467 ) ;
#1797 = VERTEX_POINT ( 'NONE', #2080 ) ;
#1798 = ORIENTED_EDGE ( 'NONE', *, *, #723, .T. ) ;
#1799 = EDGE_CURVE ( 'NONE', #2222, #923, #240, .T. ) ;
#1800 = EDGE_CURVE ( 'NONE', #2236, #1229, #37, .T. ) ;
#1801 = ADVANCED_FACE ( 'NONE', ( #1459 ), #203, .T. ) ;
#1802 = VERTEX_POINT ( 'NONE', #2101 ) ;
#1803 = ORIENTED_EDGE ( 'NONE', *, *, #2675, .T. ) ;
#1804 = DIRECTION ( 'NONE',  ( 1.000000000000000000, 0.000000000000000000, -0.000000000000000000 ) ) ;
#1805 = CARTESIAN_POINT ( 'NONE',  ( -3.400000000000000799, -3.300000000000001599, 1.599999999999999867 ) ) ;
#1806 = CARTESIAN_POINT ( 'NONE',  ( -4.000000000000000000, 2.899999999999999911, 0.3999999999999999667 ) ) ;
#1807 = EDGE_LOOP ( 'NONE', ( #528, #1141, #1793, #1561 ) ) ;
#1808 = DIRECTION ( 'NONE',  ( -0.000000000000000000, -0.000000000000000000, -1.000000000000000000 ) ) ;
#1809 = DIRECTION ( 'NONE',  ( 0.000000000000000000, -0.000000000000000000, 1.000000000000000000 ) ) ;
#1810 = ORIENTED_EDGE ( 'NONE', *, *, #504, .T. ) ;
#1811 = CARTESIAN_POINT ( 'NONE',  ( 5.199999999999999289, -3.300000000000002487, 1.600000000000000089 ) ) ;
#1812 = DIRECTION ( 'NONE',  ( 1.000000000000000000, 0.000000000000000000, -0.000000000000000000 ) ) ;
#1813 = FACE_OUTER_BOUND ( 'NONE', #1654, .T. ) ;
#1814 = VECTOR ( 'NONE', #832, 1000.000000000000000 ) ;
#1815 = ORIENTED_EDGE ( 'NONE', *, *, #1379, .T. ) ;
#1816 = ORIENTED_EDGE ( 'NONE', *, *, #378, .F. ) ;
#1817 = DIRECTION ( 'NONE',  ( -1.000000000000000000, -0.000000000000000000, -0.000000000000000000 ) ) ;
#1818 = CARTESIAN_POINT ( 'NONE',  ( 3.999999999999999112, -3.299999999999998934, 1.600000000000000089 ) ) ;
#1819 = LINE ( 'NONE', #1834, #700 ) ;
#1820 = ORIENTED_EDGE ( 'NONE', *, *, #2425, .T. ) ;
#1821 = CARTESIAN_POINT ( 'NONE',  ( -4.000000000000000000, 2.899999999999999911, 1.600000000000000089 ) ) ;
#1822 = DIRECTION ( 'NONE',  ( 1.000000000000000000, 0.000000000000000000, 0.000000000000000000 ) ) ;
#1823 = EDGE_CURVE ( 'NONE', #1752, #1580, #626, .T. ) ;
#1824 = ORIENTED_EDGE ( 'NONE', *, *, #811, .F. ) ;
#1825 = CARTESIAN_POINT ( 'NONE',  ( 4.299999999999998934, -2.750330039614013788, 1.866608546835095916 ) ) ;
#1826 = CARTESIAN_POINT ( 'NONE',  ( -4.000000000000000000, 0.000000000000000000, 0.000000000000000000 ) ) ;
#1827 = DIRECTION ( 'NONE',  ( 1.000000000000000000, -0.000000000000000000, 0.000000000000000000 ) ) ;
#1828 = AXIS2_PLACEMENT_3D ( 'NONE', #2678, #392, #1226 ) ;
#1829 = ORIENTED_EDGE ( 'NONE', *, *, #1435, .F. ) ;
#1830 = EDGE_LOOP ( 'NONE', ( #1613, #2529, #1173, #1552, #699, #1291, #2422, #968 ) ) ;
#1831 = DIRECTION ( 'NONE',  ( 1.000000000000000000, 0.000000000000000000, 0.000000000000000000 ) ) ;
#1832 = EDGE_CURVE ( 'NONE', #371, #2376, #1027, .T. ) ;
#1833 = CARTESIAN_POINT ( 'NONE',  ( -3.799999999999996714, 2.499999999999996003, 1.600000000000000089 ) ) ;
#1834 = CARTESIAN_POINT ( 'NONE',  ( 3.799999999999999822, -2.499999999999996003, 1.600000000000000089 ) ) ;
#1835 = EDGE_LOOP ( 'NONE', ( #2404, #2337, #1674, #1862 ) ) ;
#1836 = PLANE ( 'NONE',  #462 ) ;
#1837 = FACE_OUTER_BOUND ( 'NONE', #785, .T. ) ;
#1838 = VERTEX_POINT ( 'NONE', #1910 ) ;
#1839 = DIRECTION ( 'NONE',  ( 1.000000000000000000, 0.000000000000000000, 0.000000000000000000 ) ) ;
#1840 = DIRECTION ( 'NONE',  ( 1.000000000000000000, 0.000000000000000000, 0.000000000000000000 ) ) ;
#1841 = AXIS2_PLACEMENT_3D ( 'NONE', #1115, #1543, #1751 ) ;
#1842 = CARTESIAN_POINT ( 'NONE',  ( 4.699999999999999289, 2.814249455894056950, 2.000000000000000000 ) ) ;
#1843 = ORIENTED_EDGE ( 'NONE', *, *, #322, .T. ) ;
#1844 = EDGE_LOOP ( 'NONE', ( #138, #1502, #792, #1392 ) ) ;
#1845 = CARTESIAN_POINT ( 'NONE',  ( -4.000000000000000000, -2.899999999999999467, 2.000000000000000000 ) ) ;
#1846 = CARTESIAN_POINT ( 'NONE',  ( 5.099999999999999645, 1.450000000000000178, -2.000000000000000000 ) ) ;
#1847 = CARTESIAN_POINT ( 'NONE',  ( -3.800000000000000711, -3.300000000000001599, 1.600000000000000089 ) ) ;
#1848 = AXIS2_PLACEMENT_3D ( 'NONE', #435, #1273, #259 ) ;
#1849 = VERTEX_POINT ( 'NONE', #854 ) ;
#1850 = CARTESIAN_POINT ( 'NONE',  ( 3.000000000000000000, -2.899999999999999023, 1.999999999999998668 ) ) ;
#1851 = DIRECTION ( 'NONE',  ( 1.000000000000000000, 0.000000000000000000, 0.000000000000000000 ) ) ;
#1852 = CARTESIAN_POINT ( 'NONE',  ( -4.000000000000000000, 0.000000000000000000, 1.600000000000000089 ) ) ;
#1853 = DIRECTION ( 'NONE',  ( 0.000000000000000000, 0.000000000000000000, 1.000000000000000000 ) ) ;
#1854 = AXIS2_PLACEMENT_3D ( 'NONE', #1331, #2653, #1185 ) ;
#1855 = ORIENTED_EDGE ( 'NONE', *, *, #560, .T. ) ;
#1856 = LINE ( 'NONE', #2254, #2498 ) ;
#1857 = CARTESIAN_POINT ( 'NONE',  ( 4.000000000000000000, 0.000000000000000000, 2.000000000000000000 ) ) ;
#1858 = ORIENTED_EDGE ( 'NONE', *, *, #322, .F. ) ;
#1859 = CARTESIAN_POINT ( 'NONE',  ( -6.500000000000000888, -3.300000000000001155, 1.600000000000000089 ) ) ;
#1860 = CARTESIAN_POINT ( 'NONE',  ( 4.000000000000000000, 0.000000000000000000, 0.3999999999999999667 ) ) ;
#1861 = VERTEX_POINT ( 'NONE', #1471 ) ;
#1862 = ORIENTED_EDGE ( 'NONE', *, *, #310, .T. ) ;
#1863 = DIRECTION ( 'NONE',  ( 0.000000000000000000, 0.000000000000000000, -1.000000000000000000 ) ) ;
#1864 = EDGE_CURVE ( 'NONE', #616, #1406, #1060, .T. ) ;
#1865 = DIRECTION ( 'NONE',  ( 1.084202172485504311E-16, 1.000000000000000000, -0.000000000000000000 ) ) ;
#1866 = LINE ( 'NONE', #1244, #399 ) ;
#1867 = EDGE_CURVE ( 'NONE', #2434, #444, #648, .T. ) ;
#1868 = ADVANCED_FACE ( 'NONE', ( #2545 ), #2600, .F. ) ;
#1869 = ORIENTED_EDGE ( 'NONE', *, *, #1129, .F. ) ;
#1870 = CIRCLE ( 'NONE', #1828, 0.4000000000000001887 ) ;
#1871 = DIRECTION ( 'NONE',  ( -1.000000000000000000, 0.000000000000000000, 0.000000000000000000 ) ) ;
#1872 = CARTESIAN_POINT ( 'NONE',  ( 5.500000000000000000, 1.850000000000000089, -1.300000000000000044 ) ) ;
#1873 = CARTESIAN_POINT ( 'NONE',  ( -1.550000000000000266, -1.449999999999999956, -1.300000000000000044 ) ) ;
#1874 = ORIENTED_EDGE ( 'NONE', *, *, #2675, .F. ) ;
#1875 = PRODUCT ( '\X2\6ed15757\X0\', '\X2\6ed15757\X0\', '', ( #126 ) ) ;
#1876 = CARTESIAN_POINT ( 'NONE',  ( -5.200000000000000178, 2.193171219946125294, 1.600000000000000089 ) ) ;
#1877 = FACE_OUTER_BOUND ( 'NONE', #662, .T. ) ;
#1878 = DIRECTION ( 'NONE',  ( -1.000000000000000000, 0.000000000000000000, 0.000000000000000000 ) ) ;
#1879 = DIRECTION ( 'NONE',  ( -1.084202172485504434E-16, -1.000000000000000000, 0.000000000000000000 ) ) ;
#1880 = ADVANCED_FACE ( 'NONE', ( #1883 ), #1259, .F. ) ;
#1881 = AXIS2_PLACEMENT_3D ( 'NONE', #1846, #1588, #333 ) ;
#1882 = CARTESIAN_POINT ( 'NONE',  ( 3.999999999999999112, -3.299999999999998934, 2.000000000000000000 ) ) ;
#1883 = FACE_OUTER_BOUND ( 'NONE', #495, .T. ) ;
#1884 = ORIENTED_EDGE ( 'NONE', *, *, #773, .T. ) ;
#1885 = FACE_OUTER_BOUND ( 'NONE', #163, .T. ) ;
#1886 = DIRECTION ( 'NONE',  ( -1.000000000000000000, -6.217248937900877415E-15, 0.000000000000000000 ) ) ;
#1887 = PLANE ( 'NONE',  #2539 ) ;
#1888 = DIRECTION ( 'NONE',  ( 0.000000000000000000, -1.000000000000000000, 0.000000000000000000 ) ) ;
#1889 = VECTOR ( 'NONE', #1904, 1000.000000000000000 ) ;
#1890 = CARTESIAN_POINT ( 'NONE',  ( 3.400000000000000355, 2.499999999999996003, 1.600000000000000089 ) ) ;
#1891 = AXIS2_PLACEMENT_3D ( 'NONE', #463, #2175, #1756 ) ;
#1892 = ORIENTED_EDGE ( 'NONE', *, *, #2333, .T. ) ;
#1893 = CARTESIAN_POINT ( 'NONE',  ( 0.8499999999999999778, 0.8499999999999998668, -2.000000000000000000 ) ) ;
#1894 = DIRECTION ( 'NONE',  ( 1.084202172485504311E-16, 1.000000000000000000, -0.000000000000000000 ) ) ;
#1895 = VERTEX_POINT ( 'NONE', #2091 ) ;
#1896 = CARTESIAN_POINT ( 'NONE',  ( 7.299999999999998934, 0.000000000000000000, 1.600000000000000089 ) ) ;
#1897 = CARTESIAN_POINT ( 'NONE',  ( 6.099999999999999645, 1.356465996625040082, 1.600000000000000089 ) ) ;
#1898 = CARTESIAN_POINT ( 'NONE',  ( -3.799999999999996714, 2.499999999999996003, 1.600000000000000089 ) ) ;
#1899 = CARTESIAN_POINT ( 'NONE',  ( -3.400000000000000799, -3.300000000000001599, 2.000000000000000000 ) ) ;
#1900 = EDGE_CURVE ( 'NONE', #2077, #1797, #214, .T. ) ;
#1901 = CARTESIAN_POINT ( 'NONE',  ( -5.099999999999998757, -1.850000000000000089, -2.000000000000000000 ) ) ;
#1902 = VECTOR ( 'NONE', #1463, 1000.000000000000000 ) ;
#1903 = ORIENTED_EDGE ( 'NONE', *, *, #1216, .F. ) ;
#1904 = DIRECTION ( 'NONE',  ( -1.000000000000000000, 1.084202172485504434E-16, 0.000000000000000000 ) ) ;
#1905 = AXIS2_PLACEMENT_3D ( 'NONE', #1528, #68, #2396 ) ;
#1906 = ADVANCED_FACE ( 'NONE', ( #698 ), #526, .T. ) ;
#1907 = VECTOR ( 'NONE', #2686, 1000.000000000000000 ) ;
#1908 = EDGE_CURVE ( 'NONE', #34, #1984, #927, .T. ) ;
#1909 = EDGE_CURVE ( 'NONE', #2504, #1370, #1315, .T. ) ;
#1910 = CARTESIAN_POINT ( 'NONE',  ( -4.000000000000000000, -3.299999999999998934, 1.600000000000000089 ) ) ;
#1911 = ORIENTED_EDGE ( 'NONE', *, *, #44, .T. ) ;
#1912 = DIRECTION ( 'NONE',  ( -0.000000000000000000, -0.000000000000000000, -1.000000000000000000 ) ) ;
#1913 = CARTESIAN_POINT ( 'NONE',  ( 1.950000000000000178, 1.850000000000000089, -2.000000000000000000 ) ) ;
#1914 = PLANE ( 'NONE',  #2270 ) ;
#1915 = CIRCLE ( 'NONE', #1336, 2.899999999999999023 ) ;
#1916 = DIRECTION ( 'NONE',  ( 0.000000000000000000, -0.000000000000000000, 1.000000000000000000 ) ) ;
#1917 = CARTESIAN_POINT ( 'NONE',  ( 0.8499999999999997558, -0.8500000000000000888, 0.000000000000000000 ) ) ;
#1918 = CARTESIAN_POINT ( 'NONE',  ( -1.549999999999999600, 1.450000000000000178, -2.000000000000000000 ) ) ;
#1919 = ORIENTED_EDGE ( 'NONE', *, *, #2709, .T. ) ;
#1920 = VECTOR ( 'NONE', #125, 1000.000000000000000 ) ;
#1921 = AXIS2_PLACEMENT_3D ( 'NONE', #2697, #2046, #1831 ) ;
#1922 = LINE ( 'NONE', #1725, #1587 ) ;
#1923 = DIRECTION ( 'NONE',  ( -1.000000000000000000, 0.000000000000000000, 0.000000000000000000 ) ) ;
#1924 = ORIENTED_EDGE ( 'NONE', *, *, #256, .F. ) ;
#1925 = CARTESIAN_POINT ( 'NONE',  ( -5.600000000000000533, -3.300000000000001599, 1.600000000000000089 ) ) ;
#1926 = FACE_OUTER_BOUND ( 'NONE', #2463, .T. ) ;
#1927 = CARTESIAN_POINT ( 'NONE',  ( 3.999999999999999112, -2.899999999999999023, 2.000000000000000000 ) ) ;
#1928 = CARTESIAN_POINT ( 'NONE',  ( -4.000000000000000000, 0.000000000000000000, 1.599999999999999867 ) ) ;
#1929 = DIRECTION ( 'NONE',  ( 0.000000000000000000, 0.000000000000000000, -1.000000000000000000 ) ) ;
#1930 = CARTESIAN_POINT ( 'NONE',  ( -5.200000000000000178, -2.640075756488816427, 2.000000000000000000 ) ) ;
#1931 = AXIS2_PLACEMENT_3D ( 'NONE', #834, #871, #843 ) ;
#1932 = ORIENTED_EDGE ( 'NONE', *, *, #60, .T. ) ;
#1933 = ADVANCED_FACE ( 'NONE', ( #2377 ), #1455, .F. ) ;
#1934 = DIRECTION ( 'NONE',  ( 0.000000000000000000, 0.000000000000000000, 1.000000000000000000 ) ) ;
#1935 = CARTESIAN_POINT ( 'NONE',  ( -4.000000000000000000, 0.000000000000000000, 1.600000000000000089 ) ) ;
#1936 = ORIENTED_EDGE ( 'NONE', *, *, #451, .F. ) ;
#1937 = ORIENTED_EDGE ( 'NONE', *, *, #1749, .T. ) ;
#1938 = PLANE ( 'NONE',  #1656 ) ;
#1939 = DIRECTION ( 'NONE',  ( 0.000000000000000000, 0.000000000000000000, -1.000000000000000000 ) ) ;
#1940 = DIRECTION ( 'NONE',  ( 0.000000000000000000, 0.000000000000000000, 1.000000000000000000 ) ) ;
#1941 = FACE_OUTER_BOUND ( 'NONE', #1999, .T. ) ;
#1942 = ORIENTED_EDGE ( 'NONE', *, *, #909, .F. ) ;
#1943 = EDGE_CURVE ( 'NONE', #2631, #688, #742, .T. ) ;
#1944 = EDGE_CURVE ( 'NONE', #1439, #2542, #270, .T. ) ;
#1945 = DIRECTION ( 'NONE',  ( -0.000000000000000000, -0.000000000000000000, -1.000000000000000000 ) ) ;
#1946 = VERTEX_POINT ( 'NONE', #2582 ) ;
#1947 = DIRECTION ( 'NONE',  ( 1.000000000000000000, -1.084202172485504434E-16, 0.000000000000000000 ) ) ;
#1948 = ORIENTED_EDGE ( 'NONE', *, *, #430, .F. ) ;
#1949 = VECTOR ( 'NONE', #1322, 1000.000000000000000 ) ;
#1950 = ORIENTED_EDGE ( 'NONE', *, *, #76, .F. ) ;
#1951 = DIRECTION ( 'NONE',  ( 1.000000000000000000, 0.000000000000000000, 0.000000000000000000 ) ) ;
#1952 = VERTEX_POINT ( 'NONE', #1559 ) ;
#1953 = DIRECTION ( 'NONE',  ( -0.000000000000000000, 0.000000000000000000, -1.000000000000000000 ) ) ;
#1954 = FACE_OUTER_BOUND ( 'NONE', #1558, .T. ) ;
#1955 = ORIENTED_EDGE ( 'NONE', *, *, #9, .F. ) ;
#1956 =( BOUNDED_CURVE ( )  B_SPLINE_CURVE ( 3, ( #2232, #1622, #2262, #558 ),
 .UNSPECIFIED., .F., .T. ) 
 B_SPLINE_CURVE_WITH_KNOTS ( ( 4, 4 ),
 ( 1.570796326794897668, 3.141592653589793116 ),
 .UNSPECIFIED. ) 
 CURVE ( )  GEOMETRIC_REPRESENTATION_ITEM ( )  RATIONAL_B_SPLINE_CURVE ( ( 1.000000000000000000, 0.8047378541243652705, 0.8047378541243652705, 1.000000000000000000 ) ) 
 REPRESENTATION_ITEM ( '' )  );
#1957 = ADVANCED_FACE ( 'NONE', ( #496 ), #647, .F. ) ;
#1958 = CARTESIAN_POINT ( 'NONE',  ( 4.000000000000000000, 0.000000000000000000, 0.000000000000000000 ) ) ;
#1959 = AXIS2_PLACEMENT_3D ( 'NONE', #258, #726, #1340 ) ;
#1960 = ORIENTED_EDGE ( 'NONE', *, *, #492, .T. ) ;
#1961 = CARTESIAN_POINT ( 'NONE',  ( 5.099999999999999645, 1.850000000000000089, -2.000000000000000000 ) ) ;
#1963 = ADVANCED_FACE ( 'NONE', ( #1088 ), #99, .T. ) ;
#1962 = ORIENTED_EDGE ( 'NONE', *, *, #560, .F. ) ;
#1964 = DIRECTION ( 'NONE',  ( -1.000000000000000000, 0.000000000000000000, -0.000000000000000000 ) ) ;
#1965 = DIRECTION ( 'NONE',  ( 1.000000000000000000, -0.000000000000000000, 0.000000000000000000 ) ) ;
#1966 = VERTEX_POINT ( 'NONE', #1127 ) ;
#1967 = CARTESIAN_POINT ( 'NONE',  ( -3.799999999999999822, 2.899999999999999467, 2.000000000000000000 ) ) ;
#1968 = DIRECTION ( 'NONE',  ( 0.000000000000000000, 1.000000000000000000, 0.000000000000000000 ) ) ;
#1969 = VERTEX_POINT ( 'NONE', #1961 ) ;
#1970 = ORIENTED_EDGE ( 'NONE', *, *, #2347, .F. ) ;
#1971 = LINE ( 'NONE', #1776, #739 ) ;
#1972 = EDGE_CURVE ( 'NONE', #1976, #440, #686, .T. ) ;
#1973 = VECTOR ( 'NONE', #1768, 1000.000000000000000 ) ;
#1974 = DIRECTION ( 'NONE',  ( 0.000000000000000000, 0.000000000000000000, 1.000000000000000000 ) ) ;
#1975 = EDGE_CURVE ( 'NONE', #877, #2631, #1710, .T. ) ;
#1976 = VERTEX_POINT ( 'NONE', #1143 ) ;
#1977 = CARTESIAN_POINT ( 'NONE',  ( 4.299999999999998934, -3.300000000000002487, 1.600000000000000089 ) ) ;
#1978 = DIRECTION ( 'NONE',  ( 1.000000000000000000, 0.000000000000000000, 0.000000000000000000 ) ) ;
#1979 = ORIENTED_EDGE ( 'NONE', *, *, #454, .F. ) ;
#1980 = ORIENTED_EDGE ( 'NONE', *, *, #695, .T. ) ;
#1981 = EDGE_CURVE ( 'NONE', #2510, #549, #783, .T. ) ;
#1982 = COLOUR_RGB ( '',0.6980392156862744724, 0.6980392156862744724, 0.6980392156862744724 ) ;
#1983 = AXIS2_PLACEMENT_3D ( 'NONE', #2167, #1351, #293 ) ;
#1984 = VERTEX_POINT ( 'NONE', #1763 ) ;
#1985 = EDGE_LOOP ( 'NONE', ( #21, #1206, #1855, #1183, #1803 ) ) ;
#1986 = DIRECTION ( 'NONE',  ( 0.000000000000000000, 0.000000000000000000, -1.000000000000000000 ) ) ;
#1987 = VECTOR ( 'NONE', #2007, 1000.000000000000000 ) ;
#1989 = ADVANCED_FACE ( 'NONE', ( #2596 ), #511, .F. ) ;
#1988 = CARTESIAN_POINT ( 'NONE',  ( 5.599999999999998757, -3.300000000000002487, 1.600000000000000089 ) ) ;
#1990 = DIRECTION ( 'NONE',  ( -1.000000000000000000, 0.000000000000000000, 0.000000000000000000 ) ) ;
#1991 = VERTEX_POINT ( 'NONE', #1727 ) ;
#1992 = EDGE_CURVE ( 'NONE', #1373, #813, #1971, .T. ) ;
#1993 = EDGE_CURVE ( 'NONE', #250, #759, #2610, .T. ) ;
#1994 = DIRECTION ( 'NONE',  ( 1.000000000000000000, 0.000000000000000000, 0.000000000000000000 ) ) ;
#1995 = FACE_OUTER_BOUND ( 'NONE', #2301, .T. ) ;
#1996 = ORIENTED_EDGE ( 'NONE', *, *, #60, .F. ) ;
#1997 = VERTEX_POINT ( 'NONE', #2560 ) ;
#1998 = VECTOR ( 'NONE', #894, 1000.000000000000000 ) ;
#1999 = EDGE_LOOP ( 'NONE', ( #1820, #283, #98, #1869 ) ) ;
#2000 = EDGE_LOOP ( 'NONE', ( #352, #2217, #1240, #1980 ) ) ;
#2001 = CARTESIAN_POINT ( 'NONE',  ( 5.599999999999999645, 1.920937271229849586, 1.600000000000000089 ) ) ;
#2002 = DIRECTION ( 'NONE',  ( -0.000000000000000000, -0.000000000000000000, -1.000000000000000000 ) ) ;
#2003 = LINE ( 'NONE', #1602, #1453 ) ;
#2004 = DIRECTION ( 'NONE',  ( 1.000000000000000000, 0.000000000000000000, 0.000000000000000000 ) ) ;
#2005 = ORIENTED_EDGE ( 'NONE', *, *, #430, .T. ) ;
#2006 = VECTOR ( 'NONE', #6, 1000.000000000000000 ) ;
#2007 = DIRECTION ( 'NONE',  ( -0.000000000000000000, -0.000000000000000000, -1.000000000000000000 ) ) ;
#2008 = CIRCLE ( 'NONE', #1578, 0.4000000000000001887 ) ;
#2009 = DIRECTION ( 'NONE',  ( 1.000000000000000000, 0.000000000000000000, 0.000000000000000000 ) ) ;
#2010 = ORIENTED_EDGE ( 'NONE', *, *, #487, .F. ) ;
#2011 = EDGE_LOOP ( 'NONE', ( #1960, #1646, #929, #1260 ) ) ;
#2012 = CARTESIAN_POINT ( 'NONE',  ( -5.600000000000000533, -3.300000000000001599, 1.600000000000000089 ) ) ;
#2013 = ORIENTED_EDGE ( 'NONE', *, *, #1517, .T. ) ;
#2014 = ORIENTED_EDGE ( 'NONE', *, *, #336, .F. ) ;
#2015 = DIRECTION ( 'NONE',  ( -1.000000000000000000, 0.000000000000000000, 0.000000000000000000 ) ) ;
#2016 = AXIS2_PLACEMENT_3D ( 'NONE', #1675, #423, #1301 ) ;
#2017 = ADVANCED_FACE ( 'NONE', ( #2573 ), #481, .F. ) ;
#2018 = CARTESIAN_POINT ( 'NONE',  ( 3.799999999999999822, 2.499999999999996003, 1.600000000000000089 ) ) ;
#2019 = ORIENTED_EDGE ( 'NONE', *, *, #2087, .F. ) ;
#2020 = CARTESIAN_POINT ( 'NONE',  ( 5.500000000000000000, 1.449999999999999956, -1.300000000000000044 ) ) ;
#2021 = CARTESIAN_POINT ( 'NONE',  ( -4.000000000000000000, 0.000000000000000000, 1.600000000000000089 ) ) ;
#2022 = VECTOR ( 'NONE', #1407, 1000.000000000000000 ) ;
#2023 = ORIENTED_EDGE ( 'NONE', *, *, #2688, .F. ) ;
#2024 = CARTESIAN_POINT ( 'NONE',  ( 4.299999999999998934, -2.884441020371190767, 2.000000000000000000 ) ) ;
#2025 = DIRECTION ( 'NONE',  ( 0.000000000000000000, -1.000000000000000000, -0.000000000000000000 ) ) ;
#2026 = CARTESIAN_POINT ( 'NONE',  ( 3.999999999999999112, -3.299999999999998934, 0.3999999999999999667 ) ) ;
#2027 = CIRCLE ( 'NONE', #1511, 3.299999999999998934 ) ;
#2028 = EDGE_CURVE ( 'NONE', #2158, #2164, #2008, .T. ) ;
#2029 = ORIENTED_EDGE ( 'NONE', *, *, #1799, .F. ) ;
#2030 = ORIENTED_EDGE ( 'NONE', *, *, #795, .T. ) ;
#2031 = DIRECTION ( 'NONE',  ( 0.000000000000000000, -0.000000000000000000, 1.000000000000000000 ) ) ;
#2032 = EDGE_CURVE ( 'NONE', #1969, #250, #829, .T. ) ;
#2033 = FACE_OUTER_BOUND ( 'NONE', #711, .T. ) ;
#2034 = DIRECTION ( 'NONE',  ( 1.084202172485504311E-16, 1.000000000000000000, -0.000000000000000000 ) ) ;
#2035 = ORIENTED_EDGE ( 'NONE', *, *, #1633, .F. ) ;
#2036 = LINE ( 'NONE', #2411, #1987 ) ;
#2037 = CYLINDRICAL_SURFACE ( 'NONE', #103, 0.4000000000000001887 ) ;
#2038 = ORIENTED_EDGE ( 'NONE', *, *, #1028, .T. ) ;
#2039 = EDGE_LOOP ( 'NONE', ( #1154, #1874, #980, #2298 ) ) ;
#2040 = CARTESIAN_POINT ( 'NONE',  ( -3.399999999999999467, 2.899999999999999023, 2.000000000000000000 ) ) ;
#2041 = DIRECTION ( 'NONE',  ( 1.000000000000000000, 0.000000000000000000, -0.000000000000000000 ) ) ;
#2042 = AXIS2_PLACEMENT_3D ( 'NONE', #1319, #273, #2563 ) ;
#2043 = AXIS2_PLACEMENT_3D ( 'NONE', #2508, #402, #2480 ) ;
#2044 = ORIENTED_EDGE ( 'NONE', *, *, #1785, .T. ) ;
#2045 = VERTEX_POINT ( 'NONE', #593 ) ;
#2046 = DIRECTION ( 'NONE',  ( 0.000000000000000000, -0.000000000000000000, 1.000000000000000000 ) ) ;
#2047 = EDGE_CURVE ( 'NONE', #2418, #715, #2200, .T. ) ;
#2048 = DIRECTION ( 'NONE',  ( 1.000000000000000000, -0.000000000000000000, -0.000000000000000000 ) ) ;
#2049 = DIRECTION ( 'NONE',  ( -0.000000000000000000, -1.000000000000000000, -0.000000000000000000 ) ) ;
#2050 = VERTEX_POINT ( 'NONE', #2431 ) ;
#2051 = DIRECTION ( 'NONE',  ( 0.000000000000000000, 0.000000000000000000, -1.000000000000000000 ) ) ;
#2052 = CIRCLE ( 'NONE', #1084, 0.3999999999999999667 ) ;
#2053 = EDGE_CURVE ( 'NONE', #1895, #1969, #366, .T. ) ;
#2054 = CIRCLE ( 'NONE', #736, 0.3999999999999999667 ) ;
#2055 = CARTESIAN_POINT ( 'NONE',  ( -4.000000000000000000, 0.000000000000000000, 2.000000000000000000 ) ) ;
#2056 = DIRECTION ( 'NONE',  ( -1.000000000000000000, 0.000000000000000000, -0.000000000000000000 ) ) ;
#2057 = VECTOR ( 'NONE', #2669, 1000.000000000000000 ) ;
#2058 = DIRECTION ( 'NONE',  ( -1.000000000000000000, -0.000000000000000000, -0.000000000000000000 ) ) ;
#2059 = UNCERTAINTY_MEASURE_WITH_UNIT (LENGTH_MEASURE( 1.000000000000000082E-05 ), #2437, 'distance_accuracy_value', 'NONE');
#2060 = ORIENTED_EDGE ( 'NONE', *, *, #2556, .T. ) ;
#2061 = ORIENTED_EDGE ( 'NONE', *, *, #1140, .F. ) ;
#2062 = CARTESIAN_POINT ( 'NONE',  ( 4.000000000000000000, 0.000000000000000000, 1.600000000000000089 ) ) ;
#2063 = CARTESIAN_POINT ( 'NONE',  ( 2.834314575050762119, 3.299999999999998490, 1.834314575050761897 ) ) ;
#2064 = EDGE_CURVE ( 'NONE', #2223, #877, #2483, .T. ) ;
#2065 = CARTESIAN_POINT ( 'NONE',  ( -6.100000000000000533, -3.300000000000001155, 1.600000000000000089 ) ) ;
#2066 = CIRCLE ( 'NONE', #574, 3.299999999999999378 ) ;
#2067 = VERTEX_POINT ( 'NONE', #978 ) ;
#2068 = CARTESIAN_POINT ( 'NONE',  ( 5.500000000000000000, -1.850000000000000089, -1.300000000000000044 ) ) ;
#2069 = ADVANCED_FACE ( 'NONE', ( #2447 ), #2626, .T. ) ;
#2070 = DIRECTION ( 'NONE',  ( 0.000000000000000000, 0.000000000000000000, 1.000000000000000000 ) ) ;
#2071 = EDGE_CURVE ( 'NONE', #616, #1946, #2183, .T. ) ;
#2072 = CARTESIAN_POINT ( 'NONE',  ( 5.599999999999998757, -2.418677324489564295, 2.000000000000000000 ) ) ;
#2073 = PLANE ( 'NONE',  #120 ) ;
#2074 = DIRECTION ( 'NONE',  ( 1.084202172485504434E-16, 1.000000000000000000, -0.000000000000000000 ) ) ;
#2075 = DIRECTION ( 'NONE',  ( -1.000000000000000000, 0.000000000000000000, 0.000000000000000000 ) ) ;
#2076 = AXIS2_PLACEMENT_3D ( 'NONE', #1107, #1940, #1562 ) ;
#2077 = VERTEX_POINT ( 'NONE', #111 ) ;
#2078 = CARTESIAN_POINT ( 'NONE',  ( -5.200000000000001066, -2.193171219946126183, 1.600000000000000089 ) ) ;
#2079 = FACE_OUTER_BOUND ( 'NONE', #130, .T. ) ;
#2080 = CARTESIAN_POINT ( 'NONE',  ( 3.000000000000000888, 2.899999999999999023, 1.999999999999998668 ) ) ;
#2081 = ORIENTED_EDGE ( 'NONE', *, *, #1500, .F. ) ;
#2082 = EDGE_CURVE ( 'NONE', #440, #2045, #1424, .T. ) ;
#2083 = AXIS2_PLACEMENT_3D ( 'NONE', #1958, #1945, #2580 ) ;
#2084 = PLANE ( 'NONE',  #483 ) ;
#2085 = CARTESIAN_POINT ( 'NONE',  ( -4.000000000000000000, 3.299999999999999822, 2.000000000000000000 ) ) ;
#2086 = CARTESIAN_POINT ( 'NONE',  ( 4.000000000000000000, 0.000000000000000000, 1.600000000000000089 ) ) ;
#2087 = EDGE_CURVE ( 'NONE', #1784, #2376, #772, .T. ) ;
#2088 = LINE ( 'NONE', #875, #942 ) ;
#2089 = AXIS2_PLACEMENT_3D ( 'NONE', #2616, #1372, #2206 ) ;
#2090 = PLANE ( 'NONE',  #2151 ) ;
#2091 = CARTESIAN_POINT ( 'NONE',  ( 5.099999999999999645, 1.850000000000000089, -1.300000000000000044 ) ) ;
#2092 = ORIENTED_EDGE ( 'NONE', *, *, #1095, .F. ) ;
#2093 = CARTESIAN_POINT ( 'NONE',  ( -3.400000000000000799, -3.300000000000001599, 1.600000000000000089 ) ) ;
#2094 = CARTESIAN_POINT ( 'NONE',  ( 1.950000000000000178, -1.850000000000000089, -2.000000000000000000 ) ) ;
#2095 = CARTESIAN_POINT ( 'NONE',  ( -2.834314575050761231, -3.299999999999998490, 1.834314575050761897 ) ) ;
#2096 = DIRECTION ( 'NONE',  ( 0.000000000000000000, 0.000000000000000000, 1.000000000000000000 ) ) ;
#2097 = DIRECTION ( 'NONE',  ( 0.000000000000000000, 0.000000000000000000, 1.000000000000000000 ) ) ;
#2098 = ORIENTED_EDGE ( 'NONE', *, *, #2071, .T. ) ;
#2099 = DIRECTION ( 'NONE',  ( 0.000000000000000000, 0.000000000000000000, -1.000000000000000000 ) ) ;
#2100 = ADVANCED_FACE ( 'NONE', ( #2033 ), #1601, .T. ) ;
#2101 = CARTESIAN_POINT ( 'NONE',  ( 1.550000000000000266, 1.850000000000000089, -1.300000000000000044 ) ) ;
#2102 = ORIENTED_EDGE ( 'NONE', *, *, #734, .T. ) ;
#2103 = PLANE ( 'NONE',  #1464 ) ;
#2104 = CARTESIAN_POINT ( 'NONE',  ( -4.000000000000000000, 2.899999999999999911, 0.000000000000000000 ) ) ;
#2105 = CARTESIAN_POINT ( 'NONE',  ( 5.599999999999998757, 2.418677324489564295, 2.000000000000000000 ) ) ;
#2106 = CYLINDRICAL_SURFACE ( 'NONE', #1639, 0.3999999999999999667 ) ;
#2107 = VECTOR ( 'NONE', #2684, 1000.000000000000000 ) ;
#2108 = FACE_OUTER_BOUND ( 'NONE', #1625, .T. ) ;
#2109 = EDGE_CURVE ( 'NONE', #1149, #1103, #350, .T. ) ;
#2110 = AXIS2_PLACEMENT_3D ( 'NONE', #2368, #1754, #1804 ) ;
#2111 = ORIENTED_EDGE ( 'NONE', *, *, #114, .T. ) ;
#2112 = EDGE_CURVE ( 'NONE', #1103, #514, #1790, .T. ) ;
#2113 = EDGE_CURVE ( 'NONE', #688, #2223, #868, .T. ) ;
#2114 = DIRECTION ( 'NONE',  ( 1.000000000000000000, 0.000000000000000000, 0.000000000000000000 ) ) ;
#2115 = CARTESIAN_POINT ( 'NONE',  ( -1.949999999999999734, 1.450000000000000178, -1.300000000000000044 ) ) ;
#2116 = ORIENTED_EDGE ( 'NONE', *, *, #2601, .T. ) ;
#2117 = DIRECTION ( 'NONE',  ( -1.000000000000000000, 0.000000000000000000, -0.000000000000000000 ) ) ;
#2118 = DIRECTION ( 'NONE',  ( 1.000000000000000000, -1.084202172485504434E-16, -0.000000000000000000 ) ) ;
#2119 = DIRECTION ( 'NONE',  ( 1.000000000000000000, -1.084202172485504434E-16, 0.000000000000000000 ) ) ;
#2120 = CARTESIAN_POINT ( 'NONE',  ( 4.000000000000000000, 0.000000000000000000, 2.000000000000000000 ) ) ;
#2121 = CARTESIAN_POINT ( 'NONE',  ( -0.8499999999999999778, 0.8499999999999998668, 4.404163056034261281 ) ) ;
#2122 = AXIS2_PLACEMENT_3D ( 'NONE', #115, #789, #950 ) ;
#2123 = ORIENTED_EDGE ( 'NONE', *, *, #32, .T. ) ;
#2124 = DIRECTION ( 'NONE',  ( -0.000000000000000000, -0.000000000000000000, -1.000000000000000000 ) ) ;
#2125 = AXIS2_PLACEMENT_3D ( 'NONE', #1148, #2357, #2370 ) ;
#2126 = CARTESIAN_POINT ( 'NONE',  ( 0.8499999999999999778, 0.8499999999999998668, 4.404163056034261281 ) ) ;
#2127 = ORIENTED_EDGE ( 'NONE', *, *, #737, .F. ) ;
#2128 = PLANE ( 'NONE',  #1848 ) ;
#2129 = DIRECTION ( 'NONE',  ( -1.000000000000000000, 0.000000000000000000, -0.000000000000000000 ) ) ;
#2130 = DIRECTION ( 'NONE',  ( -0.7071067811865520136, 0.000000000000000000, -0.7071067811865431318 ) ) ;
#2131 = AXIS2_PLACEMENT_3D ( 'NONE', #1252, #1051, #2316 ) ;
#2132 = DIRECTION ( 'NONE',  ( 0.000000000000000000, -0.000000000000000000, 1.000000000000000000 ) ) ;
#2133 = LINE ( 'NONE', #2330, #1786 ) ;
#2134 = DIRECTION ( 'NONE',  ( 1.084202172485504311E-16, 1.000000000000000000, -0.000000000000000000 ) ) ;
#2135 = EDGE_CURVE ( 'NONE', #1641, #953, #1155, .T. ) ;
#2136 = VERTEX_POINT ( 'NONE', #1818 ) ;
#2137 = AXIS2_PLACEMENT_3D ( 'NONE', #2612, #1368, #2408 ) ;
#2138 = CIRCLE ( 'NONE', #2492, 0.4000000000000001887 ) ;
#2139 = CARTESIAN_POINT ( 'NONE',  ( -1.549999999999999600, 1.850000000000000089, 0.000000000000000000 ) ) ;
#2140 = B_SPLINE_CURVE_WITH_KNOTS ( 'NONE', 3,
 ( #879, #22, #1294, #224 ),
 .UNSPECIFIED., .F., .F.,
 ( 4, 4 ),
 ( 2.453269466693398698E-18, 0.0005758494696607094343 ),
 .UNSPECIFIED. ) ;
#2141 = CARTESIAN_POINT ( 'NONE',  ( -4.700000000000001066, 2.814249455894056506, 2.000000000000000000 ) ) ;
#2142 = VERTEX_POINT ( 'NONE', #2461 ) ;
#2143 = B_SPLINE_CURVE_WITH_KNOTS ( 'NONE', 3,
 ( #205, #663, #1040, #1876 ),
 .UNSPECIFIED., .F., .F.,
 ( 4, 4 ),
 ( 1.226634733346699349E-18, 0.0005997696764445798173 ),
 .UNSPECIFIED. ) ;
#2144 = VERTEX_POINT ( 'NONE', #2477 ) ;
#2145 = CARTESIAN_POINT ( 'NONE',  ( -5.600000000000000533, 2.418677324489563407, 2.000000000000000000 ) ) ;
#2146 = CARTESIAN_POINT ( 'NONE',  ( -3.800000000000000711, -3.300000000000001599, 1.600000000000000089 ) ) ;
#2147 = EDGE_CURVE ( 'NONE', #342, #2208, #319, .T. ) ;
#2148 = DIRECTION ( 'NONE',  ( 1.084202172485504434E-16, 1.000000000000000000, -0.000000000000000000 ) ) ;
#2149 = CYLINDRICAL_SURFACE ( 'NONE', #2125, 0.3999999999999999667 ) ;
#2150 = AXIS2_PLACEMENT_3D ( 'NONE', #2440, #1621, #2454 ) ;
#2151 = AXIS2_PLACEMENT_3D ( 'NONE', #441, #2310, #683 ) ;
#2152 = EDGE_CURVE ( 'NONE', #189, #2223, #1796, .T. ) ;
#2153 = CIRCLE ( 'NONE', #192, 0.4000000000000000222 ) ;
#2154 = DIRECTION ( 'NONE',  ( 0.000000000000000000, 0.000000000000000000, 1.000000000000000000 ) ) ;
#2155 = ORIENTED_EDGE ( 'NONE', *, *, #657, .T. ) ;
#2156 = CARTESIAN_POINT ( 'NONE',  ( -4.700000000000000178, 2.676499134117003909, 1.866322838582652466 ) ) ;
#2157 = ORIENTED_EDGE ( 'NONE', *, *, #1749, .F. ) ;
#2158 = VERTEX_POINT ( 'NONE', #1805 ) ;
#2159 = LINE ( 'NONE', #2146, #1726 ) ;
#2160 = VERTEX_POINT ( 'NONE', #1394 ) ;
#2161 = AXIS2_PLACEMENT_3D ( 'NONE', #160, #997, #543 ) ;
#2162 = DIRECTION ( 'NONE',  ( -0.000000000000000000, 0.000000000000000000, -1.000000000000000000 ) ) ;
#2163 = CARTESIAN_POINT ( 'NONE',  ( -4.000000000000000000, -2.899999999999999023, 1.600000000000000089 ) ) ;
#2164 = VERTEX_POINT ( 'NONE', #1186 ) ;
#2165 = EDGE_CURVE ( 'NONE', #1797, #1271, #155, .T. ) ;
#2166 = ADVANCED_FACE ( 'NONE', ( #2273 ), #398, .F. ) ;
#2167 = CARTESIAN_POINT ( 'NONE',  ( 0.8499999999999997558, -0.8500000000000000888, 4.404163056034261281 ) ) ;
#2168 = ORIENTED_EDGE ( 'NONE', *, *, #737, .T. ) ;
#2169 = DIRECTION ( 'NONE',  ( 0.000000000000000000, 0.000000000000000000, 1.000000000000000000 ) ) ;
#2170 = VECTOR ( 'NONE', #2176, 1000.000000000000000 ) ;
#2171 = B_SPLINE_CURVE_WITH_KNOTS ( 'NONE', 3,
 ( #474, #489, #312, #105 ),
 .UNSPECIFIED., .F., .F.,
 ( 4, 4 ),
 ( 0.000000000000000000, 0.0005674604078117351106 ),
 .UNSPECIFIED. ) ;
#2172 = ORIENTED_EDGE ( 'NONE', *, *, #1704, .F. ) ;
#2173 = DIRECTION ( 'NONE',  ( 0.000000000000000000, -0.000000000000000000, 1.000000000000000000 ) ) ;
#2174 = ORIENTED_EDGE ( 'NONE', *, *, #973, .F. ) ;
#2175 = DIRECTION ( 'NONE',  ( 0.000000000000000000, 0.000000000000000000, -1.000000000000000000 ) ) ;
#2176 = DIRECTION ( 'NONE',  ( 1.000000000000000000, -1.084202172485504434E-16, -0.000000000000000000 ) ) ;
#2177 = ORIENTED_EDGE ( 'NONE', *, *, #1293, .T. ) ;
#2178 = LINE ( 'NONE', #1653, #1304 ) ;
#2179 = EDGE_CURVE ( 'NONE', #484, #939, #1866, .T. ) ;
#2180 = VECTOR ( 'NONE', #2441, 1000.000000000000000 ) ;
#2181 = DIRECTION ( 'NONE',  ( 1.000000000000000000, 0.000000000000000000, 0.000000000000000000 ) ) ;
#2182 = ORIENTED_EDGE ( 'NONE', *, *, #1095, .T. ) ;
#2183 = CIRCLE ( 'NONE', #432, 2.899999999999999467 ) ;
#2184 = ORIENTED_EDGE ( 'NONE', *, *, #1671, .F. ) ;
#2185 = DIRECTION ( 'NONE',  ( -0.7071067811865520136, 0.000000000000000000, -0.7071067811865431318 ) ) ;
#2186 = LINE ( 'NONE', #1144, #172 ) ;
#2187 = EDGE_CURVE ( 'NONE', #2164, #342, #196, .T. ) ;
#2188 = DIRECTION ( 'NONE',  ( 0.000000000000000000, 0.000000000000000000, 1.000000000000000000 ) ) ;
#2189 = ORIENTED_EDGE ( 'NONE', *, *, #2470, .F. ) ;
#2190 = CARTESIAN_POINT ( 'NONE',  ( -3.000000000000000000, -3.300000000000000711, 1.999999999999999556 ) ) ;
#2191 = DIRECTION ( 'NONE',  ( 0.000000000000000000, 0.000000000000000000, -1.000000000000000000 ) ) ;
#2192 = ORIENTED_EDGE ( 'NONE', *, *, #2309, .F. ) ;
#2193 = EDGE_LOOP ( 'NONE', ( #1362, #327, #720, #724 ) ) ;
#2194 = VECTOR ( 'NONE', #1657, 1000.000000000000000 ) ;
#2195 = ADVANCED_FACE ( 'NONE', ( #1813 ), #2283, .T. ) ;
#2196 = EDGE_CURVE ( 'NONE', #1004, #797, #267, .T. ) ;
#2197 = ORIENTED_EDGE ( 'NONE', *, *, #1706, .T. ) ;
#2198 = ADVANCED_FACE ( 'NONE', ( #823 ), #2263, .T. ) ;
#2199 = EDGE_LOOP ( 'NONE', ( #2617, #199, #677, #2005 ) ) ;
#2200 = LINE ( 'NONE', #1218, #476 ) ;
#2201 = AXIS2_PLACEMENT_3D ( 'NONE', #286, #1953, #2224 ) ;
#2202 = DIRECTION ( 'NONE',  ( -0.000000000000000000, 0.000000000000000000, -1.000000000000000000 ) ) ;
#2203 = LINE ( 'NONE', #2379, #391 ) ;
#2204 = ORIENTED_EDGE ( 'NONE', *, *, #198, .F. ) ;
#2205 = CARTESIAN_POINT ( 'NONE',  ( 4.699999999999999289, -2.676499134117004353, 1.866322838582651578 ) ) ;
#2206 = DIRECTION ( 'NONE',  ( 1.275531967630005245E-16, 1.000000000000000000, 0.000000000000000000 ) ) ;
#2207 = ORIENTED_EDGE ( 'NONE', *, *, #1867, .F. ) ;
#2208 = VERTEX_POINT ( 'NONE', #1967 ) ;
#2209 = VECTOR ( 'NONE', #1270, 1000.000000000000000 ) ;
#2210 = ORIENTED_EDGE ( 'NONE', *, *, #2453, .F. ) ;
#2211 = ORIENTED_EDGE ( 'NONE', *, *, #1671, .T. ) ;
#2212 = CARTESIAN_POINT ( 'NONE',  ( -4.000000000000000000, 0.000000000000000000, 2.000000000000000000 ) ) ;
#2213 = CARTESIAN_POINT ( 'NONE',  ( 1.550000000000000266, 1.450000000000000178, -1.300000000000000044 ) ) ;
#2214 = ORIENTED_EDGE ( 'NONE', *, *, #723, .F. ) ;
#2215 = DIRECTION ( 'NONE',  ( 0.7071067811865505703, 0.000000000000000000, 0.7071067811865444641 ) ) ;
#2216 = CARTESIAN_POINT ( 'NONE',  ( -2.999999999999999112, 3.134314575050762386, 1.999999999999999556 ) ) ;
#2217 = ORIENTED_EDGE ( 'NONE', *, *, #778, .F. ) ;
#2218 = EDGE_LOOP ( 'NONE', ( #92, #294, #582, #1570, #1783, #2361, #1741, #1810 ) ) ;
#2219 = DIRECTION ( 'NONE',  ( 1.000000000000000000, 0.000000000000000000, 0.000000000000000000 ) ) ;
#2220 = VECTOR ( 'NONE', #1053, 1000.000000000000000 ) ;
#2221 = EDGE_CURVE ( 'NONE', #2325, #1580, #2178, .T. ) ;
#2222 = VERTEX_POINT ( 'NONE', #1665 ) ;
#2223 = VERTEX_POINT ( 'NONE', #150 ) ;
#2224 = DIRECTION ( 'NONE',  ( 1.000000000000000000, 0.000000000000000000, 0.000000000000000000 ) ) ;
#2225 = CARTESIAN_POINT ( 'NONE',  ( -4.299999999999999822, 2.616170551960047774, 1.733265820166076443 ) ) ;
#2226 = LINE ( 'NONE', #2642, #610 ) ;
#2227 = ORIENTED_EDGE ( 'NONE', *, *, #1500, .T. ) ;
#2228 = FACE_OUTER_BOUND ( 'NONE', #1788, .T. ) ;
#2229 = AXIS2_PLACEMENT_3D ( 'NONE', #469, #2363, #1316 ) ;
#2230 = VERTEX_POINT ( 'NONE', #986 ) ;
#2231 = DIRECTION ( 'NONE',  ( 0.000000000000000000, 0.000000000000000000, 1.000000000000000000 ) ) ;
#2232 = CARTESIAN_POINT ( 'NONE',  ( 2.599999999999996536, -3.300000000000001599, 1.600000000000000089 ) ) ;
#2233 = EDGE_CURVE ( 'NONE', #2247, #1771, #1196, .T. ) ;
#2234 = DIRECTION ( 'NONE',  ( 1.000000000000000000, 0.000000000000000000, 0.000000000000000000 ) ) ;
#2235 = EDGE_CURVE ( 'NONE', #1976, #1969, #559, .T. ) ;
#2236 = VERTEX_POINT ( 'NONE', #1432 ) ;
#2237 = EDGE_LOOP ( 'NONE', ( #2651, #1586, #1250, #1131 ) ) ;
#2238 = CARTESIAN_POINT ( 'NONE',  ( 4.000000000000000000, 2.899999999999999023, 1.600000000000000089 ) ) ;
#2239 = VECTOR ( 'NONE', #1083, 1000.000000000000000 ) ;
#2240 = DIRECTION ( 'NONE',  ( 0.000000000000000000, 1.000000000000000000, 0.000000000000000000 ) ) ;
#2241 = DIRECTION ( 'NONE',  ( 0.000000000000000000, 0.7071067811865435759, -0.7071067811865515695 ) ) ;
#2242 = VERTEX_POINT ( 'NONE', #1404 ) ;
#2243 = DIRECTION ( 'NONE',  ( -0.000000000000000000, 0.000000000000000000, 1.000000000000000000 ) ) ;
#2244 = DIRECTION ( 'NONE',  ( -1.000000000000000000, 1.084202172485504434E-16, 0.000000000000000000 ) ) ;
#2245 = VECTOR ( 'NONE', #2395, 1000.000000000000000 ) ;
#2246 = ORIENTED_EDGE ( 'NONE', *, *, #778, .T. ) ;
#2247 = VERTEX_POINT ( 'NONE', #358 ) ;
#2248 = FACE_OUTER_BOUND ( 'NONE', #2630, .T. ) ;
#2249 = FACE_OUTER_BOUND ( 'NONE', #1807, .T. ) ;
#2250 = EDGE_CURVE ( 'NONE', #908, #729, #2694, .T. ) ;
#2251 = AXIS2_PLACEMENT_3D ( 'NONE', #2277, #387, #145 ) ;
#2252 = ORIENTED_EDGE ( 'NONE', *, *, #1909, .F. ) ;
#2253 = VERTEX_POINT ( 'NONE', #2503 ) ;
#2254 = CARTESIAN_POINT ( 'NONE',  ( 1.950000000000000178, 1.450000000000000178, -2.000000000000000000 ) ) ;
#2255 = EDGE_CURVE ( 'NONE', #892, #1542, #604, .T. ) ;
#2256 = AXIS2_PLACEMENT_3D ( 'NONE', #2502, #641, #653 ) ;
#2257 = CARTESIAN_POINT ( 'NONE',  ( 4.000000000000000000, 3.299999999999998934, 1.600000000000000089 ) ) ;
#2258 = LINE ( 'NONE', #1219, #184 ) ;
#2259 = ORIENTED_EDGE ( 'NONE', *, *, #1400, .F. ) ;
#2260 = DIRECTION ( 'NONE',  ( 1.084202172485504434E-16, 1.000000000000000000, -0.000000000000000000 ) ) ;
#2261 = VERTEX_POINT ( 'NONE', #2026 ) ;
#2262 = CARTESIAN_POINT ( 'NONE',  ( 3.000000000000000444, -3.134314575050760610, 2.000000000000000000 ) ) ;
#2263 = CYLINDRICAL_SURFACE ( 'NONE', #640, 0.3999999999999999667 ) ;
#2264 = VECTOR ( 'NONE', #1965, 1000.000000000000000 ) ;
#2265 =( GEOMETRIC_REPRESENTATION_CONTEXT ( 3 ) GLOBAL_UNCERTAINTY_ASSIGNED_CONTEXT ( ( #1681 ) ) GLOBAL_UNIT_ASSIGNED_CONTEXT ( ( #1172, #513, #1369 ) ) REPRESENTATION_CONTEXT ( 'NONE', 'WORKASPACE' ) );
#2266 = ADVANCED_FACE ( 'NONE', ( #2443 ), #809, .F. ) ;
#2267 = ORIENTED_EDGE ( 'NONE', *, *, #1046, .F. ) ;
#2268 = ORIENTED_EDGE ( 'NONE', *, *, #477, .T. ) ;
#2269 = CARTESIAN_POINT ( 'NONE',  ( -6.099999999999999645, 1.356465996625039194, 1.600000000000000089 ) ) ;
#2270 = AXIS2_PLACEMENT_3D ( 'NONE', #1263, #1716, #1092 ) ;
#2271 = EDGE_CURVE ( 'NONE', #1405, #715, #2632, .T. ) ;
#2272 = ADVANCED_FACE ( 'NONE', ( #2249 ), #375, .T. ) ;
#2273 = FACE_OUTER_BOUND ( 'NONE', #2275, .T. ) ;
#2274 = FACE_OUTER_BOUND ( 'NONE', #113, .T. ) ;
#2275 = EDGE_LOOP ( 'NONE', ( #1724, #409, #2618 ) ) ;
#2276 = LINE ( 'NONE', #1010, #1907 ) ;
#2277 = CARTESIAN_POINT ( 'NONE',  ( 6.899999999999998579, 0.000000000000000000, 0.3999999999999999667 ) ) ;
#2278 = CIRCLE ( 'NONE', #1921, 0.4000000000000001887 ) ;
#2279 = LINE ( 'NONE', #372, #964 ) ;
#2280 = CARTESIAN_POINT ( 'NONE',  ( -4.700000000000001066, -3.300000000000001599, 1.600000000000000089 ) ) ;
#2281 = VECTOR ( 'NONE', #1738, 1000.000000000000000 ) ;
#2282 = CARTESIAN_POINT ( 'NONE',  ( -5.499999999999999112, -1.850000000000000089, -1.300000000000000044 ) ) ;
#2283 = CYLINDRICAL_SURFACE ( 'NONE', #1532, 0.4000000000000001887 ) ;
#2284 = ORIENTED_EDGE ( 'NONE', *, *, #1867, .T. ) ;
#2285 = EDGE_CURVE ( 'NONE', #1149, #1771, #1870, .T. ) ;
#2286 = EDGE_CURVE ( 'NONE', #429, #306, #183, .T. ) ;
#2287 = AXIS2_PLACEMENT_3D ( 'NONE', #820, #2231, #1194 ) ;
#2288 = CARTESIAN_POINT ( 'NONE',  ( 5.500000000000000000, -1.450000000000000178, -1.300000000000000044 ) ) ;
#2289 = CIRCLE ( 'NONE', #2547, 2.899999999999999467 ) ;
#2290 = EDGE_CURVE ( 'NONE', #1439, #137, #2307, .T. ) ;
#2291 = FACE_OUTER_BOUND ( 'NONE', #1146, .T. ) ;
#2292 = DIRECTION ( 'NONE',  ( -1.000000000000000000, 0.000000000000000000, 0.000000000000000000 ) ) ;
#2293 = ORIENTED_EDGE ( 'NONE', *, *, #977, .T. ) ;
#2294 = DIRECTION ( 'NONE',  ( 1.084202172485504311E-16, 1.000000000000000000, -0.000000000000000000 ) ) ;
#2295 = FACE_OUTER_BOUND ( 'NONE', #1024, .T. ) ;
#2296 = CARTESIAN_POINT ( 'NONE',  ( 5.599999999999998757, -1.920937271229849141, 1.600000000000000089 ) ) ;
#2297 = DIRECTION ( 'NONE',  ( -1.000000000000000000, 0.000000000000000000, 0.000000000000000000 ) ) ;
#2298 = ORIENTED_EDGE ( 'NONE', *, *, #412, .F. ) ;
#2299 = DIRECTION ( 'NONE',  ( -0.000000000000000000, -0.000000000000000000, -1.000000000000000000 ) ) ;
#2300 = CARTESIAN_POINT ( 'NONE',  ( -5.200000000000001066, -3.300000000000001599, 2.000000000000000000 ) ) ;
#2301 = EDGE_LOOP ( 'NONE', ( #644, #1962, #2459, #754 ) ) ;
#2302 = AXIS2_PLACEMENT_3D ( 'NONE', #478, #83, #1325 ) ;
#2303 = FACE_OUTER_BOUND ( 'NONE', #906, .T. ) ;
#2304 = CARTESIAN_POINT ( 'NONE',  ( -5.599999999999999645, 2.255190302127857205, 1.863647464194809755 ) ) ;
#2305 = CARTESIAN_POINT ( 'NONE',  ( -6.100000000000000533, -1.356465996625039194, 1.600000000000000089 ) ) ;
#2306 = CARTESIAN_POINT ( 'NONE',  ( 1.550000000000000266, -1.850000000000000089, -2.000000000000000000 ) ) ;
#2307 = LINE ( 'NONE', #2528, #2220 ) ;
#2308 = VECTOR ( 'NONE', #2297, 1000.000000000000000 ) ;
#2309 = EDGE_CURVE ( 'NONE', #2230, #323, #31, .T. ) ;
#2310 = DIRECTION ( 'NONE',  ( -1.000000000000000000, 1.084202172485504434E-16, 0.000000000000000000 ) ) ;
#2311 =( BOUNDED_CURVE ( )  B_SPLINE_CURVE ( 3, ( #1485, #29, #2095, #1303 ),
 .UNSPECIFIED., .F., .F. ) 
 B_SPLINE_CURVE_WITH_KNOTS ( ( 4, 4 ),
 ( 0.000000000000000000, 1.570796326794896780 ),
 .UNSPECIFIED. ) 
 CURVE ( )  GEOMETRIC_REPRESENTATION_ITEM ( )  RATIONAL_B_SPLINE_CURVE ( ( 1.000000000000000000, 0.8047378541243649375, 0.8047378541243649375, 1.000000000000000000 ) ) 
 REPRESENTATION_ITEM ( '' )  );
#2312 = FACE_OUTER_BOUND ( 'NONE', #1363, .T. ) ;
#2313 = EDGE_LOOP ( 'NONE', ( #949, #1177, #1514, #2397 ) ) ;
#2314 = CARTESIAN_POINT ( 'NONE',  ( 6.099999999999998757, -3.300000000000002931, 1.600000000000000089 ) ) ;
#2315 = CARTESIAN_POINT ( 'NONE',  ( -4.700000000000000178, 2.399999999999998579, 1.600000000000000089 ) ) ;
#2316 = DIRECTION ( 'NONE',  ( 1.000000000000000000, 0.000000000000000000, 0.000000000000000000 ) ) ;
#2317 = DIRECTION ( 'NONE',  ( -0.000000000000000000, 0.000000000000000000, 1.000000000000000000 ) ) ;
#2318 = ADVANCED_FACE ( 'NONE', ( #1487 ), #1254, .F. ) ;
#2319 = LINE ( 'NONE', #848, #2706 ) ;
#2320 = EDGE_CURVE ( 'NONE', #1505, #1326, #450, .T. ) ;
#2321 = EDGE_CURVE ( 'NONE', #1849, #769, #771, .T. ) ;
#2322 = EDGE_LOOP ( 'NONE', ( #2589, #2585, #1460, #2098 ) ) ;
#2323 = CARTESIAN_POINT ( 'NONE',  ( 3.399999999999999911, -3.300000000000002487, 2.000000000000000000 ) ) ;
#2324 = DIRECTION ( 'NONE',  ( 0.000000000000000000, 0.000000000000000000, 1.000000000000000000 ) ) ;
#2325 = VERTEX_POINT ( 'NONE', #45 ) ;
#2326 = DIRECTION ( 'NONE',  ( 1.000000000000000000, -1.084202172485504434E-16, 0.000000000000000000 ) ) ;
#2327 = CARTESIAN_POINT ( 'NONE',  ( 4.000000000000000000, 0.000000000000000000, 1.599999999999999867 ) ) ;
#2328 = CARTESIAN_POINT ( 'NONE',  ( 4.000000000000000000, 0.000000000000000000, 1.600000000000000089 ) ) ;
#2329 = FACE_OUTER_BOUND ( 'NONE', #2467, .T. ) ;
#2330 = CARTESIAN_POINT ( 'NONE',  ( 0.8499999999999999778, 0.8499999999999998668, 4.404163056034261281 ) ) ;
#2331 = CONICAL_SURFACE ( 'NONE', #2374, 2.499999999999995559, 0.7853981633974547183 ) ;
#2332 = EDGE_LOOP ( 'NONE', ( #1548, #467, #687, #288 ) ) ;
#2333 = EDGE_CURVE ( 'NONE', #733, #1545, #2088, .T. ) ;
#2334 = CARTESIAN_POINT ( 'NONE',  ( 1.950000000000000178, 1.450000000000000178, -1.300000000000000044 ) ) ;
#2335 = CIRCLE ( 'NONE', #1204, 3.299999999999998934 ) ;
#2336 = DIRECTION ( 'NONE',  ( 0.000000000000000000, 0.000000000000000000, 1.000000000000000000 ) ) ;
#2337 = ORIENTED_EDGE ( 'NONE', *, *, #1975, .T. ) ;
#2338 = FACE_OUTER_BOUND ( 'NONE', #1150, .T. ) ;
#2339 = CYLINDRICAL_SURFACE ( 'NONE', #2042, 0.4000000000000000222 ) ;
#2340 = CARTESIAN_POINT ( 'NONE',  ( -3.400000000000000799, -2.499999999999996447, 1.600000000000000089 ) ) ;
#2341 = DIRECTION ( 'NONE',  ( -1.000000000000000000, 1.084202172485504434E-16, 0.000000000000000000 ) ) ;
#2342 = CARTESIAN_POINT ( 'NONE',  ( 5.200000000000000178, -2.492238777225657120, 1.865413508667170150 ) ) ;
#2343 = DIRECTION ( 'NONE',  ( -1.000000000000000000, 1.084202172485504434E-16, 0.000000000000000000 ) ) ;
#2344 = B_SPLINE_CURVE_WITH_KNOTS ( 'NONE', 3,
 ( #2024, #1825, #1224, #1662 ),
 .UNSPECIFIED., .F., .F.,
 ( 4, 4 ),
 ( 3.679904200040097469E-18, 0.0005674604078117313159 ),
 .UNSPECIFIED. ) ;
#2345 = AXIS2_PLACEMENT_3D ( 'NONE', #1821, #760, #1605 ) ;
#2346 = VERTEX_POINT ( 'NONE', #863 ) ;
#2347 = EDGE_CURVE ( 'NONE', #137, #2077, #1733, .T. ) ;
#2348 = CARTESIAN_POINT ( 'NONE',  ( 3.400000000000000355, 2.899999999999999023, 2.000000000000000000 ) ) ;
#2349 = EDGE_CURVE ( 'NONE', #1966, #952, #1466, .T. ) ;
#2350 = VECTOR ( 'NONE', #2650, 1000.000000000000000 ) ;
#2351 = EDGE_CURVE ( 'NONE', #2164, #2067, #1510, .T. ) ;
#2352 = DIRECTION ( 'NONE',  ( 1.000000000000000000, -1.084202172485504434E-16, 0.000000000000000000 ) ) ;
#2353 = ORIENTED_EDGE ( 'NONE', *, *, #2221, .T. ) ;
#2354 = CARTESIAN_POINT ( 'NONE',  ( 5.099999999999999645, -1.450000000000000178, -2.000000000000000000 ) ) ;
#2355 = DIRECTION ( 'NONE',  ( 0.000000000000000000, 0.000000000000000000, 1.000000000000000000 ) ) ;
#2356 = DIRECTION ( 'NONE',  ( 1.000000000000000000, 0.000000000000000000, 0.000000000000000000 ) ) ;
#2357 = DIRECTION ( 'NONE',  ( -0.000000000000000000, 0.000000000000000000, 1.000000000000000000 ) ) ;
#2358 = AXIS2_PLACEMENT_3D ( 'NONE', #2328, #1287, #821 ) ;
#2359 = VECTOR ( 'NONE', #1986, 1000.000000000000000 ) ;
#2360 = CARTESIAN_POINT ( 'NONE',  ( 5.199999999999998401, 2.343459700993630435, 1.731843348529120696 ) ) ;
#2361 = ORIENTED_EDGE ( 'NONE', *, *, #1198, .T. ) ;
#2362 = ADVANCED_FACE ( 'NONE', ( #642 ), #1043, .F. ) ;
#2363 = DIRECTION ( 'NONE',  ( 0.000000000000000000, 0.000000000000000000, 1.000000000000000000 ) ) ;
#2364 = VERTEX_POINT ( 'NONE', #837 ) ;
#2365 = CIRCLE ( 'NONE', #87, 2.899999999999999023 ) ;
#2366 = ORIENTED_EDGE ( 'NONE', *, *, #1658, .F. ) ;
#2367 = PLANE ( 'NONE',  #993 ) ;
#2368 = CARTESIAN_POINT ( 'NONE',  ( -4.000000000000000000, 0.000000000000000000, 2.000000000000000000 ) ) ;
#2369 = LINE ( 'NONE', #1977, #449 ) ;
#2370 = DIRECTION ( 'NONE',  ( 1.000000000000000000, 0.000000000000000000, 0.000000000000000000 ) ) ;
#2371 = AXIS2_PLACEMENT_3D ( 'NONE', #2055, #617, #1851 ) ;
#2372 = EDGE_LOOP ( 'NONE', ( #533, #385, #1153, #482, #590, #2657, #97, #1176, #331 ) ) ;
#2373 = CIRCLE ( 'NONE', #53, 2.899999999999999467 ) ;
#2374 = AXIS2_PLACEMENT_3D ( 'NONE', #1928, #57, #884 ) ;
#2375 = CARTESIAN_POINT ( 'NONE',  ( -3.800000000000000266, 2.499999999999996003, 1.600000000000000089 ) ) ;
#2376 = VERTEX_POINT ( 'NONE', #1719 ) ;
#2377 = FACE_OUTER_BOUND ( 'NONE', #2623, .T. ) ;
#2378 = ORIENTED_EDGE ( 'NONE', *, *, #2233, .T. ) ;
#2379 = CARTESIAN_POINT ( 'NONE',  ( -3.800000000000000266, 2.499999999999996003, 1.600000000000000089 ) ) ;
#2380 = PLANE ( 'NONE',  #1197 ) ;
#2381 = ORIENTED_EDGE ( 'NONE', *, *, #2487, .T. ) ;
#2382 = MECHANICAL_DESIGN_GEOMETRIC_PRESENTATION_REPRESENTATION (  '', ( #1734 ), #2648 ) ;
#2383 = CARTESIAN_POINT ( 'NONE',  ( 0.8499999999999999778, 0.8499999999999998668, 0.000000000000000000 ) ) ;
#2384 = DIRECTION ( 'NONE',  ( 1.000000000000000000, 0.000000000000000000, 0.000000000000000000 ) ) ;
#2385 = ORIENTED_EDGE ( 'NONE', *, *, #2285, .F. ) ;
#2386 = ADVANCED_FACE ( 'NONE', ( #2537 ), #1680, .F. ) ;
#2387 = CARTESIAN_POINT ( 'NONE',  ( -7.299999999999998934, 0.000000000000000000, 2.000000000000000000 ) ) ;
#2388 = ORIENTED_EDGE ( 'NONE', *, *, #365, .T. ) ;
#2389 = EDGE_LOOP ( 'NONE', ( #2676, #920, #1970, #1061 ) ) ;
#2390 = DIRECTION ( 'NONE',  ( 1.000000000000000000, 0.000000000000000000, 0.000000000000000000 ) ) ;
#2391 = TOROIDAL_SURFACE ( 'NONE', #291, 2.899999999999999023, 0.4000000000000000222 ) ;
#2392 = DIRECTION ( 'NONE',  ( 0.000000000000000000, 0.000000000000000000, 1.000000000000000000 ) ) ;
#2393 = APPLICATION_PROTOCOL_DEFINITION ( 'draft international standard', 'automotive_design', 1998, #237 ) ;
#2394 = VERTEX_POINT ( 'NONE', #1478 ) ;
#2395 = DIRECTION ( 'NONE',  ( -1.275531967630005245E-16, -1.000000000000000000, 0.000000000000000000 ) ) ;
#2396 = DIRECTION ( 'NONE',  ( 1.000000000000000000, 0.000000000000000000, 0.000000000000000000 ) ) ;
#2397 = ORIENTED_EDGE ( 'NONE', *, *, #1539, .F. ) ;
#2398 = ORIENTED_EDGE ( 'NONE', *, *, #977, .F. ) ;
#2399 = EDGE_CURVE ( 'NONE', #1188, #2581, #668, .T. ) ;
#2400 = EDGE_CURVE ( 'NONE', #2510, #1188, #1258, .T. ) ;
#2401 = EDGE_CURVE ( 'NONE', #939, #2325, #2319, .T. ) ;
#2402 = VECTOR ( 'NONE', #1398, 1000.000000000000000 ) ;
#2403 = CIRCLE ( 'NONE', #2131, 3.299999999999999378 ) ;
#2404 = ORIENTED_EDGE ( 'NONE', *, *, #1637, .T. ) ;
#2405 = AXIS2_PLACEMENT_3D ( 'NONE', #794, #2469, #302 ) ;
#2406 = VERTEX_POINT ( 'NONE', #1307 ) ;
#2407 = CARTESIAN_POINT ( 'NONE',  ( -4.700000000000001066, 2.538470168745210032, 1.732931361995402098 ) ) ;
#2408 = DIRECTION ( 'NONE',  ( 1.000000000000000000, 0.000000000000000000, 0.000000000000000000 ) ) ;
#2409 = DIRECTION ( 'NONE',  ( 0.000000000000000000, 0.000000000000000000, -1.000000000000000000 ) ) ;
#2410 = ORIENTED_EDGE ( 'NONE', *, *, #1232, .F. ) ;
#2411 = CARTESIAN_POINT ( 'NONE',  ( -1.949999999999999734, 1.450000000000000178, -2.000000000000000000 ) ) ;
#2412 = CYLINDRICAL_SURFACE ( 'NONE', #112, 0.4000000000000001887 ) ;
#2413 = B_SPLINE_CURVE_WITH_KNOTS ( 'NONE', 3,
 ( #2078, #201, #1035, #830 ),
 .UNSPECIFIED., .F., .F.,
 ( 4, 4 ),
 ( 0.000000000000000000, 0.0005997696764445804678 ),
 .UNSPECIFIED. ) ;
#2414 = EDGE_LOOP ( 'NONE', ( #93, #2081, #958, #1410 ) ) ;
#2415 = ORIENTED_EDGE ( 'NONE', *, *, #2654, .T. ) ;
#2416 = CIRCLE ( 'NONE', #11, 2.899999999999999023 ) ;
#2417 = ORIENTED_EDGE ( 'NONE', *, *, #317, .T. ) ;
#2418 = VERTEX_POINT ( 'NONE', #1499 ) ;
#2419 = CARTESIAN_POINT ( 'NONE',  ( -4.300000000000000711, 2.750330039614013788, 1.866608546835097249 ) ) ;
#2420 = CIRCLE ( 'NONE', #667, 2.499999999999992895 ) ;
#2421 = DIRECTION ( 'NONE',  ( 1.084202172485504311E-16, 1.000000000000000000, -0.000000000000000000 ) ) ;
#2422 = ORIENTED_EDGE ( 'NONE', *, *, #2235, .F. ) ;
#2423 = CARTESIAN_POINT ( 'NONE',  ( 1.550000000000000266, 1.850000000000000089, -2.000000000000000000 ) ) ;
#2424 = CARTESIAN_POINT ( 'NONE',  ( -4.000000000000000000, 2.899999999999999467, 1.600000000000000089 ) ) ;
#2425 = EDGE_CURVE ( 'NONE', #1467, #484, #2133, .T. ) ;
#2426 = ORIENTED_EDGE ( 'NONE', *, *, #2333, .F. ) ;
#2427 = ORIENTED_EDGE ( 'NONE', *, *, #689, .T. ) ;
#2428 = ORIENTED_EDGE ( 'NONE', *, *, #1234, .F. ) ;
#2429 = ORIENTED_EDGE ( 'NONE', *, *, #377, .F. ) ;
#2430 = CARTESIAN_POINT ( 'NONE',  ( 5.200000000000000178, 2.193171219946126183, 1.600000000000000089 ) ) ;
#2431 = CARTESIAN_POINT ( 'NONE',  ( 6.099999999999999645, 1.356465996625040082, 1.600000000000000089 ) ) ;
#2432 = ADVANCED_FACE ( 'NONE', ( #2108 ), #2611, .T. ) ;
#2433 = LINE ( 'NONE', #527, #1114 ) ;
#2434 = VERTEX_POINT ( 'NONE', #247 ) ;
#2435 = CARTESIAN_POINT ( 'NONE',  ( -4.000000000000000000, 2.899999999999999467, 0.000000000000000000 ) ) ;
#2436 = VECTOR ( 'NONE', #1929, 1000.000000000000000 ) ;
#2437 =( LENGTH_UNIT ( ) NAMED_UNIT ( * ) SI_UNIT ( .MILLI., .METRE. ) );
#2438 = EDGE_CURVE ( 'NONE', #1771, #2672, #1345, .T. ) ;
#2439 = ORIENTED_EDGE ( 'NONE', *, *, #2028, .F. ) ;
#2440 = CARTESIAN_POINT ( 'NONE',  ( 4.000000000000000000, 0.000000000000000000, 2.000000000000000000 ) ) ;
#2441 = DIRECTION ( 'NONE',  ( -1.000000000000000000, 1.734723475976811039E-16, 1.301042606982608279E-16 ) ) ;
#2442 = PRODUCT_DEFINITION_FORMATION_WITH_SPECIFIED_SOURCE ( 'ä»', '', #1875, .NOT_KNOWN. ) ;
#2443 = FACE_OUTER_BOUND ( 'NONE', #1523, .T. ) ;
#2444 = ORIENTED_EDGE ( 'NONE', *, *, #377, .T. ) ;
#2445 = ORIENTED_EDGE ( 'NONE', *, *, #1501, .T. ) ;
#2446 = CARTESIAN_POINT ( 'NONE',  ( 6.099999999999999645, -1.999999999999999112, 2.000000000000000000 ) ) ;
#2447 = FACE_OUTER_BOUND ( 'NONE', #1104, .T. ) ;
#2448 = DIRECTION ( 'NONE',  ( 0.000000000000000000, 0.000000000000000000, 1.000000000000000000 ) ) ;
#2449 = ORIENTED_EDGE ( 'NONE', *, *, #1311, .T. ) ;
#2450 = DIRECTION ( 'NONE',  ( -1.000000000000000000, 0.000000000000000000, 0.000000000000000000 ) ) ;
#2451 = PRESENTATION_STYLE_ASSIGNMENT (( #1606 ) ) ;
#2452 = ORIENTED_EDGE ( 'NONE', *, *, #1992, .T. ) ;
#2453 = EDGE_CURVE ( 'NONE', #732, #658, #2171, .T. ) ;
#2454 = DIRECTION ( 'NONE',  ( 1.000000000000000000, 0.000000000000000000, 0.000000000000000000 ) ) ;
#2455 = CARTESIAN_POINT ( 'NONE',  ( -5.099999999999998757, -1.850000000000000089, -1.300000000000000044 ) ) ;
#2456 = DIRECTION ( 'NONE',  ( -0.7071067811865512365, 0.000000000000000000, 0.7071067811865439090 ) ) ;
#2457 = EDGE_CURVE ( 'NONE', #2261, #1984, #1526, .T. ) ;
#2458 = EDGE_LOOP ( 'NONE', ( #2445, #693, #2267, #1117 ) ) ;
#2459 = ORIENTED_EDGE ( 'NONE', *, *, #1636, .F. ) ;
#2460 = CARTESIAN_POINT ( 'NONE',  ( -5.200000000000000178, 2.640075756488816427, 2.000000000000000000 ) ) ;
#2461 = CARTESIAN_POINT ( 'NONE',  ( 4.000000000000000000, 2.899999999999999023, 0.000000000000000000 ) ) ;
#2462 = LINE ( 'NONE', #410, #2107 ) ;
#2463 = EDGE_LOOP ( 'NONE', ( #2284, #1815, #1430, #346 ) ) ;
#2464 = DIRECTION ( 'NONE',  ( 0.000000000000000000, 0.000000000000000000, -1.000000000000000000 ) ) ;
#2465 = DIRECTION ( 'NONE',  ( 0.000000000000000000, 0.000000000000000000, 1.000000000000000000 ) ) ;
#2466 = AXIS2_PLACEMENT_3D ( 'NONE', #1169, #139, #2640 ) ;
#2467 = EDGE_LOOP ( 'NONE', ( #1184, #518, #2594, #1353 ) ) ;
#2468 = CARTESIAN_POINT ( 'NONE',  ( -2.499999999999994671, -3.300000000000000711, 1.499999999999999556 ) ) ;
#2469 = DIRECTION ( 'NONE',  ( 0.000000000000000000, 0.000000000000000000, -1.000000000000000000 ) ) ;
#2470 = EDGE_CURVE ( 'NONE', #1401, #2434, #326, .T. ) ;
#2471 = ADVANCED_FACE ( 'NONE', ( #1995 ), #2391, .T. ) ;
#2472 = AXIS2_PLACEMENT_3D ( 'NONE', #307, #2352, #674 ) ;
#2473 = ORIENTED_EDGE ( 'NONE', *, *, #303, .F. ) ;
#2474 = ORIENTED_EDGE ( 'NONE', *, *, #1908, .F. ) ;
#2475 = DIRECTION ( 'NONE',  ( 1.084202172485504311E-16, 1.000000000000000000, -0.000000000000000000 ) ) ;
#2476 = EDGE_CURVE ( 'NONE', #342, #892, #1134, .T. ) ;
#2477 = CARTESIAN_POINT ( 'NONE',  ( 2.499999999999993783, -3.300000000000001599, 1.499999999999998890 ) ) ;
#2478 = DIRECTION ( 'NONE',  ( 0.000000000000000000, -0.000000000000000000, 1.000000000000000000 ) ) ;
#2479 = ORIENTED_EDGE ( 'NONE', *, *, #2601, .F. ) ;
#2480 = DIRECTION ( 'NONE',  ( 0.000000000000000000, -1.000000000000000000, 2.710505431213759902E-15 ) ) ;
#2481 = ORIENTED_EDGE ( 'NONE', *, *, #991, .F. ) ;
#2482 = CARTESIAN_POINT ( 'NONE',  ( 3.399999999999999911, -2.499999999999996003, 1.600000000000000089 ) ) ;
#2483 = B_SPLINE_CURVE_WITH_KNOTS ( 'NONE', 3,
 ( #800, #2419, #2225, #383 ),
 .UNSPECIFIED., .F., .F.,
 ( 4, 4 ),
 ( 2.453269466693398698E-18, 0.0005674604078117325085 ),
 .UNSPECIFIED. ) ;
#2484 = PLANE ( 'NONE',  #1295 ) ;
#2485 = CARTESIAN_POINT ( 'NONE',  ( -3.000000000000000000, -3.300000000000000711, 1.999999999999999556 ) ) ;
#2486 = VECTOR ( 'NONE', #1769, 1000.000000000000000 ) ;
#2487 = EDGE_CURVE ( 'NONE', #549, #2504, #2566, .T. ) ;
#2488 = ADVANCED_FACE ( 'NONE', ( #1954 ), #2149, .T. ) ;
#2489 = EDGE_CURVE ( 'NONE', #1861, #1405, #552, .T. ) ;
#2490 = ORIENTED_EDGE ( 'NONE', *, *, #934, .F. ) ;
#2491 = CARTESIAN_POINT ( 'NONE',  ( 4.000000000000000000, 2.899999999999999023, 2.000000000000000000 ) ) ;
#2492 = AXIS2_PLACEMENT_3D ( 'NONE', #1389, #374, #1840 ) ;
#2493 = CARTESIAN_POINT ( 'NONE',  ( -5.499999999999999112, -1.850000000000000089, -1.300000000000000044 ) ) ;
#2494 = DIRECTION ( 'NONE',  ( -0.000000000000000000, -0.000000000000000000, -1.000000000000000000 ) ) ;
#2495 = DIRECTION ( 'NONE',  ( 0.000000000000000000, 0.000000000000000000, 1.000000000000000000 ) ) ;
#2496 = ORIENTED_EDGE ( 'NONE', *, *, #477, .F. ) ;
#2497 = VECTOR ( 'NONE', #2215, 1000.000000000000000 ) ;
#2498 = VECTOR ( 'NONE', #381, 1000.000000000000000 ) ;
#2499 = ORIENTED_EDGE ( 'NONE', *, *, #1975, .F. ) ;
#2500 = DIRECTION ( 'NONE',  ( 5.110978055611209656E-16, 0.7071067811865432429, -0.7071067811865517916 ) ) ;
#2501 = VECTOR ( 'NONE', #551, 1000.000000000000000 ) ;
#2502 = CARTESIAN_POINT ( 'NONE',  ( 3.799999999999999822, -3.300000000000002487, 1.600000000000000089 ) ) ;
#2503 = CARTESIAN_POINT ( 'NONE',  ( -5.499999999999999112, -1.450000000000000178, -2.000000000000000000 ) ) ;
#2504 = VERTEX_POINT ( 'NONE', #2603 ) ;
#2505 = CIRCLE ( 'NONE', #1931, 2.899999999999999023 ) ;
#2506 = FACE_OUTER_BOUND ( 'NONE', #585, .T. ) ;
#2507 = AXIS2_PLACEMENT_3D ( 'NONE', #613, #2478, #1236 ) ;
#2508 = CARTESIAN_POINT ( 'NONE',  ( 3.400000000000000355, -2.899999999999999023, 1.600000000000000089 ) ) ;
#2509 = CARTESIAN_POINT ( 'NONE',  ( 4.000000000000000000, 0.000000000000000000, 0.3999999999999999667 ) ) ;
#2510 = VERTEX_POINT ( 'NONE', #1161 ) ;
#2511 = CARTESIAN_POINT ( 'NONE',  ( 3.799999999999999822, -3.300000000000002487, 1.600000000000000089 ) ) ;
#2512 = FACE_OUTER_BOUND ( 'NONE', #537, .T. ) ;
#2513 = CARTESIAN_POINT ( 'NONE',  ( 3.000000000000000888, 3.299999999999998934, 1.999999999999998668 ) ) ;
#2514 = CARTESIAN_POINT ( 'NONE',  ( -0.8500000000000001998, -0.8500000000000000888, 0.000000000000000000 ) ) ;
#2515 = VECTOR ( 'NONE', #1964, 1000.000000000000000 ) ;
#2516 = EDGE_CURVE ( 'NONE', #1391, #342, #897, .T. ) ;
#2517 = DIRECTION ( 'NONE',  ( 1.000000000000000000, -1.084202172485504434E-16, 0.000000000000000000 ) ) ;
#2518 = AXIS2_PLACEMENT_3D ( 'NONE', #966, #1809, #1222 ) ;
#2519 = LINE ( 'NONE', #1479, #1033 ) ;
#2520 = ADVANCED_FACE ( 'NONE', ( #937 ), #2412, .T. ) ;
#2521 = DIRECTION ( 'NONE',  ( 0.000000000000000000, 0.000000000000000000, 1.000000000000000000 ) ) ;
#2522 = ORIENTED_EDGE ( 'NONE', *, *, #303, .T. ) ;
#2523 = CARTESIAN_POINT ( 'NONE',  ( 4.000000000000000000, 3.299999999999998934, 2.000000000000000000 ) ) ;
#2524 = CARTESIAN_POINT ( 'NONE',  ( -5.600000000000000533, -2.089756969310676116, 1.729716820064066019 ) ) ;
#2525 = DIRECTION ( 'NONE',  ( 1.000000000000000000, 0.000000000000000000, 0.000000000000000000 ) ) ;
#2526 = LINE ( 'NONE', #2306, #1520 ) ;
#2527 = ADVANCED_FACE ( 'NONE', ( #299 ), #1611, .T. ) ;
#2528 = CARTESIAN_POINT ( 'NONE',  ( 3.399999999999999911, -3.300000000000002487, 1.600000000000000089 ) ) ;
#2529 = ORIENTED_EDGE ( 'NONE', *, *, #721, .T. ) ;
#2530 = CARTESIAN_POINT ( 'NONE',  ( -4.000000000000000000, 2.899999999999999911, 2.000000000000000000 ) ) ;
#2531 = CARTESIAN_POINT ( 'NONE',  ( -4.000000000000000000, 0.000000000000000000, 1.599999999999999867 ) ) ;
#2532 = ORIENTED_EDGE ( 'NONE', *, *, #824, .T. ) ;
#2533 = LINE ( 'NONE', #1074, #750 ) ;
#2534 = CARTESIAN_POINT ( 'NONE',  ( -5.499999999999999112, -1.450000000000000178, -1.300000000000000044 ) ) ;
#2535 = DIRECTION ( 'NONE',  ( 0.000000000000000000, 0.000000000000000000, 1.000000000000000000 ) ) ;
#2536 = DIRECTION ( 'NONE',  ( 1.000000000000000000, -1.084202172485504434E-16, -0.000000000000000000 ) ) ;
#2537 = FACE_OUTER_BOUND ( 'NONE', #2237, .T. ) ;
#2538 = CIRCLE ( 'NONE', #954, 3.299999999999998934 ) ;
#2539 = AXIS2_PLACEMENT_3D ( 'NONE', #2085, #461, #2119 ) ;
#2540 = EDGE_CURVE ( 'NONE', #1838, #1391, #1696, .T. ) ;
#2541 = VECTOR ( 'NONE', #2048, 1000.000000000000000 ) ;
#2542 = VERTEX_POINT ( 'NONE', #502 ) ;
#2543 = ADVANCED_FACE ( 'NONE', ( #718 ), #1563, .F. ) ;
#2544 = CARTESIAN_POINT ( 'NONE',  ( -5.099999999999998757, 1.449999999999999956, -2.000000000000000000 ) ) ;
#2545 = FACE_OUTER_BOUND ( 'NONE', #1199, .T. ) ;
#2546 = ORIENTED_EDGE ( 'NONE', *, *, #2400, .T. ) ;
#2547 = AXIS2_PLACEMENT_3D ( 'NONE', #1688, #1461, #2548 ) ;
#2548 = DIRECTION ( 'NONE',  ( 1.000000000000000000, 0.000000000000000000, 0.000000000000000000 ) ) ;
#2549 = CARTESIAN_POINT ( 'NONE',  ( -4.000000000000000000, -2.899999999999999023, 0.000000000000000000 ) ) ;
#2550 = CARTESIAN_POINT ( 'NONE',  ( -7.299999999999999822, 0.000000000000000000, 0.3999999999999999667 ) ) ;
#2551 = DIRECTION ( 'NONE',  ( 0.000000000000000000, 0.000000000000000000, 1.000000000000000000 ) ) ;
#2552 = CARTESIAN_POINT ( 'NONE',  ( 4.699999999999999289, -3.300000000000002487, 1.600000000000000089 ) ) ;
#2553 = FACE_OUTER_BOUND ( 'NONE', #649, .T. ) ;
#2554 = ADVANCED_FACE ( 'NONE', ( #1941 ), #1782, .F. ) ;
#2555 = VECTOR ( 'NONE', #1664, 1000.000000000000000 ) ;
#2556 = EDGE_CURVE ( 'NONE', #1271, #1641, #651, .T. ) ;
#2557 = ORIENTED_EDGE ( 'NONE', *, *, #1636, .T. ) ;
#2558 = LINE ( 'NONE', #1882, #967 ) ;
#2559 = CIRCLE ( 'NONE', #849, 0.3999999999999999667 ) ;
#2560 = CARTESIAN_POINT ( 'NONE',  ( 6.099999999999999645, 1.999999999999999112, 2.000000000000000000 ) ) ;
#2561 = ORIENTED_EDGE ( 'NONE', *, *, #2556, .F. ) ;
#2562 = PLANE ( 'NONE',  #838 ) ;
#2563 = DIRECTION ( 'NONE',  ( 0.000000000000000000, 0.000000000000000000, -1.000000000000000000 ) ) ;
#2564 = CARTESIAN_POINT ( 'NONE',  ( 0.000000000000000000, 0.000000000000000000, -1.300000000000000044 ) ) ;
#2565 = CARTESIAN_POINT ( 'NONE',  ( -4.000000000000000000, 0.000000000000000000, 2.000000000000000000 ) ) ;
#2566 = LINE ( 'NONE', #681, #2486 ) ;
#2567 = DIRECTION ( 'NONE',  ( 0.000000000000000000, -1.000000000000000000, 0.000000000000000000 ) ) ;
#2568 = ADVANCED_FACE ( 'NONE', ( #664 ), #1938, .F. ) ;
#2569 = ADVANCED_FACE ( 'NONE', ( #65 ), #505, .F. ) ;
#2570 = ADVANCED_FACE ( 'NONE', ( #1507 ), #2339, .T. ) ;
#2571 = CARTESIAN_POINT ( 'NONE',  ( 4.299999999999999822, 2.750330039614013788, 1.866608546835096138 ) ) ;
#2572 = AXIS2_PLACEMENT_3D ( 'NONE', #287, #731, #116 ) ;
#2573 = FACE_OUTER_BOUND ( 'NONE', #157, .T. ) ;
#2574 = ORIENTED_EDGE ( 'NONE', *, *, #536, .F. ) ;
#2575 = DIRECTION ( 'NONE',  ( 7.666467083416916297E-17, 0.7071067811865517916, 0.7071067811865432429 ) ) ;
#2576 = CARTESIAN_POINT ( 'NONE',  ( 3.999999999999999112, -2.899999999999999023, 1.600000000000000089 ) ) ;
#2577 = LINE ( 'NONE', #1333, #1418 ) ;
#2578 = DIRECTION ( 'NONE',  ( 0.000000000000000000, 0.000000000000000000, 1.000000000000000000 ) ) ;
#2579 = ORIENTED_EDGE ( 'NONE', *, *, #973, .T. ) ;
#2580 = DIRECTION ( 'NONE',  ( 1.000000000000000000, 0.000000000000000000, 0.000000000000000000 ) ) ;
#2581 = VERTEX_POINT ( 'NONE', #1050 ) ;
#2582 = CARTESIAN_POINT ( 'NONE',  ( -4.700000000000001066, -2.814249455894056506, 2.000000000000000000 ) ) ;
#2583 = ORIENTED_EDGE ( 'NONE', *, *, #320, .F. ) ;
#2584 = VECTOR ( 'NONE', #1498, 1000.000000000000000 ) ;
#2585 = ORIENTED_EDGE ( 'NONE', *, *, #36, .T. ) ;
#2586 = FACE_OUTER_BOUND ( 'NONE', #1230, .T. ) ;
#2587 = ORIENTED_EDGE ( 'NONE', *, *, #695, .F. ) ;
#2588 = CARTESIAN_POINT ( 'NONE',  ( 1.950000000000000178, 1.850000000000000089, 0.000000000000000000 ) ) ;
#2589 = ORIENTED_EDGE ( 'NONE', *, *, #1046, .T. ) ;
#2590 = CIRCLE ( 'NONE', #1759, 2.899999999999999023 ) ;
#2591 = EDGE_CURVE ( 'NONE', #1542, #2164, #629, .T. ) ;
#2592 = CIRCLE ( 'NONE', #140, 0.4000000000000001887 ) ;
#2593 = CARTESIAN_POINT ( 'NONE',  ( -2.999999999999999112, 2.899999999999999911, 1.999999999999999556 ) ) ;
#2594 = ORIENTED_EDGE ( 'NONE', *, *, #2290, .F. ) ;
#2595 = EDGE_LOOP ( 'NONE', ( #1816, #1996, #2210, #1193 ) ) ;
#2596 = FACE_OUTER_BOUND ( 'NONE', #1585, .T. ) ;
#2597 = ORIENTED_EDGE ( 'NONE', *, *, #336, .T. ) ;
#2598 = EDGE_CURVE ( 'NONE', #2236, #1326, #638, .T. ) ;
#2599 = EDGE_LOOP ( 'NONE', ( #1565, #1950, #486, #1167 ) ) ;
#2600 = CONICAL_SURFACE ( 'NONE', #1425, 2.499999999999996003, 0.7853981633974541632 ) ;
#2601 = EDGE_CURVE ( 'NONE', #2050, #1997, #290, .T. ) ;
#2602 = FACE_OUTER_BOUND ( 'NONE', #2322, .T. ) ;
#2603 = CARTESIAN_POINT ( 'NONE',  ( 4.299999999999998934, 2.884441020371190767, 2.000000000000000000 ) ) ;
#2604 = ADVANCED_FACE ( 'NONE', ( #2512 ), #1496, .T. ) ;
#2605 = ORIENTED_EDGE ( 'NONE', *, *, #2438, .F. ) ;
#2606 = ORIENTED_EDGE ( 'NONE', *, *, #1198, .F. ) ;
#2607 = CIRCLE ( 'NONE', #239, 2.899999999999999467 ) ;
#2608 = ORIENTED_EDGE ( 'NONE', *, *, #320, .T. ) ;
#2609 = ORIENTED_EDGE ( 'NONE', *, *, #931, .F. ) ;
#2610 = LINE ( 'NONE', #880, #2281 ) ;
#2611 = TOROIDAL_SURFACE ( 'NONE', #1905, 2.899999999999999467, 0.4000000000000000222 ) ;
#2612 = CARTESIAN_POINT ( 'NONE',  ( -4.000000000000000000, 0.000000000000000000, 1.600000000000000089 ) ) ;
#2613 = CIRCLE ( 'NONE', #1217, 2.499999999999996003 ) ;
#2614 = ORIENTED_EDGE ( 'NONE', *, *, #338, .F. ) ;
#2615 = LINE ( 'NONE', #567, #2621 ) ;
#2616 = CARTESIAN_POINT ( 'NONE',  ( 0.8499999999999999778, 0.8499999999999998668, 4.404163056034261281 ) ) ;
#2617 = ORIENTED_EDGE ( 'NONE', *, *, #535, .F. ) ;
#2618 = ORIENTED_EDGE ( 'NONE', *, *, #1311, .F. ) ;
#2619 = VECTOR ( 'NONE', #2475, 1000.000000000000000 ) ;
#2620 = APPLICATION_CONTEXT ( 'automotive_design' ) ;
#2621 = VECTOR ( 'NONE', #2464, 1000.000000000000000 ) ;
#2622 = AXIS2_PLACEMENT_3D ( 'NONE', #765, #571, #1609 ) ;
#2623 = EDGE_LOOP ( 'NONE', ( #1530, #1858, #2574, #361 ) ) ;
#2624 = AXIS2_PLACEMENT_3D ( 'NONE', #2212, #1170, #124 ) ;
#2625 = ORIENTED_EDGE ( 'NONE', *, *, #656, .T. ) ;
#2626 = CYLINDRICAL_SURFACE ( 'NONE', #1491, 0.4000000000000001887 ) ;
#2627 = FACE_OUTER_BOUND ( 'NONE', #556, .T. ) ;
#2628 = ORIENTED_EDGE ( 'NONE', *, *, #909, .T. ) ;
#2629 = DIRECTION ( 'NONE',  ( -0.7071067811865520136, 0.000000000000000000, -0.7071067811865431318 ) ) ;
#2630 = EDGE_LOOP ( 'NONE', ( #121, #1766, #3, #755 ) ) ;
#2631 = VERTEX_POINT ( 'NONE', #2315 ) ;
#2632 = B_SPLINE_CURVE_WITH_KNOTS ( 'NONE', 3,
 ( #1842, #1417, #133, #1451 ),
 .UNSPECIFIED., .F., .F.,
 ( 4, 4 ),
 ( 3.679904200040097469E-18, 0.0005758494696607076996 ),
 .UNSPECIFIED. ) ;
#2633 = CIRCLE ( 'NONE', #480, 2.899999999999999467 ) ;
#2634 = AXIS2_PLACEMENT_3D ( 'NONE', #2656, #142, #1629 ) ;
#2635 = EDGE_CURVE ( 'NONE', #1415, #2236, #1077, .T. ) ;
#2636 = ADVANCED_FACE ( 'NONE', ( #1926 ), #424, .F. ) ;
#2637 = EDGE_LOOP ( 'NONE', ( #1534, #1116, #2643, #118 ) ) ;
#2638 = B_SPLINE_CURVE_WITH_KNOTS ( 'NONE', 3,
 ( #10, #889, #2571, #634 ),
 .UNSPECIFIED., .F., .F.,
 ( 4, 4 ),
 ( 4.848699518061080308E-19, 0.0005674604078117347853 ),
 .UNSPECIFIED. ) ;
#2639 = ORIENTED_EDGE ( 'NONE', *, *, #1337, .T. ) ;
#2640 = DIRECTION ( 'NONE',  ( 1.000000000000000000, 0.000000000000000000, 0.000000000000000000 ) ) ;
#2641 = CARTESIAN_POINT ( 'NONE',  ( -3.400000000000000799, -2.899999999999999023, 1.600000000000000089 ) ) ;
#2642 = CARTESIAN_POINT ( 'NONE',  ( -5.200000000000001066, -3.300000000000001599, 1.600000000000000089 ) ) ;
#2643 = ORIENTED_EDGE ( 'NONE', *, *, #2487, .F. ) ;
#2644 = CYLINDRICAL_SURFACE ( 'NONE', #2345, 0.4000000000000001887 ) ;
#2645 = DIRECTION ( 'NONE',  ( 1.000000000000000000, 0.000000000000000000, 0.000000000000000000 ) ) ;
#2646 = VERTEX_POINT ( 'NONE', #1701 ) ;
#2647 = DIRECTION ( 'NONE',  ( 0.000000000000000000, 0.000000000000000000, 1.000000000000000000 ) ) ;
#2648 =( GEOMETRIC_REPRESENTATION_CONTEXT ( 3 ) GLOBAL_UNCERTAINTY_ASSIGNED_CONTEXT ( ( #2059 ) ) GLOBAL_UNIT_ASSIGNED_CONTEXT ( ( #2437, #1619, #180 ) ) REPRESENTATION_CONTEXT ( 'NONE', 'WORKASPACE' ) );
#2649 = DIRECTION ( 'NONE',  ( -0.000000000000000000, -0.000000000000000000, -1.000000000000000000 ) ) ;
#2650 = DIRECTION ( 'NONE',  ( 1.000000000000000000, -0.000000000000000000, -0.000000000000000000 ) ) ;
#2651 = ORIENTED_EDGE ( 'NONE', *, *, #211, .T. ) ;
#2652 = EDGE_LOOP ( 'NONE', ( #544, #1213, #2662, #1438 ) ) ;
#2653 = DIRECTION ( 'NONE',  ( 0.000000000000000000, -1.000000000000000000, 0.000000000000000000 ) ) ;
#2654 = EDGE_CURVE ( 'NONE', #2253, #1352, #872, .T. ) ;
#2655 = CARTESIAN_POINT ( 'NONE',  ( -4.000000000000000000, 0.000000000000000000, 2.000000000000000000 ) ) ;
#2656 = CARTESIAN_POINT ( 'NONE',  ( -2.499999999999994671, -3.300000000000000711, 1.499999999999999556 ) ) ;
#2657 = ORIENTED_EDGE ( 'NONE', *, *, #2400, .F. ) ;
#2658 = LINE ( 'NONE', #1872, #1521 ) ;
#2659 = VECTOR ( 'NONE', #1289, 1000.000000000000000 ) ;
#2660 = FACE_OUTER_BOUND ( 'NONE', #570, .T. ) ;
#2661 = EDGE_CURVE ( 'NONE', #813, #923, #1272, .T. ) ;
#2662 = ORIENTED_EDGE ( 'NONE', *, *, #492, .F. ) ;
#2663 = LINE ( 'NONE', #1811, #1099 ) ;
#2664 = DIRECTION ( 'NONE',  ( 0.000000000000000000, 0.000000000000000000, -1.000000000000000000 ) ) ;
#2665 = CARTESIAN_POINT ( 'NONE',  ( 4.000000000000000000, -2.899999999999999023, 2.000000000000000000 ) ) ;
#2666 = ORIENTED_EDGE ( 'NONE', *, *, #1488, .F. ) ;
#2667 = ORIENTED_EDGE ( 'NONE', *, *, #2349, .F. ) ;
#2668 = CARTESIAN_POINT ( 'NONE',  ( 5.500000000000000000, -1.450000000000000178, -2.000000000000000000 ) ) ;
#2669 = DIRECTION ( 'NONE',  ( -1.000000000000000000, 7.228014483236687681E-16, 0.000000000000000000 ) ) ;
#2670 = AXIS2_PLACEMENT_3D ( 'NONE', #1102, #295, #1572 ) ;
#2671 = DIRECTION ( 'NONE',  ( 1.000000000000000000, 0.000000000000000000, 0.000000000000000000 ) ) ;
#2672 = VERTEX_POINT ( 'NONE', #1689 ) ;
#2673 = CARTESIAN_POINT ( 'NONE',  ( 6.499999999999992006, 0.000000000000000000, 1.599999999999999867 ) ) ;
#2674 = FILL_AREA_STYLE ('',( #1648 ) ) ;
#2675 = EDGE_CURVE ( 'NONE', #1984, #1849, #446, .T. ) ;
#2676 = ORIENTED_EDGE ( 'NONE', *, *, #1624, .F. ) ;
#2677 = CARTESIAN_POINT ( 'NONE',  ( 0.8499999999999999778, 0.8499999999999998668, 0.000000000000000000 ) ) ;
#2678 = CARTESIAN_POINT ( 'NONE',  ( -3.400000000000000355, 2.899999999999999911, 1.600000000000000089 ) ) ;
#2679 = EDGE_CURVE ( 'NONE', #715, #1021, #1568, .T. ) ;
#2680 = ORIENTED_EDGE ( 'NONE', *, *, #1944, .F. ) ;
#2681 = ORIENTED_EDGE ( 'NONE', *, *, #454, .T. ) ;
#2682 = CARTESIAN_POINT ( 'NONE',  ( 1.950000000000000178, -1.449999999999999956, 0.000000000000000000 ) ) ;
#2683 = CARTESIAN_POINT ( 'NONE',  ( -5.099999999999998757, -1.450000000000000178, -2.000000000000000000 ) ) ;
#2684 = DIRECTION ( 'NONE',  ( -1.000000000000000000, 1.084202172485504434E-16, 0.000000000000000000 ) ) ;
#2685 = EDGE_LOOP ( 'NONE', ( #2583, #337, #348, #538, #2207, #1775, #768, #328 ) ) ;
#2686 = DIRECTION ( 'NONE',  ( 1.275531967630005245E-16, 1.000000000000000000, -0.000000000000000000 ) ) ;
#2687 = PLANE ( 'NONE',  #1531 ) ;
#2688 = EDGE_CURVE ( 'NONE', #2222, #1373, #360, .T. ) ;
#2689 = AXIS2_PLACEMENT_3D ( 'NONE', #2565, #2551, #298 ) ;
#2690 = ORIENTED_EDGE ( 'NONE', *, *, #119, .F. ) ;
#2691 = EDGE_CURVE ( 'NONE', #769, #2142, #16, .T. ) ;
#2692 = CARTESIAN_POINT ( 'NONE',  ( 0.8499999999999999778, 0.8499999999999998668, 0.000000000000000000 ) ) ;
#2693 = ADVANCED_FACE ( 'NONE', ( #1382, #1157 ), #2367, .T. ) ;
#2694 = LINE ( 'NONE', #2665, #817 ) ;
#2695 = VECTOR ( 'NONE', #1698, 1000.000000000000000 ) ;
#2696 = EDGE_LOOP ( 'NONE', ( #234, #368, #554, #2499 ) ) ;
#2697 = CARTESIAN_POINT ( 'NONE',  ( -5.099999999999998757, -1.450000000000000178, -1.300000000000000044 ) ) ;
#2698 = LINE ( 'NONE', #1503, #878 ) ;
#2699 = DIRECTION ( 'NONE',  ( 0.000000000000000000, 0.000000000000000000, -1.000000000000000000 ) ) ;
#2700 = DIRECTION ( 'NONE',  ( 0.000000000000000000, 0.000000000000000000, 1.000000000000000000 ) ) ;
#2701 = ORIENTED_EDGE ( 'NONE', *, *, #609, .T. ) ;
#2702 = PLANE ( 'NONE',  #2287 ) ;
#2703 = DIRECTION ( 'NONE',  ( -1.000000000000000000, 1.084202172485504434E-16, 0.000000000000000000 ) ) ;
#2704 = CARTESIAN_POINT ( 'NONE',  ( -5.499999999999999112, 1.449999999999999956, -1.300000000000000044 ) ) ;
#2705 = CARTESIAN_POINT ( 'NONE',  ( -4.000000000000000888, -2.899999999999999467, 2.000000000000000000 ) ) ;
#2706 = VECTOR ( 'NONE', #655, 1000.000000000000000 ) ;
#2707 = ORIENTED_EDGE ( 'NONE', *, *, #609, .F. ) ;
#2708 = DIRECTION ( 'NONE',  ( 0.000000000000000000, 0.000000000000000000, -1.000000000000000000 ) ) ;
#2709 = EDGE_CURVE ( 'NONE', #514, #2208, #2203, .T. ) ;
ENDSEC;
END-ISO-10303-21;
